-- MySQL dump 10.13  Distrib 5.7.23, for macos10.13 (x86_64)
--
-- Host: 127.0.0.1    Database: setohima$Guidance
-- ------------------------------------------------------
-- Server version	5.6.40-log

/*!40101 SET @OLD_CHARACTER_SET_CLIENT=@@CHARACTER_SET_CLIENT */;
/*!40101 SET @OLD_CHARACTER_SET_RESULTS=@@CHARACTER_SET_RESULTS */;
/*!40101 SET @OLD_COLLATION_CONNECTION=@@COLLATION_CONNECTION */;
/*!40101 SET NAMES utf8 */;
/*!40103 SET @OLD_TIME_ZONE=@@TIME_ZONE */;
/*!40103 SET TIME_ZONE='+00:00' */;
/*!40014 SET @OLD_UNIQUE_CHECKS=@@UNIQUE_CHECKS, UNIQUE_CHECKS=0 */;
/*!40014 SET @OLD_FOREIGN_KEY_CHECKS=@@FOREIGN_KEY_CHECKS, FOREIGN_KEY_CHECKS=0 */;
/*!40101 SET @OLD_SQL_MODE=@@SQL_MODE, SQL_MODE='NO_AUTO_VALUE_ON_ZERO' */;
/*!40111 SET @OLD_SQL_NOTES=@@SQL_NOTES, SQL_NOTES=0 */;

--
-- Table structure for table `Guidance_area`
--

DROP TABLE IF EXISTS `Guidance_area`;
/*!40101 SET @saved_cs_client     = @@character_set_client */;
/*!40101 SET character_set_client = utf8 */;
CREATE TABLE `Guidance_area` (
  `id` int(11) NOT NULL,
  `name` varchar(30) NOT NULL,
  `level` int(11) NOT NULL,
  `kind` int(11) NOT NULL,
  UNIQUE KEY `id_pkey` (`id`) USING BTREE
) ENGINE=InnoDB DEFAULT CHARSET=utf8;
/*!40101 SET character_set_client = @saved_cs_client */;

--
-- Dumping data for table `Guidance_area`
--

LOCK TABLES `Guidance_area` WRITE;
/*!40000 ALTER TABLE `Guidance_area` DISABLE KEYS */;
INSERT INTO `Guidance_area` VALUES (1,'森林',1,1),(2,'森林',2,1),(3,'森林',3,1),(4,'森林',4,1),(5,'森林',5,1),(6,'森林',6,1),(7,'森林',7,1),(8,'荒地',1,2),(9,'荒地',2,2),(10,'荒地',3,2),(11,'荒地',4,2),(12,'荒地',5,2),(13,'荒地',6,2),(14,'荒地',7,2),(15,'陸珊瑚',1,3),(16,'陸珊瑚',2,3),(17,'陸珊瑚',3,3),(18,'陸珊瑚',4,3),(19,'陸珊瑚',5,3),(20,'陸珊瑚',6,3),(21,'陸珊瑚',7,3),(22,'瘴気',1,4),(23,'瘴気',2,4),(24,'瘴気',3,4),(25,'瘴気',4,4),(26,'瘴気',5,4),(27,'瘴気',6,4),(28,'瘴気',7,4),(29,'溶岩',1,5),(30,'溶岩',2,5),(31,'溶岩',3,5),(32,'溶岩',4,5),(33,'溶岩',5,5),(34,'溶岩',6,5),(35,'溶岩',7,5),(36,'氷雪',1,6),(37,'氷雪',2,6),(38,'氷雪',3,6),(39,'氷雪',4,6),(40,'氷雪',5,6),(41,'氷雪',6,6),(42,'氷雪',7,6);
/*!40000 ALTER TABLE `Guidance_area` ENABLE KEYS */;
UNLOCK TABLES;

--
-- Table structure for table `auth_group`
--

DROP TABLE IF EXISTS `auth_group`;
/*!40101 SET @saved_cs_client     = @@character_set_client */;
/*!40101 SET character_set_client = utf8 */;
CREATE TABLE `auth_group` (
  `id` int(11) NOT NULL AUTO_INCREMENT,
  `name` varchar(150) NOT NULL,
  PRIMARY KEY (`id`),
  UNIQUE KEY `name` (`name`)
) ENGINE=InnoDB DEFAULT CHARSET=utf8;
/*!40101 SET character_set_client = @saved_cs_client */;

--
-- Dumping data for table `auth_group`
--

LOCK TABLES `auth_group` WRITE;
/*!40000 ALTER TABLE `auth_group` DISABLE KEYS */;
/*!40000 ALTER TABLE `auth_group` ENABLE KEYS */;
UNLOCK TABLES;

--
-- Table structure for table `auth_group_permissions`
--

DROP TABLE IF EXISTS `auth_group_permissions`;
/*!40101 SET @saved_cs_client     = @@character_set_client */;
/*!40101 SET character_set_client = utf8 */;
CREATE TABLE `auth_group_permissions` (
  `id` int(11) NOT NULL AUTO_INCREMENT,
  `group_id` int(11) NOT NULL,
  `permission_id` int(11) NOT NULL,
  PRIMARY KEY (`id`),
  UNIQUE KEY `auth_group_permissions_group_id_permission_id_0cd325b0_uniq` (`group_id`,`permission_id`),
  KEY `auth_group_permissio_permission_id_84c5c92e_fk_auth_perm` (`permission_id`),
  CONSTRAINT `auth_group_permissio_permission_id_84c5c92e_fk_auth_perm` FOREIGN KEY (`permission_id`) REFERENCES `auth_permission` (`id`),
  CONSTRAINT `auth_group_permissions_group_id_b120cbf9_fk_auth_group_id` FOREIGN KEY (`group_id`) REFERENCES `auth_group` (`id`)
) ENGINE=InnoDB DEFAULT CHARSET=utf8;
/*!40101 SET character_set_client = @saved_cs_client */;

--
-- Dumping data for table `auth_group_permissions`
--

LOCK TABLES `auth_group_permissions` WRITE;
/*!40000 ALTER TABLE `auth_group_permissions` DISABLE KEYS */;
/*!40000 ALTER TABLE `auth_group_permissions` ENABLE KEYS */;
UNLOCK TABLES;

--
-- Table structure for table `auth_permission`
--

DROP TABLE IF EXISTS `auth_permission`;
/*!40101 SET @saved_cs_client     = @@character_set_client */;
/*!40101 SET character_set_client = utf8 */;
CREATE TABLE `auth_permission` (
  `id` int(11) NOT NULL AUTO_INCREMENT,
  `name` varchar(255) NOT NULL,
  `content_type_id` int(11) NOT NULL,
  `codename` varchar(100) NOT NULL,
  PRIMARY KEY (`id`),
  UNIQUE KEY `auth_permission_content_type_id_codename_01ab375a_uniq` (`content_type_id`,`codename`),
  CONSTRAINT `auth_permission_content_type_id_2f476e4b_fk_django_co` FOREIGN KEY (`content_type_id`) REFERENCES `django_content_type` (`id`)
) ENGINE=InnoDB AUTO_INCREMENT=77 DEFAULT CHARSET=utf8;
/*!40101 SET character_set_client = @saved_cs_client */;

--
-- Dumping data for table `auth_permission`
--

LOCK TABLES `auth_permission` WRITE;
/*!40000 ALTER TABLE `auth_permission` DISABLE KEYS */;
INSERT INTO `auth_permission` VALUES (1,'Can add log entry',1,'add_logentry'),(2,'Can change log entry',1,'change_logentry'),(3,'Can delete log entry',1,'delete_logentry'),(4,'Can view log entry',1,'view_logentry'),(5,'Can add permission',2,'add_permission'),(6,'Can change permission',2,'change_permission'),(7,'Can delete permission',2,'delete_permission'),(8,'Can view permission',2,'view_permission'),(9,'Can add group',3,'add_group'),(10,'Can change group',3,'change_group'),(11,'Can delete group',3,'delete_group'),(12,'Can view group',3,'view_group'),(13,'Can add user',4,'add_user'),(14,'Can change user',4,'change_user'),(15,'Can delete user',4,'delete_user'),(16,'Can view user',4,'view_user'),(17,'Can add content type',5,'add_contenttype'),(18,'Can change content type',5,'change_contenttype'),(19,'Can delete content type',5,'delete_contenttype'),(20,'Can view content type',5,'view_contenttype'),(21,'Can add session',6,'add_session'),(22,'Can change session',6,'change_session'),(23,'Can delete session',6,'delete_session'),(24,'Can view session',6,'view_session'),(25,'Can add guidance area',7,'add_guidancearea'),(26,'Can change guidance area',7,'change_guidancearea'),(27,'Can delete guidance area',7,'delete_guidancearea'),(28,'Can view guidance area',7,'view_guidancearea'),(29,'Can add monsters',8,'add_monsters'),(30,'Can change monsters',8,'change_monsters'),(31,'Can delete monsters',8,'delete_monsters'),(32,'Can view monsters',8,'view_monsters'),(33,'Can add reference custom rare monsters',9,'add_referencecustomraremonsters'),(34,'Can change reference custom rare monsters',9,'change_referencecustomraremonsters'),(35,'Can delete reference custom rare monsters',9,'delete_referencecustomraremonsters'),(36,'Can view reference custom rare monsters',9,'view_referencecustomraremonsters'),(37,'Can add reference monsters area',10,'add_referencemonstersarea'),(38,'Can change reference monsters area',10,'change_referencemonstersarea'),(39,'Can delete reference monsters area',10,'delete_referencemonstersarea'),(40,'Can view reference monsters area',10,'view_referencemonstersarea'),(41,'Can add reference parts wepname monsters',11,'add_referencepartswepnamemonsters'),(42,'Can change reference parts wepname monsters',11,'change_referencepartswepnamemonsters'),(43,'Can delete reference parts wepname monsters',11,'delete_referencepartswepnamemonsters'),(44,'Can view reference parts wepname monsters',11,'view_referencepartswepnamemonsters'),(45,'Can add reference upgrade materials',12,'add_referenceupgradematerials'),(46,'Can change reference upgrade materials',12,'change_referenceupgradematerials'),(47,'Can delete reference upgrade materials',12,'delete_referenceupgradematerials'),(48,'Can view reference upgrade materials',12,'view_referenceupgradematerials'),(49,'Can add reference weapons frame',13,'add_referenceweaponsframe'),(50,'Can change reference weapons frame',13,'change_referenceweaponsframe'),(51,'Can delete reference weapons frame',13,'delete_referenceweaponsframe'),(52,'Can view reference weapons frame',13,'view_referenceweaponsframe'),(53,'Can add weapons custom',14,'add_weaponscustom'),(54,'Can change weapons custom',14,'change_weaponscustom'),(55,'Can delete weapons custom',14,'delete_weaponscustom'),(56,'Can view weapons custom',14,'view_weaponscustom'),(57,'Can add weapons name',15,'add_weaponsname'),(58,'Can change weapons name',15,'change_weaponsname'),(59,'Can delete weapons name',15,'delete_weaponsname'),(60,'Can view weapons name',15,'view_weaponsname'),(61,'Can add weapons parts effect',16,'add_weaponspartseffect'),(62,'Can change weapons parts effect',16,'change_weaponspartseffect'),(63,'Can delete weapons parts effect',16,'delete_weaponspartseffect'),(64,'Can view weapons parts effect',16,'view_weaponspartseffect'),(65,'Can add weapons rare',17,'add_weaponsrare'),(66,'Can change weapons rare',17,'change_weaponsrare'),(67,'Can delete weapons rare',17,'delete_weaponsrare'),(68,'Can view weapons rare',17,'view_weaponsrare'),(69,'Can add weapons upgrade',18,'add_weaponsupgrade'),(70,'Can change weapons upgrade',18,'change_weaponsupgrade'),(71,'Can delete weapons upgrade',18,'delete_weaponsupgrade'),(72,'Can view weapons upgrade',18,'view_weaponsupgrade'),(73,'Can add guidance sendsearch log',19,'add_guidancesendsearchlog'),(74,'Can change guidance sendsearch log',19,'change_guidancesendsearchlog'),(75,'Can delete guidance sendsearch log',19,'delete_guidancesendsearchlog'),(76,'Can view guidance sendsearch log',19,'view_guidancesendsearchlog');
/*!40000 ALTER TABLE `auth_permission` ENABLE KEYS */;
UNLOCK TABLES;

--
-- Table structure for table `auth_user`
--

DROP TABLE IF EXISTS `auth_user`;
/*!40101 SET @saved_cs_client     = @@character_set_client */;
/*!40101 SET character_set_client = utf8 */;
CREATE TABLE `auth_user` (
  `id` int(11) NOT NULL AUTO_INCREMENT,
  `password` varchar(128) NOT NULL,
  `last_login` datetime(6) DEFAULT NULL,
  `is_superuser` tinyint(1) NOT NULL,
  `username` varchar(150) NOT NULL,
  `first_name` varchar(30) NOT NULL,
  `last_name` varchar(150) NOT NULL,
  `email` varchar(254) NOT NULL,
  `is_staff` tinyint(1) NOT NULL,
  `is_active` tinyint(1) NOT NULL,
  `date_joined` datetime(6) NOT NULL,
  PRIMARY KEY (`id`),
  UNIQUE KEY `username` (`username`)
) ENGINE=InnoDB DEFAULT CHARSET=utf8;
/*!40101 SET character_set_client = @saved_cs_client */;

--
-- Dumping data for table `auth_user`
--

LOCK TABLES `auth_user` WRITE;
/*!40000 ALTER TABLE `auth_user` DISABLE KEYS */;
/*!40000 ALTER TABLE `auth_user` ENABLE KEYS */;
UNLOCK TABLES;

--
-- Table structure for table `auth_user_groups`
--

DROP TABLE IF EXISTS `auth_user_groups`;
/*!40101 SET @saved_cs_client     = @@character_set_client */;
/*!40101 SET character_set_client = utf8 */;
CREATE TABLE `auth_user_groups` (
  `id` int(11) NOT NULL AUTO_INCREMENT,
  `user_id` int(11) NOT NULL,
  `group_id` int(11) NOT NULL,
  PRIMARY KEY (`id`),
  UNIQUE KEY `auth_user_groups_user_id_group_id_94350c0c_uniq` (`user_id`,`group_id`),
  KEY `auth_user_groups_group_id_97559544_fk_auth_group_id` (`group_id`),
  CONSTRAINT `auth_user_groups_group_id_97559544_fk_auth_group_id` FOREIGN KEY (`group_id`) REFERENCES `auth_group` (`id`),
  CONSTRAINT `auth_user_groups_user_id_6a12ed8b_fk_auth_user_id` FOREIGN KEY (`user_id`) REFERENCES `auth_user` (`id`)
) ENGINE=InnoDB DEFAULT CHARSET=utf8;
/*!40101 SET character_set_client = @saved_cs_client */;

--
-- Dumping data for table `auth_user_groups`
--

LOCK TABLES `auth_user_groups` WRITE;
/*!40000 ALTER TABLE `auth_user_groups` DISABLE KEYS */;
/*!40000 ALTER TABLE `auth_user_groups` ENABLE KEYS */;
UNLOCK TABLES;

--
-- Table structure for table `auth_user_user_permissions`
--

DROP TABLE IF EXISTS `auth_user_user_permissions`;
/*!40101 SET @saved_cs_client     = @@character_set_client */;
/*!40101 SET character_set_client = utf8 */;
CREATE TABLE `auth_user_user_permissions` (
  `id` int(11) NOT NULL AUTO_INCREMENT,
  `user_id` int(11) NOT NULL,
  `permission_id` int(11) NOT NULL,
  PRIMARY KEY (`id`),
  UNIQUE KEY `auth_user_user_permissions_user_id_permission_id_14a6b632_uniq` (`user_id`,`permission_id`),
  KEY `auth_user_user_permi_permission_id_1fbb5f2c_fk_auth_perm` (`permission_id`),
  CONSTRAINT `auth_user_user_permi_permission_id_1fbb5f2c_fk_auth_perm` FOREIGN KEY (`permission_id`) REFERENCES `auth_permission` (`id`),
  CONSTRAINT `auth_user_user_permissions_user_id_a95ead1b_fk_auth_user_id` FOREIGN KEY (`user_id`) REFERENCES `auth_user` (`id`)
) ENGINE=InnoDB DEFAULT CHARSET=utf8;
/*!40101 SET character_set_client = @saved_cs_client */;

--
-- Dumping data for table `auth_user_user_permissions`
--

LOCK TABLES `auth_user_user_permissions` WRITE;
/*!40000 ALTER TABLE `auth_user_user_permissions` DISABLE KEYS */;
/*!40000 ALTER TABLE `auth_user_user_permissions` ENABLE KEYS */;
UNLOCK TABLES;

--
-- Table structure for table `django_admin_log`
--

DROP TABLE IF EXISTS `django_admin_log`;
/*!40101 SET @saved_cs_client     = @@character_set_client */;
/*!40101 SET character_set_client = utf8 */;
CREATE TABLE `django_admin_log` (
  `id` int(11) NOT NULL AUTO_INCREMENT,
  `action_time` datetime(6) NOT NULL,
  `object_id` longtext,
  `object_repr` varchar(200) NOT NULL,
  `action_flag` smallint(5) unsigned NOT NULL,
  `change_message` longtext NOT NULL,
  `content_type_id` int(11) DEFAULT NULL,
  `user_id` int(11) NOT NULL,
  PRIMARY KEY (`id`),
  KEY `django_admin_log_content_type_id_c4bce8eb_fk_django_co` (`content_type_id`),
  KEY `django_admin_log_user_id_c564eba6_fk_auth_user_id` (`user_id`),
  CONSTRAINT `django_admin_log_content_type_id_c4bce8eb_fk_django_co` FOREIGN KEY (`content_type_id`) REFERENCES `django_content_type` (`id`),
  CONSTRAINT `django_admin_log_user_id_c564eba6_fk_auth_user_id` FOREIGN KEY (`user_id`) REFERENCES `auth_user` (`id`)
) ENGINE=InnoDB DEFAULT CHARSET=utf8;
/*!40101 SET character_set_client = @saved_cs_client */;

--
-- Dumping data for table `django_admin_log`
--

LOCK TABLES `django_admin_log` WRITE;
/*!40000 ALTER TABLE `django_admin_log` DISABLE KEYS */;
/*!40000 ALTER TABLE `django_admin_log` ENABLE KEYS */;
UNLOCK TABLES;

--
-- Table structure for table `django_content_type`
--

DROP TABLE IF EXISTS `django_content_type`;
/*!40101 SET @saved_cs_client     = @@character_set_client */;
/*!40101 SET character_set_client = utf8 */;
CREATE TABLE `django_content_type` (
  `id` int(11) NOT NULL AUTO_INCREMENT,
  `app_label` varchar(100) NOT NULL,
  `model` varchar(100) NOT NULL,
  PRIMARY KEY (`id`),
  UNIQUE KEY `django_content_type_app_label_model_76bd3d3b_uniq` (`app_label`,`model`)
) ENGINE=InnoDB AUTO_INCREMENT=20 DEFAULT CHARSET=utf8;
/*!40101 SET character_set_client = @saved_cs_client */;

--
-- Dumping data for table `django_content_type`
--

LOCK TABLES `django_content_type` WRITE;
/*!40000 ALTER TABLE `django_content_type` DISABLE KEYS */;
INSERT INTO `django_content_type` VALUES (1,'admin','logentry'),(3,'auth','group'),(2,'auth','permission'),(4,'auth','user'),(5,'contenttypes','contenttype'),(7,'guidance_emu','guidancearea'),(19,'guidance_emu','guidancesendsearchlog'),(8,'guidance_emu','monsters'),(9,'guidance_emu','referencecustomraremonsters'),(10,'guidance_emu','referencemonstersarea'),(11,'guidance_emu','referencepartswepnamemonsters'),(12,'guidance_emu','referenceupgradematerials'),(13,'guidance_emu','referenceweaponsframe'),(14,'guidance_emu','weaponscustom'),(15,'guidance_emu','weaponsname'),(16,'guidance_emu','weaponspartseffect'),(17,'guidance_emu','weaponsrare'),(18,'guidance_emu','weaponsupgrade'),(6,'sessions','session');
/*!40000 ALTER TABLE `django_content_type` ENABLE KEYS */;
UNLOCK TABLES;

--
-- Table structure for table `django_migrations`
--

DROP TABLE IF EXISTS `django_migrations`;
/*!40101 SET @saved_cs_client     = @@character_set_client */;
/*!40101 SET character_set_client = utf8 */;
CREATE TABLE `django_migrations` (
  `id` int(11) NOT NULL AUTO_INCREMENT,
  `app` varchar(255) NOT NULL,
  `name` varchar(255) NOT NULL,
  `applied` datetime(6) NOT NULL,
  PRIMARY KEY (`id`)
) ENGINE=InnoDB AUTO_INCREMENT=20 DEFAULT CHARSET=utf8;
/*!40101 SET character_set_client = @saved_cs_client */;

--
-- Dumping data for table `django_migrations`
--

LOCK TABLES `django_migrations` WRITE;
/*!40000 ALTER TABLE `django_migrations` DISABLE KEYS */;
INSERT INTO `django_migrations` VALUES (1,'contenttypes','0001_initial','2019-12-22 08:11:36.642140'),(2,'auth','0001_initial','2019-12-22 08:13:08.525538'),(3,'admin','0001_initial','2019-12-22 08:13:38.958820'),(4,'admin','0002_logentry_remove_auto_add','2019-12-22 08:13:39.132829'),(5,'admin','0003_logentry_add_action_flag_choices','2019-12-22 08:13:39.143724'),(6,'contenttypes','0002_remove_content_type_name','2019-12-22 08:13:39.247514'),(7,'auth','0002_alter_permission_name_max_length','2019-12-22 08:13:39.291408'),(8,'auth','0003_alter_user_email_max_length','2019-12-22 08:13:39.341805'),(9,'auth','0004_alter_user_username_opts','2019-12-22 08:13:39.357648'),(10,'auth','0005_alter_user_last_login_null','2019-12-22 08:13:39.433179'),(11,'auth','0006_require_contenttypes_0002','2019-12-22 08:13:39.438879'),(12,'auth','0007_alter_validators_add_error_messages','2019-12-22 08:13:39.450896'),(13,'auth','0008_alter_user_username_max_length','2019-12-22 08:13:39.525525'),(14,'auth','0009_alter_user_last_name_max_length','2019-12-22 08:13:39.596841'),(15,'auth','0010_alter_group_name_max_length','2019-12-22 08:13:39.647426'),(16,'auth','0011_update_proxy_permissions','2019-12-22 08:13:39.662434'),(17,'guidance_emu','0001_initial','2019-12-22 08:13:39.681696'),(18,'sessions','0001_initial','2019-12-22 08:13:50.420574'),(19,'guidance_emu','0002_guidancesendsearchlog','2019-12-24 12:56:48.015671');
/*!40000 ALTER TABLE `django_migrations` ENABLE KEYS */;
UNLOCK TABLES;

--
-- Table structure for table `django_session`
--

DROP TABLE IF EXISTS `django_session`;
/*!40101 SET @saved_cs_client     = @@character_set_client */;
/*!40101 SET character_set_client = utf8 */;
CREATE TABLE `django_session` (
  `session_key` varchar(40) NOT NULL,
  `session_data` longtext NOT NULL,
  `expire_date` datetime(6) NOT NULL,
  PRIMARY KEY (`session_key`),
  KEY `django_session_expire_date_a5c62663` (`expire_date`)
) ENGINE=InnoDB DEFAULT CHARSET=utf8;
/*!40101 SET character_set_client = @saved_cs_client */;

--
-- Dumping data for table `django_session`
--

LOCK TABLES `django_session` WRITE;
/*!40000 ALTER TABLE `django_session` DISABLE KEYS */;
/*!40000 ALTER TABLE `django_session` ENABLE KEYS */;
UNLOCK TABLES;

--
-- Table structure for table `guidance_sendsearch_log`
--

DROP TABLE IF EXISTS `guidance_sendsearch_log`;
/*!40101 SET @saved_cs_client     = @@character_set_client */;
/*!40101 SET character_set_client = utf8 */;
CREATE TABLE `guidance_sendsearch_log` (
  `id` bigint(20) unsigned NOT NULL AUTO_INCREMENT,
  `weapons_name_id` int(11) DEFAULT NULL,
  `weapons_parts_effect_id_1st` int(11) DEFAULT NULL,
  `weapons_parts_effect_id_2nd` int(11) DEFAULT NULL,
  `weapons_parts_effect_id_3rd` int(11) DEFAULT NULL,
  `weapons_parts_effect_id_4th` int(11) DEFAULT NULL,
  `weapons_parts_effect_id_5th` int(11) DEFAULT NULL,
  `weapons_parts_effect_id_6th` int(11) DEFAULT NULL,
  `weapons_parts_effect_id_7th` int(11) DEFAULT NULL,
  `weapons_rare_id` int(11) DEFAULT NULL,
  `weapons_upgrade_id` int(11) DEFAULT NULL,
  `weapons_custom_id_atk` int(11) DEFAULT NULL,
  `weapons_custom_id_crit` int(11) DEFAULT NULL,
  `weapons_custom_id_block` int(11) DEFAULT NULL,
  `weapons_custom_id_cure` int(11) DEFAULT NULL,
  `weapons_custom_id_attr` int(11) DEFAULT NULL,
  `weapons_custom_id_slot` int(11) DEFAULT '0',
  `user_id_address` varchar(255) DEFAULT NULL,
  `sendsearch_date` datetime DEFAULT NULL,
  PRIMARY KEY (`id`),
  UNIQUE KEY `id` (`id`),
  KEY `weapons_name_id` (`weapons_name_id`),
  KEY `weapons_parts_effect_id_1st` (`weapons_parts_effect_id_1st`),
  KEY `weapons_parts_effect_id_2nd` (`weapons_parts_effect_id_2nd`),
  KEY `weapons_parts_effect_id_3rd` (`weapons_parts_effect_id_3rd`),
  KEY `weapons_parts_effect_id_4th` (`weapons_parts_effect_id_4th`),
  KEY `weapons_parts_effect_id_5th` (`weapons_parts_effect_id_5th`),
  KEY `weapons_parts_effect_id_6th` (`weapons_parts_effect_id_6th`),
  KEY `weapons_parts_effect_id_7th` (`weapons_parts_effect_id_7th`),
  KEY `weapons_rare_id` (`weapons_rare_id`),
  KEY `weapons_upgrade_id` (`weapons_upgrade_id`),
  KEY `weapons_custom_id_atk` (`weapons_custom_id_atk`),
  KEY `weapons_custom_id_crit` (`weapons_custom_id_crit`),
  KEY `weapons_custom_id_block` (`weapons_custom_id_block`),
  KEY `weapons_custom_id_cure` (`weapons_custom_id_cure`),
  KEY `weapons_custom_id_attr` (`weapons_custom_id_attr`),
  KEY `weapons_custom_id_slot` (`weapons_custom_id_slot`),
  CONSTRAINT `guidance_sendsearch_log_ibfk_1` FOREIGN KEY (`weapons_name_id`) REFERENCES `weapons_name` (`id`),
  CONSTRAINT `guidance_sendsearch_log_ibfk_10` FOREIGN KEY (`weapons_upgrade_id`) REFERENCES `weapons_upgrade` (`id`),
  CONSTRAINT `guidance_sendsearch_log_ibfk_11` FOREIGN KEY (`weapons_custom_id_atk`) REFERENCES `weapons_custom` (`id`),
  CONSTRAINT `guidance_sendsearch_log_ibfk_12` FOREIGN KEY (`weapons_custom_id_crit`) REFERENCES `weapons_custom` (`id`),
  CONSTRAINT `guidance_sendsearch_log_ibfk_13` FOREIGN KEY (`weapons_custom_id_block`) REFERENCES `weapons_custom` (`id`),
  CONSTRAINT `guidance_sendsearch_log_ibfk_14` FOREIGN KEY (`weapons_custom_id_cure`) REFERENCES `weapons_custom` (`id`),
  CONSTRAINT `guidance_sendsearch_log_ibfk_15` FOREIGN KEY (`weapons_custom_id_attr`) REFERENCES `weapons_custom` (`id`),
  CONSTRAINT `guidance_sendsearch_log_ibfk_16` FOREIGN KEY (`weapons_custom_id_slot`) REFERENCES `weapons_custom` (`id`),
  CONSTRAINT `guidance_sendsearch_log_ibfk_2` FOREIGN KEY (`weapons_parts_effect_id_1st`) REFERENCES `weapons_parts_effect` (`id`),
  CONSTRAINT `guidance_sendsearch_log_ibfk_3` FOREIGN KEY (`weapons_parts_effect_id_2nd`) REFERENCES `weapons_parts_effect` (`id`),
  CONSTRAINT `guidance_sendsearch_log_ibfk_4` FOREIGN KEY (`weapons_parts_effect_id_3rd`) REFERENCES `weapons_parts_effect` (`id`),
  CONSTRAINT `guidance_sendsearch_log_ibfk_5` FOREIGN KEY (`weapons_parts_effect_id_4th`) REFERENCES `weapons_parts_effect` (`id`),
  CONSTRAINT `guidance_sendsearch_log_ibfk_6` FOREIGN KEY (`weapons_parts_effect_id_5th`) REFERENCES `weapons_parts_effect` (`id`),
  CONSTRAINT `guidance_sendsearch_log_ibfk_7` FOREIGN KEY (`weapons_parts_effect_id_6th`) REFERENCES `weapons_parts_effect` (`id`),
  CONSTRAINT `guidance_sendsearch_log_ibfk_8` FOREIGN KEY (`weapons_parts_effect_id_7th`) REFERENCES `weapons_parts_effect` (`id`),
  CONSTRAINT `guidance_sendsearch_log_ibfk_9` FOREIGN KEY (`weapons_rare_id`) REFERENCES `weapons_rare` (`id`)
) ENGINE=InnoDB AUTO_INCREMENT=1664 DEFAULT CHARSET=utf8;
/*!40101 SET character_set_client = @saved_cs_client */;

--
-- Dumping data for table `guidance_sendsearch_log`
--

LOCK TABLES `guidance_sendsearch_log` WRITE;
/*!40000 ALTER TABLE `guidance_sendsearch_log` DISABLE KEYS */;
INSERT INTO `guidance_sendsearch_log` VALUES (4,1,0,0,0,0,0,0,0,1,1,0,0,0,0,0,0,'(\'122.22.200.35\', True)','2019-12-24 13:00:34'),(5,1,0,0,0,0,0,0,0,1,1,0,0,0,0,0,0,'(\'122.22.200.35\', True)','2019-12-24 13:01:40'),(6,9,0,0,0,0,0,0,0,3,4,0,0,0,20,0,0,'(\'115.36.187.53\', True)','2019-12-24 13:04:25'),(7,4,8,9,10,11,0,0,0,3,1,0,0,0,18,0,0,'(\'121.86.202.193\', True)','2019-12-24 13:05:26'),(8,13,0,0,0,0,0,0,0,3,4,0,0,0,17,21,0,'(\'126.193.113.27\', True)','2019-12-24 13:10:15'),(9,1,0,0,0,0,0,0,0,3,4,0,5,0,17,21,0,'(\'115.36.143.58\', True)','2019-12-24 13:10:21'),(10,3,1,0,0,0,0,0,0,3,1,0,0,0,17,0,0,'(\'223.219.225.68\', True)','2019-12-24 13:11:22'),(11,13,0,0,0,0,0,0,0,1,1,0,0,0,17,0,0,'(\'114.142.8.71\', True)','2019-12-24 13:12:20'),(12,13,0,0,0,0,0,0,0,3,1,0,0,0,17,0,0,'(\'114.142.8.71\', True)','2019-12-24 13:12:31'),(13,10,22,23,24,25,26,27,29,1,4,0,0,0,17,24,0,'(\'124.140.60.124\', True)','2019-12-24 13:18:08'),(14,4,0,0,0,0,0,0,0,3,4,0,5,0,17,0,0,'(\'126.77.108.249\', True)','2019-12-24 13:25:53'),(15,4,0,0,0,0,0,0,0,3,4,0,6,0,17,0,0,'(\'126.77.108.249\', True)','2019-12-24 13:26:15'),(16,11,0,0,0,0,0,0,0,1,1,0,0,0,0,0,0,'(\'27.253.251.140\', True)','2019-12-24 13:27:04'),(17,11,8,23,3,0,0,0,0,1,1,0,0,0,20,24,0,'(\'27.253.251.140\', True)','2019-12-24 13:27:54'),(18,14,22,0,0,0,0,0,0,1,1,0,0,0,0,22,0,'(\'126.243.23.203\', True)','2019-12-24 13:28:46'),(19,7,0,0,0,0,0,0,0,2,1,0,0,9,17,0,0,'(\'125.204.10.116\', True)','2019-12-24 13:33:31'),(20,4,0,0,0,0,0,0,0,3,2,1,0,0,0,0,0,'(\'221.191.162.173\', True)','2019-12-24 13:33:59'),(21,8,15,2,17,4,19,0,0,2,1,0,0,9,17,0,0,'(\'125.204.10.116\', True)','2019-12-24 13:34:30'),(22,3,0,0,0,0,0,0,0,3,1,0,0,0,17,0,0,'(\'119.26.155.139\', True)','2019-12-24 13:49:35'),(23,6,8,0,0,0,0,0,0,3,1,0,0,0,0,0,0,'(\'60.134.193.65\', True)','2019-12-24 13:59:42'),(24,1,1,0,0,0,0,0,0,1,2,0,0,0,0,0,0,'(\'125.206.24.1\', True)','2019-12-24 14:00:38'),(25,14,8,0,0,0,0,0,0,3,1,0,0,0,0,0,0,'(\'49.104.6.97\', True)','2019-12-24 14:01:17'),(26,14,8,0,0,0,0,0,0,3,1,0,0,0,18,0,0,'(\'49.104.6.97\', True)','2019-12-24 14:01:35'),(27,14,0,0,0,0,0,0,0,1,4,0,0,0,0,0,0,'(\'60.67.57.209\', True)','2019-12-24 14:16:24'),(28,14,0,0,0,0,0,0,0,1,3,0,0,0,0,0,0,'(\'60.67.57.209\', True)','2019-12-24 14:17:01'),(29,12,0,0,0,0,0,0,0,3,1,0,0,0,17,22,0,'(\'126.204.235.239\', True)','2019-12-24 14:17:58'),(30,1,0,0,0,0,0,0,0,1,1,0,0,0,0,0,0,'(\'126.193.43.176\', True)','2019-12-24 14:23:04'),(31,9,0,0,0,0,0,0,0,3,1,0,0,0,0,0,0,'(\'106.133.165.163\', True)','2019-12-24 14:23:04'),(32,9,0,0,0,0,0,0,0,3,1,0,5,0,17,0,0,'(\'106.133.165.163\', True)','2019-12-24 14:23:22'),(33,4,0,0,0,0,0,0,0,3,4,0,5,0,17,0,0,'(\'126.193.43.176\', True)','2019-12-24 14:23:51'),(34,7,0,0,0,0,0,0,0,3,4,0,5,0,17,0,0,'(\'126.193.43.176\', True)','2019-12-24 14:24:21'),(35,11,0,0,0,0,0,0,0,3,4,0,5,0,17,0,0,'(\'126.193.43.176\', True)','2019-12-24 14:24:35'),(36,12,0,0,0,0,0,0,0,3,4,0,5,0,17,0,0,'(\'126.193.43.176\', True)','2019-12-24 14:24:42'),(37,13,1,0,0,0,0,0,0,1,1,0,0,0,0,0,0,'(\'220.109.57.124\', True)','2019-12-24 14:24:45'),(38,13,0,0,0,0,0,0,0,3,4,0,5,0,17,0,0,'(\'126.193.43.176\', True)','2019-12-24 14:24:50'),(39,14,0,0,0,0,0,0,0,3,4,0,5,0,17,0,0,'(\'126.193.43.176\', True)','2019-12-24 14:24:56'),(40,14,0,0,0,0,0,0,0,2,4,0,5,0,17,0,0,'(\'126.193.43.176\', True)','2019-12-24 14:25:21'),(41,13,0,0,0,0,0,0,0,2,4,0,5,0,17,0,0,'(\'126.193.43.176\', True)','2019-12-24 14:25:31'),(42,11,0,0,0,0,0,0,0,2,4,0,5,0,17,0,0,'(\'126.193.43.176\', True)','2019-12-24 14:25:39'),(43,7,0,0,0,0,0,0,0,2,4,0,5,0,17,0,0,'(\'126.193.43.176\', True)','2019-12-24 14:25:47'),(44,4,0,0,0,0,0,0,0,2,4,0,5,0,17,0,0,'(\'126.193.43.176\', True)','2019-12-24 14:25:54'),(45,1,0,0,0,0,0,0,0,3,1,0,0,0,0,23,0,'(\'60.153.130.18\', True)','2019-12-24 14:25:55'),(46,4,0,0,0,0,0,0,0,1,1,0,5,0,17,0,0,'(\'126.193.43.176\', True)','2019-12-24 14:26:13'),(47,7,0,0,0,0,0,0,0,1,1,0,5,0,17,0,0,'(\'126.193.43.176\', True)','2019-12-24 14:26:22'),(48,11,0,0,0,0,0,0,0,1,1,0,5,0,17,0,0,'(\'126.193.43.176\', True)','2019-12-24 14:26:33'),(49,4,0,0,0,0,0,0,0,3,4,0,5,0,17,0,0,'(\'126.193.43.176\', True)','2019-12-24 14:26:49'),(50,8,0,0,0,0,0,0,0,3,1,0,0,0,0,0,0,'(\'58.183.201.11\', True)','2019-12-24 14:27:26'),(51,14,0,0,0,0,0,0,0,1,1,0,0,0,0,0,0,'(\'60.42.176.132\', True)','2019-12-24 14:31:46'),(52,14,1,0,0,0,0,0,0,1,1,0,0,0,0,0,0,'(\'60.42.176.132\', True)','2019-12-24 14:31:55'),(53,14,1,2,0,0,0,0,0,1,1,0,0,0,0,0,0,'(\'60.42.176.132\', True)','2019-12-24 14:32:08'),(54,9,0,0,0,0,26,27,0,1,1,0,0,9,17,23,0,'(\'60.126.22.69\', True)','2019-12-24 14:39:37'),(55,1,0,0,0,0,0,0,0,3,1,0,0,0,0,24,0,'(\'220.254.1.169\', True)','2019-12-24 14:40:39'),(56,11,1,2,3,0,0,0,0,1,1,0,0,0,0,0,0,'(\'60.150.89.239\', True)','2019-12-24 14:42:14'),(57,11,1,2,3,0,0,0,0,1,1,0,0,0,19,0,0,'(\'60.150.89.239\', True)','2019-12-24 14:42:39'),(58,11,1,2,3,0,0,0,0,1,1,0,0,0,19,0,0,'(\'60.150.89.239\', True)','2019-12-24 14:50:41'),(59,11,1,2,3,0,0,0,0,3,1,0,0,0,20,0,0,'(\'60.150.89.239\', True)','2019-12-24 14:51:15'),(60,11,0,0,0,0,0,0,0,3,4,4,0,0,20,0,0,'(\'60.150.89.239\', True)','2019-12-24 14:52:03'),(61,2,0,0,0,0,0,0,0,3,1,0,0,0,17,0,0,'(\'110.4.182.202\', True)','2019-12-24 15:00:35'),(62,2,0,0,0,0,0,0,0,3,1,0,0,0,17,0,0,'(\'110.4.182.202\', True)','2019-12-24 15:06:28'),(63,7,0,0,0,0,0,0,0,3,1,0,0,0,0,0,0,'(\'221.240.44.170\', True)','2019-12-24 15:36:26'),(64,7,0,0,0,0,0,0,0,3,4,2,0,0,17,0,0,'(\'221.240.44.170\', True)','2019-12-24 15:36:54'),(65,7,0,0,0,0,0,0,0,2,4,2,0,0,17,0,0,'(\'221.240.44.170\', True)','2019-12-24 15:37:09'),(66,7,0,0,0,0,0,0,0,3,4,2,0,0,17,0,0,'(\'221.240.44.170\', True)','2019-12-24 15:37:23'),(67,7,0,0,0,0,0,0,0,1,4,0,0,0,17,0,0,'(\'221.240.44.170\', True)','2019-12-24 15:38:42'),(68,7,0,0,0,0,0,0,0,1,4,0,0,0,0,0,0,'(\'221.240.44.170\', True)','2019-12-24 15:39:04'),(69,3,0,0,0,0,0,0,0,3,3,0,0,0,0,0,0,'(\'49.98.159.185\', True)','2019-12-24 15:45:33'),(70,3,0,0,0,0,0,0,0,3,4,0,0,0,0,0,0,'(\'49.98.159.185\', True)','2019-12-24 15:46:22'),(71,6,0,0,0,0,0,0,0,3,1,0,0,0,17,0,0,'(\'106.130.210.123\', True)','2019-12-24 16:00:12'),(72,13,0,0,0,0,0,0,0,3,4,0,0,0,17,22,0,'(\'60.98.142.127\', True)','2019-12-24 16:00:22'),(73,6,0,9,0,0,0,0,0,3,2,0,0,0,17,0,0,'(\'106.130.210.123\', True)','2019-12-24 16:01:40'),(74,13,1,2,3,4,5,6,7,1,4,4,0,0,0,0,0,'(\'126.75.153.5\', True)','2019-12-24 16:04:41'),(75,11,1,0,0,0,0,0,0,3,1,0,0,0,0,0,0,'(\'27.139.154.45\', True)','2019-12-24 16:05:32'),(76,2,22,23,24,25,26,27,28,1,4,0,0,0,0,24,0,'(\'220.10.237.251\', True)','2019-12-24 16:10:51'),(77,6,0,0,0,0,0,0,0,1,1,0,0,0,17,0,0,'(\'27.138.224.249\', True)','2019-12-24 16:11:37'),(78,6,15,0,0,0,0,0,0,1,2,0,0,0,17,0,0,'(\'27.138.224.249\', True)','2019-12-24 16:12:10'),(79,6,0,0,0,0,0,0,0,1,4,0,0,0,17,0,0,'(\'27.138.224.249\', True)','2019-12-24 16:13:13'),(80,6,0,0,0,0,0,0,0,1,4,0,0,0,0,0,0,'(\'27.138.224.249\', True)','2019-12-24 16:13:26'),(81,11,22,23,24,25,26,27,28,3,4,0,5,0,17,21,0,'(\'60.138.252.177\', True)','2019-12-24 16:27:55'),(82,2,0,0,0,0,0,0,0,2,1,0,0,0,0,0,0,'(\'103.198.215.23\', True)','2019-12-24 17:31:06'),(83,2,0,0,0,0,0,0,0,2,1,0,0,0,17,0,0,'(\'103.198.215.23\', True)','2019-12-24 17:31:22'),(84,2,0,0,0,0,0,0,0,2,1,0,0,0,17,21,0,'(\'103.198.215.23\', True)','2019-12-24 17:32:28'),(85,1,0,0,0,0,0,0,0,3,4,0,5,0,17,0,0,'(\'122.133.30.124\', True)','2019-12-24 17:33:53'),(86,1,0,0,0,0,0,0,0,3,4,0,5,0,17,21,0,'(\'122.133.30.124\', True)','2019-12-24 17:34:06'),(87,2,0,0,0,0,0,0,0,1,4,0,0,0,17,24,0,'(\'103.198.215.23\', True)','2019-12-24 17:34:32'),(88,2,0,0,0,0,0,0,0,1,2,0,0,0,0,24,0,'(\'103.198.215.23\', True)','2019-12-24 17:34:54'),(89,2,0,0,0,0,0,0,0,2,1,0,0,0,17,21,0,'(\'103.198.215.23\', True)','2019-12-24 17:38:14'),(90,11,0,0,0,0,0,0,0,3,4,0,5,0,17,21,0,'(\'60.147.235.227\', True)','2019-12-24 17:42:18'),(91,11,0,0,0,0,0,0,0,3,4,0,5,0,17,21,0,'(\'60.147.235.227\', True)','2019-12-24 17:42:54'),(92,3,8,9,0,0,0,0,0,3,1,0,0,0,17,0,0,'(\'118.111.36.55\', True)','2019-12-24 17:44:47'),(93,3,8,9,0,0,0,0,0,3,2,0,0,0,17,0,0,'(\'118.111.36.55\', True)','2019-12-24 17:45:01'),(94,10,0,0,0,0,0,0,0,3,4,0,5,0,17,21,0,'(\'106.73.208.160\', True)','2019-12-24 17:54:08'),(95,3,0,0,0,0,0,0,7,1,1,0,0,0,17,0,0,'(\'60.110.7.192\', True)','2019-12-24 18:17:43'),(96,3,0,0,0,0,0,0,7,3,1,0,0,0,17,0,0,'(\'60.110.7.192\', True)','2019-12-24 18:17:50'),(97,3,0,0,0,0,0,0,0,3,1,0,0,0,17,0,0,'(\'60.110.7.192\', True)','2019-12-24 18:18:11'),(98,3,1,2,3,4,5,6,7,3,1,0,0,0,17,0,0,'(\'60.110.7.192\', True)','2019-12-24 18:18:40'),(99,11,0,0,0,0,0,0,0,3,4,1,0,9,17,0,0,'(\'221.170.153.31\', True)','2019-12-24 18:19:13'),(100,4,0,0,0,0,0,0,0,2,1,0,0,0,20,0,0,'(\'59.86.51.95\', True)','2019-12-24 18:25:45'),(101,4,0,0,0,0,0,0,0,3,1,0,0,0,0,23,0,'(\'1.72.2.66\', True)','2019-12-24 18:40:20'),(102,12,0,0,0,0,0,0,0,3,1,0,0,0,0,22,0,'(\'1.72.2.66\', True)','2019-12-24 18:40:57'),(103,12,0,0,0,0,0,0,0,3,1,0,0,0,0,23,0,'(\'1.72.2.66\', True)','2019-12-24 18:41:54'),(104,4,0,0,0,0,0,0,0,3,3,0,5,0,17,0,0,'(\'153.165.69.231\', True)','2019-12-24 18:48:32'),(105,4,1,2,3,18,19,0,0,3,1,0,0,0,0,0,0,'(\'203.139.64.219\', True)','2019-12-24 19:40:01'),(106,14,8,0,0,0,0,0,0,1,4,0,0,0,18,0,0,'(\'39.2.136.126\', True)','2019-12-24 19:49:29'),(107,14,8,0,0,0,0,0,0,3,4,0,0,0,18,0,0,'(\'39.2.136.126\', True)','2019-12-24 19:49:41'),(108,14,8,0,0,0,0,0,0,2,4,0,0,0,18,0,0,'(\'39.2.136.126\', True)','2019-12-24 19:49:57'),(109,14,0,0,0,0,0,0,0,2,4,0,0,0,18,0,0,'(\'39.2.136.126\', True)','2019-12-24 19:50:16'),(110,7,0,0,0,0,0,0,0,3,1,0,0,0,17,0,0,'(\'36.3.160.81\', True)','2019-12-24 20:04:52'),(111,10,8,0,0,0,0,0,0,2,1,0,0,0,0,0,0,'(\'115.179.171.50\', True)','2019-12-24 20:27:10'),(112,10,8,2,3,4,5,6,0,2,4,0,0,0,0,0,0,'(\'115.179.171.50\', True)','2019-12-24 20:28:12'),(113,10,8,2,3,4,5,6,0,3,4,0,0,0,17,0,0,'(\'115.179.171.50\', True)','2019-12-24 20:28:56'),(114,10,8,2,3,4,5,6,7,3,4,0,0,0,17,0,0,'(\'115.179.171.50\', True)','2019-12-24 20:29:07'),(115,5,0,0,0,0,0,0,0,3,1,0,0,0,0,0,0,'(\'14.13.108.1\', True)','2019-12-24 20:37:55'),(116,5,0,0,0,0,0,0,0,3,1,0,5,0,18,0,0,'(\'14.13.108.1\', True)','2019-12-24 20:38:28'),(117,5,8,9,10,11,5,6,7,3,1,0,5,0,18,0,0,'(\'14.13.108.1\', True)','2019-12-24 20:39:26'),(118,14,1,2,3,4,5,6,7,3,4,3,7,11,19,23,0,'(\'126.228.217.6\', True)','2019-12-24 20:46:25'),(119,7,0,0,0,0,0,0,0,3,1,0,0,0,17,0,0,'(\'114.149.231.201\', True)','2019-12-24 20:48:23'),(120,7,0,0,0,0,0,0,0,2,1,0,0,0,17,0,0,'(\'114.149.231.201\', True)','2019-12-24 20:48:56'),(121,12,22,23,0,0,0,0,0,3,4,0,5,0,0,24,0,'(\'218.41.252.126\', True)','2019-12-24 21:29:51'),(122,3,0,2,3,0,0,0,0,3,1,0,0,0,19,0,0,'(\'121.85.142.56\', True)','2019-12-24 21:37:47'),(123,1,0,0,0,0,0,0,0,1,1,0,0,0,0,24,0,'(\'106.132.85.248\', True)','2019-12-24 21:58:51'),(124,6,1,0,0,0,0,0,0,1,2,0,0,0,0,0,0,'(\'157.107.104.154\', True)','2019-12-24 22:05:28'),(125,6,1,0,0,0,0,0,0,1,4,0,0,0,0,0,0,'(\'157.107.104.154\', True)','2019-12-24 22:06:10'),(126,3,0,0,0,0,0,0,0,3,4,2,0,0,0,0,0,'(\'126.161.157.63\', True)','2019-12-24 22:14:57'),(127,4,0,0,0,0,0,0,0,3,4,0,5,0,17,21,0,'(\'61.24.16.43\', True)','2019-12-24 22:30:56'),(128,4,0,0,0,0,0,0,0,3,4,0,5,0,17,21,0,'(\'118.105.22.232\', True)','2019-12-24 22:38:26'),(129,4,1,2,3,4,5,6,7,3,4,2,0,0,0,21,0,'(\'118.105.22.232\', True)','2019-12-24 22:39:50'),(130,1,0,0,0,0,0,0,0,3,1,0,0,0,17,0,0,'(\'125.194.136.122\', True)','2019-12-24 22:45:30'),(131,4,1,2,3,0,0,0,0,1,2,0,0,0,17,0,0,'(\'119.228.29.205\', True)','2019-12-24 22:46:07'),(132,13,0,0,0,0,0,0,0,3,4,0,0,0,17,21,0,'(\'49.98.173.219\', True)','2019-12-24 22:46:28'),(133,13,0,0,0,0,0,0,0,3,4,0,0,0,17,22,0,'(\'49.98.173.219\', True)','2019-12-24 22:47:06'),(134,10,0,0,0,0,0,0,0,1,4,2,0,0,0,0,0,'(\'126.247.13.127\', True)','2019-12-24 22:48:07'),(135,11,0,0,0,0,0,0,0,3,4,0,5,0,17,0,0,'(\'49.98.173.219\', True)','2019-12-24 22:48:16'),(136,11,0,0,0,0,0,0,0,3,1,0,5,0,17,0,0,'(\'180.3.64.136\', True)','2019-12-24 22:51:54'),(137,13,1,2,3,0,0,0,0,3,1,0,0,0,0,0,0,'(\'220.109.57.124\', True)','2019-12-24 22:56:43'),(138,13,0,2,3,0,0,0,0,3,1,1,0,0,0,0,0,'(\'220.109.57.124\', True)','2019-12-24 22:58:09'),(139,5,0,0,0,0,0,0,0,1,4,0,5,0,17,0,0,'(\'211.2.127.159\', True)','2019-12-24 23:01:00'),(140,4,0,0,0,0,0,0,0,3,1,0,5,0,17,0,0,'(\'106.132.87.79\', True)','2019-12-24 23:02:16'),(141,4,0,0,0,0,0,0,0,3,1,0,5,0,17,0,0,'(\'106.132.87.79\', True)','2019-12-24 23:02:17'),(142,4,0,0,0,0,0,0,0,3,4,0,5,0,17,0,0,'(\'106.132.87.79\', True)','2019-12-24 23:02:42'),(143,1,1,2,3,4,0,0,0,1,1,0,0,0,0,0,0,'(\'153.179.129.54\', True)','2019-12-24 23:07:57'),(144,1,1,2,3,4,5,6,7,3,1,0,0,0,0,0,0,'(\'153.179.129.54\', True)','2019-12-24 23:08:11'),(145,1,1,2,3,4,5,6,7,2,1,0,0,0,0,0,0,'(\'153.179.129.54\', True)','2019-12-24 23:08:18'),(146,1,22,23,24,0,0,0,0,3,4,0,0,0,17,22,0,'(\'61.205.97.13\', True)','2019-12-24 23:08:25'),(147,1,0,0,0,0,0,0,0,2,1,4,0,0,0,0,0,'(\'153.179.129.54\', True)','2019-12-24 23:08:39'),(148,1,0,0,0,0,0,0,0,1,1,0,0,0,0,24,0,'(\'153.179.129.54\', True)','2019-12-24 23:09:20'),(149,1,0,0,0,0,0,0,0,1,1,0,0,0,20,0,0,'(\'153.179.129.54\', True)','2019-12-24 23:09:41'),(150,5,1,2,3,4,5,0,0,1,1,0,0,0,0,0,0,'(\'49.106.202.159\', True)','2019-12-24 23:24:04'),(151,4,0,0,0,0,0,0,0,3,4,0,5,0,17,21,0,'(\'39.110.208.148\', True)','2019-12-24 23:39:08'),(152,8,0,0,0,0,0,0,0,3,1,0,0,0,17,0,0,'(\'49.104.2.220\', True)','2019-12-24 23:46:17'),(153,8,0,0,0,0,0,0,0,2,1,0,0,0,17,0,0,'(\'49.104.2.220\', True)','2019-12-24 23:46:44'),(154,13,0,0,0,0,0,0,0,3,4,1,0,0,17,0,0,'(\'49.104.28.205\', True)','2019-12-24 23:49:03'),(155,13,0,0,0,0,0,0,0,3,4,1,5,0,17,0,0,'(\'49.104.28.205\', True)','2019-12-24 23:49:32'),(156,13,0,0,0,0,0,0,0,3,4,0,5,0,17,21,0,'(\'49.104.28.205\', True)','2019-12-24 23:49:53'),(157,8,0,0,0,0,0,0,0,3,4,0,0,0,17,0,0,'(\'126.159.194.227\', True)','2019-12-24 23:57:39'),(158,11,0,0,0,0,0,0,0,3,1,0,0,0,0,22,0,'(\'106.133.83.183\', True)','2019-12-25 00:04:12'),(159,11,1,23,0,0,0,0,0,3,2,0,0,0,0,22,0,'(\'106.133.83.183\', True)','2019-12-25 00:04:45'),(160,12,0,0,0,0,0,0,0,3,1,0,5,0,0,22,0,'(\'182.250.0.170\', True)','2019-12-25 00:10:06'),(161,11,1,0,0,0,0,0,0,3,1,0,0,0,0,0,0,'(\'125.174.95.49\', True)','2019-12-25 00:19:33'),(162,11,1,0,0,0,0,0,0,3,4,0,0,0,0,0,0,'(\'125.174.95.49\', True)','2019-12-25 00:19:48'),(163,10,0,0,0,0,0,0,0,3,1,0,0,0,17,22,0,'(\'49.98.79.99\', True)','2019-12-25 00:26:03'),(164,10,1,2,3,4,5,0,0,3,4,1,0,0,17,0,0,'(\'221.254.253.170\', True)','2019-12-25 00:27:35'),(165,6,0,0,0,0,0,0,0,1,4,4,0,0,0,0,0,'(\'153.211.255.9\', True)','2019-12-25 00:28:08'),(166,4,1,9,0,0,0,0,0,2,4,1,6,0,18,0,0,'(\'106.128.124.57\', True)','2019-12-25 00:40:43'),(167,4,0,0,0,0,0,0,0,1,2,1,5,0,0,0,0,'(\'1.75.3.81\', True)','2019-12-25 00:43:12'),(168,4,0,0,0,0,0,0,0,2,2,1,5,0,0,0,0,'(\'1.75.3.81\', True)','2019-12-25 00:43:24'),(169,4,0,0,0,0,0,0,0,2,4,2,5,9,0,0,0,'(\'1.75.3.81\', True)','2019-12-25 00:45:36'),(170,7,0,0,0,0,0,0,0,3,1,0,0,0,18,21,0,'(\'111.239.176.243\', True)','2019-12-25 00:47:30'),(171,13,0,0,0,0,0,0,0,3,4,0,0,0,17,22,0,'(\'126.193.113.27\', True)','2019-12-25 00:55:31'),(172,12,0,0,0,0,0,0,0,3,4,0,0,0,18,21,0,'(\'60.134.54.119\', True)','2019-12-25 00:56:53'),(173,12,0,0,0,0,0,0,0,3,4,0,5,0,18,21,0,'(\'60.134.54.119\', True)','2019-12-25 00:57:37'),(174,10,0,0,0,0,0,0,0,3,4,2,0,9,0,0,0,'(\'106.72.201.32\', True)','2019-12-25 00:58:06'),(175,10,0,0,0,0,0,0,0,3,4,0,5,0,17,21,0,'(\'106.72.201.32\', True)','2019-12-25 00:59:31'),(176,1,0,0,0,0,0,0,0,1,1,0,0,0,0,0,0,'(\'49.97.102.243\', True)','2019-12-25 01:02:22'),(177,13,0,2,0,0,0,0,0,3,2,0,0,0,18,0,0,'(\'114.184.176.216\', True)','2019-12-25 01:10:56'),(178,12,22,0,0,0,0,0,0,3,1,0,0,0,0,22,0,'(\'106.130.210.183\', True)','2019-12-25 01:15:25'),(179,1,0,0,0,0,26,27,28,1,1,0,0,0,0,0,0,'(\'106.130.210.183\', True)','2019-12-25 01:18:05'),(180,8,15,16,17,18,19,20,29,2,4,0,0,0,19,0,0,'(\'1.75.234.122\', True)','2019-12-25 01:24:39'),(181,12,0,0,0,0,0,0,0,3,4,0,0,9,0,23,0,'(\'59.171.170.232\', True)','2019-12-25 01:28:31'),(182,2,0,0,0,0,0,0,0,3,4,0,0,9,0,23,0,'(\'59.171.170.232\', True)','2019-12-25 01:28:53'),(183,5,0,0,0,0,0,0,0,3,4,2,0,9,0,0,0,'(\'59.171.170.232\', True)','2019-12-25 01:30:44'),(184,5,1,2,3,4,5,6,7,3,4,4,8,12,20,24,0,'(\'134.180.3.44\', True)','2019-12-25 01:45:45'),(185,14,0,0,0,0,0,0,0,2,4,3,0,0,17,0,0,'(\'211.9.83.240\', True)','2019-12-25 02:02:43'),(186,13,1,0,0,0,0,0,0,1,1,0,0,0,0,0,0,'(\'122.196.248.189\', True)','2019-12-25 02:18:30'),(187,3,1,2,3,4,5,6,7,3,4,0,5,0,17,0,0,'(\'126.35.115.31\', True)','2019-12-25 02:29:32'),(188,1,0,0,0,0,0,0,0,3,2,3,0,0,0,0,0,'(\'49.106.193.206\', True)','2019-12-25 02:40:30'),(189,1,0,0,0,0,0,0,0,3,4,3,0,0,0,0,0,'(\'49.106.193.206\', True)','2019-12-25 02:40:52'),(190,14,0,0,0,0,0,0,0,3,4,3,0,0,0,0,0,'(\'49.106.193.206\', True)','2019-12-25 02:41:16'),(191,14,0,0,0,0,0,0,0,3,4,0,0,0,0,0,0,'(\'49.106.193.206\', True)','2019-12-25 02:41:30'),(192,13,1,0,0,0,0,0,0,1,4,0,6,0,19,0,0,'(\'122.221.195.146\', True)','2019-12-25 02:43:56'),(193,10,1,2,3,4,5,6,7,1,4,0,0,0,0,0,0,'(\'27.92.216.222\', True)','2019-12-25 02:59:08'),(194,10,1,2,3,4,5,6,7,1,4,4,0,0,0,0,0,'(\'27.92.216.222\', True)','2019-12-25 02:59:34'),(195,9,0,0,0,0,0,0,0,3,3,0,5,0,17,0,0,'(\'1.72.9.214\', True)','2019-12-25 03:04:34'),(196,4,0,0,0,0,0,0,0,3,4,0,5,0,17,21,0,'(\'49.104.43.111\', True)','2019-12-25 03:05:38'),(197,2,0,0,0,0,0,0,0,2,4,0,5,0,17,22,0,'(\'14.13.39.192\', True)','2019-12-25 03:07:00'),(198,2,0,0,0,0,0,0,0,3,4,0,5,0,17,21,0,'(\'14.13.39.192\', True)','2019-12-25 03:07:33'),(199,2,0,0,0,0,0,0,0,3,4,0,5,0,17,0,0,'(\'14.13.39.192\', True)','2019-12-25 03:07:50'),(200,5,1,2,3,4,5,6,7,3,4,1,0,0,17,0,0,'(\'219.75.253.102\', True)','2019-12-25 03:09:07'),(201,6,0,0,0,0,0,0,0,2,1,0,0,0,17,0,0,'(\'134.180.0.127\', True)','2019-12-25 03:13:00'),(202,12,0,23,0,0,0,0,0,1,2,0,0,0,0,0,0,'(\'126.33.82.40\', True)','2019-12-25 03:14:21'),(203,12,0,23,24,25,0,0,0,3,2,0,0,0,0,0,0,'(\'126.33.82.40\', True)','2019-12-25 03:14:49'),(204,6,0,0,0,0,0,0,0,2,4,0,0,0,19,0,0,'(\'134.180.0.127\', True)','2019-12-25 03:15:20'),(205,4,0,0,0,0,0,0,0,3,3,0,5,0,17,21,0,'(\'49.98.155.137\', True)','2019-12-25 03:17:15'),(206,12,0,0,0,0,0,0,0,1,4,0,0,0,0,0,0,'(\'106.130.211.153\', True)','2019-12-25 03:22:19'),(207,14,0,0,0,0,0,0,0,1,4,0,0,0,20,0,0,'(\'49.98.130.16\', True)','2019-12-25 03:23:34'),(208,4,8,23,0,0,0,0,0,3,1,0,0,0,0,0,0,'(\'106.128.63.221\', True)','2019-12-25 03:23:59'),(209,4,0,0,0,0,0,0,0,3,4,0,0,0,17,21,0,'(\'60.150.77.200\', True)','2019-12-25 03:25:57'),(210,4,0,0,0,0,0,0,0,3,4,0,0,0,0,0,0,'(\'60.150.77.200\', True)','2019-12-25 03:26:38'),(211,6,8,23,0,0,0,0,0,3,4,0,5,0,17,21,0,'(\'49.98.48.48\', True)','2019-12-25 03:26:46'),(212,4,0,0,0,0,0,0,0,3,4,0,0,0,20,0,0,'(\'60.150.77.200\', True)','2019-12-25 03:26:47'),(213,2,22,23,24,25,26,27,29,1,4,0,5,0,0,24,0,'(\'121.113.140.106\', True)','2019-12-25 03:27:22'),(214,2,22,23,24,25,26,27,28,1,4,0,5,0,0,24,0,'(\'121.113.140.106\', True)','2019-12-25 03:27:50'),(215,2,22,23,24,25,26,27,28,1,4,0,5,0,0,24,0,'(\'121.113.140.106\', True)','2019-12-25 03:27:53'),(216,2,22,23,24,25,26,27,28,1,4,0,5,0,0,24,0,'(\'121.113.140.106\', True)','2019-12-25 03:28:07'),(217,14,0,0,0,0,0,0,0,3,4,0,5,0,17,21,0,'(\'49.98.130.16\', True)','2019-12-25 03:32:47'),(218,4,0,0,0,0,0,0,0,3,4,0,5,0,17,21,0,'(\'49.98.130.16\', True)','2019-12-25 03:33:06'),(219,11,0,0,0,0,0,0,0,3,4,0,5,0,17,21,0,'(\'49.98.130.16\', True)','2019-12-25 03:33:24'),(220,9,0,0,0,0,0,0,0,3,4,0,0,0,17,0,0,'(\'106.132.209.55\', True)','2019-12-25 03:36:20'),(221,13,0,0,0,0,0,0,0,3,1,0,0,0,17,0,0,'(\'49.98.152.64\', True)','2019-12-25 03:38:46'),(222,4,22,0,0,0,0,0,0,1,1,0,0,0,0,0,0,'(\'182.251.36.96\', True)','2019-12-25 03:39:28'),(223,4,0,0,0,0,0,0,0,1,1,0,0,0,0,24,0,'(\'182.251.36.96\', True)','2019-12-25 03:39:48'),(224,4,0,0,0,0,0,0,0,3,1,0,5,0,17,21,0,'(\'134.180.2.226\', True)','2019-12-25 03:44:52'),(225,7,0,0,0,0,0,0,0,3,1,0,0,0,0,0,0,'(\'106.133.126.20\', True)','2019-12-25 03:47:08'),(226,7,0,0,0,0,0,0,0,3,1,0,0,0,20,0,0,'(\'106.133.126.20\', True)','2019-12-25 03:47:19'),(227,12,22,23,24,25,26,0,0,3,4,0,0,0,0,23,0,'(\'61.205.7.52\', True)','2019-12-25 03:48:29'),(228,12,0,0,0,0,0,0,0,3,4,0,0,0,0,23,0,'(\'61.205.7.52\', True)','2019-12-25 03:49:20'),(229,14,0,0,0,0,0,0,0,3,4,1,0,0,17,23,0,'(\'61.205.7.52\', True)','2019-12-25 03:50:03'),(230,3,0,0,0,0,0,0,0,3,4,1,0,0,17,23,0,'(\'61.205.7.52\', True)','2019-12-25 03:51:01'),(231,4,1,2,0,0,0,0,0,1,1,0,0,0,0,0,0,'(\'49.98.152.221\', True)','2019-12-25 03:51:19'),(232,3,0,0,0,0,0,0,0,3,4,1,5,0,0,23,0,'(\'61.205.7.52\', True)','2019-12-25 03:51:31'),(233,12,0,0,0,0,0,0,0,3,1,0,6,0,0,0,0,'(\'58.183.221.3\', True)','2019-12-25 03:53:02'),(234,12,0,0,0,0,0,0,0,3,4,0,6,0,0,0,0,'(\'58.183.221.3\', True)','2019-12-25 03:53:22'),(235,12,0,0,0,0,0,0,0,3,4,0,0,0,0,22,0,'(\'58.183.221.3\', True)','2019-12-25 03:54:07'),(236,2,22,23,24,25,26,27,29,1,4,0,0,0,17,24,0,'(\'126.168.224.168\', True)','2019-12-25 03:59:23'),(237,12,0,0,0,0,0,0,0,3,1,0,0,0,17,22,0,'(\'49.98.171.139\', True)','2019-12-25 03:59:57'),(238,12,0,0,0,0,0,0,0,3,2,0,0,0,17,22,0,'(\'49.98.171.139\', True)','2019-12-25 04:00:15'),(239,12,0,0,0,0,0,0,0,3,4,0,0,0,17,22,0,'(\'49.98.171.139\', True)','2019-12-25 04:00:27'),(240,3,0,0,0,0,0,0,0,3,1,0,0,0,17,0,0,'(\'211.132.88.117\', True)','2019-12-25 04:04:33'),(241,4,0,0,0,0,0,0,0,3,4,0,5,9,17,0,0,'(\'58.190.14.40\', True)','2019-12-25 04:25:18'),(242,3,0,0,0,0,0,0,0,3,1,0,0,0,0,0,0,'(\'106.180.23.26\', True)','2019-12-25 04:25:35'),(243,3,0,0,0,0,0,0,0,3,4,0,0,0,0,0,0,'(\'106.180.23.26\', True)','2019-12-25 04:25:51'),(244,12,0,0,0,0,0,0,0,3,1,0,0,0,0,24,0,'(\'60.110.123.215\', True)','2019-12-25 04:26:51'),(245,12,0,0,0,0,0,0,0,3,1,0,0,0,0,23,0,'(\'60.110.123.215\', True)','2019-12-25 04:27:17'),(246,12,22,23,24,25,26,27,29,3,1,0,0,0,0,23,0,'(\'60.110.123.215\', True)','2019-12-25 04:27:53'),(247,12,22,23,24,25,26,27,29,1,1,0,0,0,0,23,0,'(\'60.110.123.215\', True)','2019-12-25 04:28:09'),(248,3,0,0,0,0,0,0,0,3,4,0,0,0,17,0,0,'(\'106.180.23.26\', True)','2019-12-25 04:28:13'),(249,4,1,2,3,4,5,6,7,3,4,4,8,12,20,24,0,'(\'60.238.10.154\', True)','2019-12-25 04:35:07'),(250,4,1,2,3,4,5,6,7,3,4,4,0,0,0,0,0,'(\'60.238.10.154\', True)','2019-12-25 04:35:28'),(251,4,0,0,0,0,0,0,0,3,1,0,0,0,17,0,0,'(\'60.238.10.154\', True)','2019-12-25 04:36:25'),(252,3,1,0,0,0,0,0,0,1,1,0,0,0,0,0,0,'(\'126.26.153.88\', True)','2019-12-25 04:52:10'),(253,3,1,0,0,0,0,0,0,1,4,2,5,10,17,21,0,'(\'126.26.153.88\', True)','2019-12-25 04:52:34'),(254,3,0,0,0,0,0,0,0,1,4,0,6,0,17,0,0,'(\'14.12.32.96\', True)','2019-12-25 04:54:04'),(255,4,8,2,3,11,0,0,0,1,1,0,0,0,0,0,0,'(\'1.72.7.206\', True)','2019-12-25 04:55:01'),(256,13,0,0,0,0,0,0,0,3,4,0,0,0,17,22,0,'(\'126.40.2.147\', True)','2019-12-25 05:02:09'),(257,4,0,0,0,0,0,0,0,3,3,0,5,0,17,0,0,'(\'42.126.144.239\', True)','2019-12-25 05:02:28'),(258,13,0,0,0,0,0,0,0,1,1,0,0,0,17,22,0,'(\'58.188.166.209\', True)','2019-12-25 05:02:43'),(259,13,0,0,0,0,0,0,0,1,4,0,0,0,17,22,0,'(\'58.188.166.209\', True)','2019-12-25 05:03:04'),(260,3,0,0,0,0,0,0,0,3,4,0,7,0,0,0,0,'(\'126.40.2.147\', True)','2019-12-25 05:04:03'),(261,11,22,23,24,0,0,0,0,3,1,0,0,0,0,0,0,'(\'121.112.48.156\', True)','2019-12-25 05:06:58'),(262,10,0,0,0,0,0,0,0,3,4,0,0,0,17,22,0,'(\'126.40.2.147\', True)','2019-12-25 05:07:09'),(263,6,0,0,0,0,0,0,0,3,4,1,0,0,17,0,0,'(\'180.189.248.191\', True)','2019-12-25 05:16:13'),(264,5,22,23,24,25,26,27,29,2,4,0,5,0,18,0,0,'(\'125.103.92.170\', True)','2019-12-25 05:22:28'),(265,1,0,0,0,0,0,0,0,3,4,0,0,12,0,0,0,'(\'210.147.116.103\', True)','2019-12-25 05:53:00'),(266,1,0,0,0,0,0,0,0,3,4,0,0,0,0,0,0,'(\'210.147.116.103\', True)','2019-12-25 05:53:14'),(267,4,0,0,0,0,0,0,0,3,4,0,5,0,17,0,0,'(\'126.233.238.34\', True)','2019-12-25 05:53:45'),(268,4,0,0,0,0,0,0,0,3,3,0,5,0,17,0,0,'(\'126.233.238.34\', True)','2019-12-25 05:54:07'),(269,7,1,2,3,4,5,6,7,1,4,1,5,0,17,0,0,'(\'106.154.124.57\', True)','2019-12-25 05:57:05'),(270,12,0,0,0,0,0,0,0,3,1,0,0,0,18,0,0,'(\'106.130.44.251\', True)','2019-12-25 05:57:59'),(271,4,0,0,0,0,0,0,0,2,2,0,5,0,17,0,0,'(\'126.193.43.176\', True)','2019-12-25 05:58:34'),(272,4,0,0,0,0,0,0,0,2,3,0,5,0,17,0,0,'(\'126.193.43.176\', True)','2019-12-25 05:59:07'),(273,7,0,0,0,0,0,0,0,2,3,0,5,0,17,0,0,'(\'126.193.43.176\', True)','2019-12-25 05:59:25'),(274,11,0,0,0,0,0,0,0,2,3,0,5,0,17,0,0,'(\'126.193.43.176\', True)','2019-12-25 05:59:38'),(275,13,0,0,0,0,0,0,0,2,3,0,5,0,17,0,0,'(\'126.193.43.176\', True)','2019-12-25 05:59:48'),(276,13,0,0,0,0,0,0,0,3,4,4,8,12,20,0,0,'(\'14.192.213.116\', True)','2019-12-25 06:00:01'),(277,13,0,0,0,0,0,0,0,3,4,4,0,0,0,0,0,'(\'14.192.213.116\', True)','2019-12-25 06:00:20'),(278,14,0,0,0,0,0,0,0,2,3,0,5,0,17,0,0,'(\'126.193.43.176\', True)','2019-12-25 06:04:20'),(279,12,0,0,0,0,0,0,0,2,3,0,5,0,17,0,0,'(\'126.193.43.176\', True)','2019-12-25 06:04:39'),(280,3,0,0,0,0,0,0,0,2,3,0,5,0,17,0,0,'(\'126.193.43.176\', True)','2019-12-25 06:04:50'),(281,7,0,0,0,0,0,0,0,3,1,0,0,0,20,0,0,'(\'106.154.2.155\', True)','2019-12-25 06:07:37'),(282,1,1,9,0,0,0,0,0,1,1,0,0,0,0,0,0,'(\'113.36.78.153\', True)','2019-12-25 06:11:33'),(283,13,22,23,24,25,26,27,28,1,4,0,0,0,17,24,0,'(\'126.193.43.176\', True)','2019-12-25 06:21:33'),(284,3,1,2,3,0,0,0,0,3,1,0,0,0,0,0,0,'(\'123.198.151.175\', True)','2019-12-25 06:33:34'),(285,3,0,0,0,0,0,0,0,3,4,2,0,0,0,0,0,'(\'123.198.151.175\', True)','2019-12-25 06:34:16'),(286,6,0,0,0,0,0,0,0,3,4,1,0,0,17,0,0,'(\'49.106.203.61\', True)','2019-12-25 06:53:11'),(287,7,1,2,3,4,5,6,7,3,2,0,0,0,18,0,0,'(\'106.130.216.138\', True)','2019-12-25 06:53:37'),(288,1,22,23,24,25,26,27,28,1,4,0,0,0,0,24,0,'(\'106.133.172.150\', True)','2019-12-25 06:53:42'),(289,1,22,23,24,25,26,27,28,1,4,0,0,0,0,24,0,'(\'106.133.172.150\', True)','2019-12-25 06:53:58'),(290,6,0,0,0,0,5,0,0,3,4,1,0,0,17,0,0,'(\'49.106.203.61\', True)','2019-12-25 06:55:44'),(291,1,0,0,0,0,0,0,0,1,1,0,0,0,0,0,0,'(\'126.255.29.153\', True)','2019-12-25 07:05:12'),(292,9,8,23,10,0,0,0,0,3,3,0,8,0,0,0,0,'(\'126.255.29.153\', True)','2019-12-25 07:08:55'),(293,3,0,0,0,0,0,0,0,3,4,1,0,0,17,0,0,'(\'60.126.22.69\', True)','2019-12-25 07:09:10'),(294,6,0,0,0,0,0,0,0,3,4,1,0,0,17,0,0,'(\'59.146.17.8\', True)','2019-12-25 07:12:42'),(295,12,0,0,0,0,0,0,0,3,4,0,0,0,0,23,0,'(\'180.145.13.1\', True)','2019-12-25 07:21:08'),(296,14,8,2,0,0,0,0,0,1,1,0,0,0,20,0,0,'(\'126.237.49.216\', True)','2019-12-25 07:30:34'),(297,1,0,0,0,0,0,0,0,1,1,0,0,0,0,0,0,'(\'106.165.8.181\', True)','2019-12-25 07:36:09'),(298,1,0,0,0,0,0,0,0,1,1,0,0,0,17,21,0,'(\'106.165.8.181\', True)','2019-12-25 07:36:32'),(299,1,22,23,24,25,26,27,28,1,1,0,0,0,17,21,0,'(\'106.165.8.181\', True)','2019-12-25 07:37:06'),(300,1,22,23,24,25,26,27,28,1,1,0,0,0,20,21,0,'(\'106.165.8.181\', True)','2019-12-25 07:37:56'),(301,4,0,0,0,0,0,0,0,2,1,0,0,0,17,0,0,'(\'153.130.145.4\', True)','2019-12-25 07:51:43'),(302,1,0,0,0,0,0,0,0,3,4,0,0,0,0,0,0,'(\'123.217.193.89\', True)','2019-12-25 07:56:30'),(303,1,0,0,0,0,0,0,0,3,4,0,0,0,18,0,0,'(\'123.217.193.89\', True)','2019-12-25 07:56:34'),(304,4,0,0,0,0,0,0,0,2,2,1,0,0,17,0,0,'(\'153.130.145.4\', True)','2019-12-25 07:59:00'),(305,4,22,23,24,25,26,27,29,1,4,0,5,0,17,22,0,'(\'180.147.70.95\', True)','2019-12-25 08:00:37'),(306,4,0,0,0,0,0,0,0,3,2,0,0,0,17,0,0,'(\'153.130.145.4\', True)','2019-12-25 08:01:01'),(307,3,0,0,0,0,0,0,0,3,1,0,0,0,17,0,0,'(\'126.199.26.96\', True)','2019-12-25 08:02:11'),(308,2,1,0,0,0,0,0,0,3,1,0,0,0,0,0,0,'(\'1.72.8.230\', True)','2019-12-25 08:02:41'),(309,7,0,0,0,0,0,0,0,3,4,2,7,9,18,23,0,'(\'123.217.193.89\', True)','2019-12-25 08:15:47'),(310,7,0,0,0,0,0,0,0,3,4,0,0,0,0,23,0,'(\'123.217.193.89\', True)','2019-12-25 08:16:19'),(311,7,0,0,0,0,0,0,0,3,4,0,0,0,0,21,0,'(\'123.217.193.89\', True)','2019-12-25 08:16:48'),(312,2,22,23,24,0,0,0,0,1,1,0,0,0,0,0,0,'(\'126.182.226.220\', True)','2019-12-25 08:23:08'),(313,10,0,0,0,0,0,0,0,3,4,0,0,0,17,0,0,'(\'157.147.84.151\', True)','2019-12-25 08:23:14'),(314,10,0,0,0,0,0,0,0,3,1,0,0,0,17,0,0,'(\'157.147.84.151\', True)','2019-12-25 08:23:26'),(315,10,0,0,0,0,0,0,0,3,1,0,0,0,17,0,0,'(\'157.147.84.151\', True)','2019-12-25 08:23:27'),(316,12,22,23,0,0,0,0,0,3,4,0,0,0,0,23,0,'(\'49.97.109.152\', True)','2019-12-25 08:31:43'),(317,9,0,0,0,0,0,0,0,3,1,1,0,0,17,0,0,'(\'180.189.234.225\', True)','2019-12-25 08:38:18'),(318,9,8,9,10,11,12,13,14,1,1,0,0,0,0,0,0,'(\'49.104.35.235\', True)','2019-12-25 08:38:24'),(319,9,0,0,0,0,0,0,0,2,1,1,0,0,17,0,0,'(\'180.189.234.225\', True)','2019-12-25 08:39:02'),(320,9,0,0,0,0,0,0,0,1,3,0,0,0,17,0,0,'(\'101.55.244.193\', True)','2019-12-25 08:39:17'),(321,9,0,0,0,0,0,0,0,1,4,0,0,0,17,0,0,'(\'101.55.244.193\', True)','2019-12-25 08:39:30'),(322,9,0,0,0,0,0,0,0,3,1,1,0,0,17,0,0,'(\'180.189.234.225\', True)','2019-12-25 08:39:32'),(323,9,0,0,0,0,0,0,0,1,1,0,0,0,17,0,0,'(\'101.55.244.193\', True)','2019-12-25 08:40:56'),(324,9,0,0,0,0,0,0,0,3,1,0,0,0,17,0,0,'(\'101.55.244.193\', True)','2019-12-25 08:41:04'),(325,9,0,0,0,0,0,0,0,1,4,0,0,0,17,0,0,'(\'101.55.244.193\', True)','2019-12-25 08:41:15'),(326,1,0,0,0,0,0,0,0,1,4,0,0,0,17,0,0,'(\'101.55.244.193\', True)','2019-12-25 08:42:46'),(327,1,0,0,0,0,0,0,0,3,4,0,5,0,17,21,0,'(\'49.96.22.189\', True)','2019-12-25 08:45:48'),(328,3,1,2,0,0,0,0,0,3,4,1,5,0,17,21,0,'(\'106.128.13.217\', True)','2019-12-25 08:48:14'),(329,3,1,2,3,4,5,6,7,3,4,0,0,0,0,0,0,'(\'118.236.18.154\', True)','2019-12-25 09:02:55'),(330,6,1,2,3,4,5,6,7,1,4,4,0,0,0,0,0,'(\'219.78.150.16\', True)','2019-12-25 09:03:39'),(331,2,0,0,0,0,0,0,0,1,1,0,0,0,0,0,0,'(\'1.79.87.28\', True)','2019-12-25 09:16:20'),(332,1,0,0,0,0,0,0,0,1,1,0,0,0,17,0,0,'(\'111.108.18.85\', True)','2019-12-25 09:47:41'),(333,1,0,0,0,0,0,0,0,1,1,0,0,0,18,0,0,'(\'111.108.18.85\', True)','2019-12-25 09:47:57'),(334,1,0,0,0,0,0,0,0,1,1,0,0,0,20,0,0,'(\'111.108.18.85\', True)','2019-12-25 09:48:24'),(335,1,0,0,0,0,0,0,0,1,4,0,0,0,20,0,0,'(\'111.108.18.85\', True)','2019-12-25 09:49:05'),(336,10,0,0,0,0,0,0,0,3,4,0,0,0,17,22,0,'(\'221.254.253.170\', True)','2019-12-25 09:53:41'),(337,1,0,0,0,0,0,0,0,1,1,0,0,0,20,0,0,'(\'119.238.191.247\', True)','2019-12-25 10:37:51'),(338,1,0,0,0,0,0,0,0,1,4,4,5,0,17,0,0,'(\'182.50.222.124\', True)','2019-12-25 10:39:44'),(339,1,0,0,0,0,0,0,0,3,3,1,0,0,17,0,0,'(\'182.50.222.124\', True)','2019-12-25 10:40:23'),(340,4,1,2,10,11,0,0,0,3,1,0,0,0,0,0,0,'(\'111.105.46.227\', True)','2019-12-25 10:46:26'),(341,9,1,2,0,0,0,0,0,1,1,0,0,0,0,0,0,'(\'110.163.11.21\', True)','2019-12-25 10:50:04'),(342,9,1,2,0,0,0,0,0,1,2,1,0,0,0,0,0,'(\'110.163.11.21\', True)','2019-12-25 10:50:25'),(343,4,0,0,0,0,0,0,0,3,1,0,0,0,0,0,0,'(\'114.18.67.177\', True)','2019-12-25 10:51:46'),(344,12,0,0,0,0,0,0,0,3,1,0,0,0,18,0,0,'(\'220.108.43.205\', True)','2019-12-25 10:53:11'),(345,1,0,0,0,0,0,0,0,3,1,0,0,0,17,0,0,'(\'153.188.48.125\', True)','2019-12-25 10:56:23'),(346,12,22,23,24,25,26,0,0,3,1,0,0,0,0,24,0,'(\'182.251.156.102\', True)','2019-12-25 11:00:34'),(347,12,0,0,0,0,0,0,0,3,1,0,0,0,0,24,0,'(\'182.251.156.102\', True)','2019-12-25 11:01:17'),(348,11,0,0,0,0,0,0,0,1,1,0,5,0,17,0,0,'(\'180.46.186.39\', True)','2019-12-25 11:05:07'),(349,4,0,0,0,0,0,0,0,3,1,0,0,0,17,0,0,'(\'126.188.22.104\', True)','2019-12-25 11:13:00'),(350,1,0,0,0,0,0,0,0,1,1,0,0,0,0,0,0,'(\'106.133.46.73\', True)','2019-12-25 11:16:52'),(351,11,1,16,0,0,0,0,0,2,1,1,0,0,17,0,0,'(\'126.255.153.191\', True)','2019-12-25 11:22:25'),(352,10,0,0,0,0,0,0,0,3,1,0,0,0,17,0,0,'(\'218.41.136.175\', True)','2019-12-25 11:26:37'),(353,10,0,0,0,0,0,0,0,3,1,0,5,0,20,0,0,'(\'218.41.136.175\', True)','2019-12-25 11:27:08'),(354,4,0,0,0,0,0,0,0,3,1,0,0,0,0,0,0,'(\'180.12.75.1\', True)','2019-12-25 11:33:49'),(355,11,0,0,0,0,0,0,0,2,1,0,0,0,0,0,0,'(\'126.33.145.97\', True)','2019-12-25 11:41:39'),(356,4,0,0,0,0,0,0,0,3,4,0,5,0,17,0,0,'(\'119.10.245.169\', True)','2019-12-25 11:47:31'),(357,4,0,0,0,0,0,0,0,3,4,0,0,0,18,0,0,'(\'119.10.245.169\', True)','2019-12-25 11:48:29'),(358,4,0,0,0,0,0,0,0,3,4,0,5,0,17,0,0,'(\'126.245.18.56\', True)','2019-12-25 11:57:04'),(359,1,0,0,0,0,0,0,0,3,1,0,0,0,17,0,0,'(\'60.47.230.48\', True)','2019-12-25 11:59:07'),(360,1,0,0,0,0,0,0,0,3,1,0,0,0,18,0,0,'(\'60.47.230.48\', True)','2019-12-25 11:59:42'),(361,14,1,2,3,4,5,0,0,1,1,0,0,0,0,0,0,'(\'126.218.159.225\', True)','2019-12-25 12:23:43'),(362,14,1,2,3,4,5,6,0,1,1,0,0,0,0,0,0,'(\'126.218.159.225\', True)','2019-12-25 12:23:56'),(363,14,1,2,3,4,5,6,7,1,1,0,0,0,0,0,0,'(\'126.218.159.225\', True)','2019-12-25 12:24:12'),(364,6,0,0,0,0,0,0,0,1,4,0,5,0,18,21,0,'(\'106.130.121.153\', True)','2019-12-25 12:29:37'),(365,6,22,23,24,25,26,27,29,1,4,0,5,0,18,21,0,'(\'106.130.121.153\', True)','2019-12-25 12:30:47'),(366,1,0,0,0,0,0,0,0,3,4,0,0,0,0,22,0,'(\'59.166.98.34\', True)','2019-12-25 12:56:30'),(367,1,0,0,0,0,0,0,0,3,1,0,0,0,0,22,0,'(\'59.166.98.34\', True)','2019-12-25 12:56:49'),(368,4,0,0,0,0,0,0,0,3,4,1,0,0,17,0,0,'(\'180.46.39.22\', True)','2019-12-25 12:59:54'),(369,11,22,23,24,25,26,27,28,3,4,0,5,0,17,21,0,'(\'119.106.216.48\', True)','2019-12-25 13:00:00'),(370,1,8,0,0,0,0,0,0,3,1,0,0,0,0,0,0,'(\'182.251.231.26\', True)','2019-12-25 13:00:51'),(371,1,0,0,0,0,0,0,0,3,1,0,5,0,17,0,0,'(\'182.251.231.26\', True)','2019-12-25 13:01:13'),(372,13,0,0,0,0,0,0,0,3,1,0,0,0,0,23,0,'(\'126.179.240.7\', True)','2019-12-25 13:06:18'),(373,12,0,0,0,0,0,0,0,3,3,0,0,0,0,23,0,'(\'153.203.178.200\', True)','2019-12-25 13:12:11'),(374,12,22,23,24,25,26,27,28,1,4,0,0,0,0,24,0,'(\'153.203.178.200\', True)','2019-12-25 13:13:20'),(375,12,0,0,0,0,0,0,0,3,3,0,0,0,0,23,0,'(\'153.203.178.200\', True)','2019-12-25 13:14:19'),(376,2,0,0,0,0,0,0,0,3,4,0,5,0,17,22,0,'(\'126.225.66.218\', True)','2019-12-25 13:42:11'),(377,2,0,0,0,0,0,0,0,3,4,0,0,0,17,22,0,'(\'153.201.94.17\', True)','2019-12-25 13:44:08'),(378,13,1,2,3,4,5,6,7,2,1,0,0,0,0,0,0,'(\'126.75.153.5\', True)','2019-12-25 14:12:36'),(379,13,1,2,3,4,5,6,7,2,4,0,0,0,19,0,0,'(\'126.75.153.5\', True)','2019-12-25 14:12:50'),(380,13,0,0,0,0,0,0,0,3,1,0,0,0,17,0,0,'(\'220.100.28.202\', True)','2019-12-25 14:18:52'),(381,13,1,2,3,4,5,6,7,3,1,1,0,0,17,0,0,'(\'220.100.28.202\', True)','2019-12-25 14:19:37'),(382,13,0,0,0,0,0,0,0,3,4,1,0,0,17,0,0,'(\'220.100.28.202\', True)','2019-12-25 14:20:58'),(383,3,0,0,0,0,0,0,0,3,1,1,0,0,17,0,0,'(\'115.37.156.192\', True)','2019-12-25 14:21:13'),(384,4,1,2,3,4,0,0,0,3,1,0,0,0,0,0,0,'(\'101.141.85.189\', True)','2019-12-25 14:21:25'),(385,12,0,0,0,0,0,0,0,3,4,0,6,0,0,21,0,'(\'60.155.226.62\', True)','2019-12-25 14:31:23'),(386,9,0,0,0,0,0,0,0,2,1,0,0,0,0,0,0,'(\'175.134.171.41\', True)','2019-12-25 14:37:52'),(387,4,0,0,0,0,0,0,0,3,4,0,5,0,18,0,0,'(\'119.10.250.219\', True)','2019-12-25 15:11:17'),(388,4,0,0,0,0,0,0,0,3,4,4,8,12,20,24,0,'(\'119.10.250.219\', True)','2019-12-25 15:11:39'),(389,4,0,0,0,0,0,0,0,3,4,0,5,0,17,0,0,'(\'119.10.250.219\', True)','2019-12-25 15:12:11'),(390,13,0,0,0,0,0,0,0,3,4,4,0,0,0,0,0,'(\'14.192.213.233\', True)','2019-12-25 15:16:39'),(391,6,0,0,0,0,0,0,0,3,4,0,0,0,18,0,0,'(\'220.98.29.245\', True)','2019-12-25 15:25:59'),(392,1,0,0,0,0,0,27,28,1,1,0,0,0,0,0,0,'(\'119.104.154.112\', True)','2019-12-25 15:44:51'),(393,12,0,0,0,0,0,6,28,1,1,0,0,0,0,24,0,'(\'119.104.154.112\', True)','2019-12-25 15:45:08'),(394,12,0,0,0,0,0,6,28,3,1,0,0,0,0,23,0,'(\'119.104.154.112\', True)','2019-12-25 15:45:23'),(395,1,0,0,0,0,0,0,0,1,1,0,0,0,0,0,0,'(\'202.225.217.37\', True)','2019-12-25 16:01:32'),(396,8,15,0,0,0,0,0,0,1,1,0,0,0,0,0,0,'(\'49.98.7.113\', True)','2019-12-25 16:08:05'),(397,4,1,2,0,0,0,0,0,1,4,0,0,12,0,0,0,'(\'114.18.67.177\', True)','2019-12-25 16:09:37'),(398,3,0,0,0,0,0,0,0,1,1,0,0,0,17,0,0,'(\'218.217.34.130\', True)','2019-12-25 16:12:04'),(399,3,8,0,0,0,0,0,0,1,1,0,0,0,0,0,0,'(\'218.217.34.130\', True)','2019-12-25 16:12:22'),(400,3,8,0,0,0,0,0,0,1,2,0,0,0,0,0,0,'(\'218.217.34.130\', True)','2019-12-25 16:12:41'),(401,3,8,0,0,0,0,0,0,1,3,0,0,0,0,0,0,'(\'218.217.34.130\', True)','2019-12-25 16:12:58'),(402,3,8,0,0,0,0,0,0,3,1,0,0,0,17,0,0,'(\'218.217.34.130\', True)','2019-12-25 16:13:19'),(403,3,0,0,0,0,0,0,0,3,1,0,0,0,17,0,0,'(\'218.217.34.130\', True)','2019-12-25 16:13:37'),(404,13,22,9,10,11,0,0,0,1,3,0,0,0,18,21,0,'(\'60.126.241.238\', True)','2019-12-25 16:23:17'),(405,3,0,0,0,0,0,0,0,1,1,0,0,0,0,0,0,'(\'122.49.243.58\', True)','2019-12-25 16:41:54'),(406,4,0,0,0,0,0,0,0,3,1,0,0,0,17,22,0,'(\'60.139.188.9\', True)','2019-12-25 16:41:55'),(407,10,22,0,0,0,0,0,0,1,1,0,0,0,0,0,0,'(\'49.98.9.26\', True)','2019-12-25 16:43:06'),(408,12,22,23,24,0,0,0,0,3,4,0,0,0,0,23,0,'(\'126.193.4.204\', True)','2019-12-25 17:10:32'),(409,1,0,0,0,0,0,0,0,1,1,0,0,0,0,0,0,'(\'124.217.188.33\', True)','2019-12-25 17:24:31'),(410,4,0,0,0,0,0,0,0,1,1,0,0,0,0,0,0,'(\'124.217.188.33\', True)','2019-12-25 17:24:52'),(411,4,0,0,0,0,0,0,0,1,1,0,5,0,0,0,0,'(\'124.217.188.33\', True)','2019-12-25 17:25:09'),(412,4,0,0,0,0,0,0,0,1,1,0,0,0,17,0,0,'(\'124.217.188.33\', True)','2019-12-25 17:25:24'),(413,4,0,0,0,0,0,0,0,2,1,0,0,0,17,0,0,'(\'124.217.188.33\', True)','2019-12-25 17:25:49'),(414,4,0,0,0,0,0,0,0,1,1,0,0,0,17,0,0,'(\'124.217.188.33\', True)','2019-12-25 17:26:00'),(415,4,0,0,0,0,0,0,0,1,2,0,0,0,17,0,0,'(\'124.217.188.33\', True)','2019-12-25 17:26:32'),(416,4,0,0,0,0,0,0,0,1,3,0,0,0,17,0,0,'(\'124.217.188.33\', True)','2019-12-25 17:26:40'),(417,4,0,0,0,0,0,0,0,1,4,0,0,0,17,0,0,'(\'124.217.188.33\', True)','2019-12-25 17:26:47'),(418,4,0,0,0,0,0,0,0,1,4,0,0,0,20,0,0,'(\'124.217.188.33\', True)','2019-12-25 17:27:02'),(419,4,0,0,0,0,0,0,29,1,4,0,0,0,20,0,0,'(\'124.217.188.33\', True)','2019-12-25 17:27:14'),(420,3,0,0,0,0,0,0,0,3,1,0,0,0,0,21,0,'(\'119.236.160.118\', True)','2019-12-25 19:03:06'),(421,3,0,0,0,0,0,0,0,3,1,0,0,0,0,22,0,'(\'119.236.160.118\', True)','2019-12-25 19:04:42'),(422,3,0,0,0,0,0,0,0,3,4,0,0,0,0,0,0,'(\'119.236.160.118\', True)','2019-12-25 19:05:07'),(423,9,0,0,0,0,0,0,0,3,1,0,0,0,19,0,0,'(\'60.76.76.32\', True)','2019-12-25 19:09:56'),(424,4,0,0,0,0,0,0,0,3,1,0,5,0,17,21,0,'(\'126.62.98.202\', True)','2019-12-25 19:25:10'),(425,4,0,0,0,0,0,0,0,3,4,0,5,0,17,21,0,'(\'126.62.98.202\', True)','2019-12-25 19:25:19'),(426,4,0,0,0,0,0,0,0,2,4,1,5,0,17,0,0,'(\'126.62.98.202\', True)','2019-12-25 19:25:55'),(427,9,0,0,0,0,0,0,0,1,1,0,0,0,17,0,0,'(\'126.247.105.160\', True)','2019-12-25 19:26:14'),(428,9,0,0,0,0,0,0,0,3,1,0,0,0,17,0,0,'(\'126.247.105.160\', True)','2019-12-25 19:26:53'),(429,8,0,0,0,0,0,0,0,3,1,0,5,0,18,0,0,'(\'180.27.43.13\', True)','2019-12-25 19:42:10'),(430,1,0,0,0,0,0,0,0,1,4,4,0,0,0,0,0,'(\'114.173.37.61\', True)','2019-12-25 19:49:15'),(431,11,0,0,0,0,0,0,0,3,4,0,5,0,17,21,0,'(\'118.241.238.22\', True)','2019-12-25 19:50:24'),(432,3,1,2,3,4,5,6,7,3,4,0,5,0,17,0,0,'(\'103.2.251.38\', True)','2019-12-25 20:00:05'),(433,1,0,0,0,0,0,0,0,1,1,0,5,0,17,0,0,'(\'175.108.219.93\', True)','2019-12-25 20:15:06'),(434,1,0,0,0,0,0,0,0,3,1,0,5,0,17,0,0,'(\'175.108.219.93\', True)','2019-12-25 20:15:28'),(435,3,0,0,0,0,0,27,0,1,1,0,0,0,0,0,0,'(\'119.236.160.118\', True)','2019-12-25 20:19:39'),(436,3,8,23,24,25,26,27,0,1,1,0,0,0,0,0,0,'(\'119.236.160.118\', True)','2019-12-25 20:20:09'),(437,3,8,23,24,25,26,27,7,1,1,0,0,0,0,0,0,'(\'119.236.160.118\', True)','2019-12-25 20:23:25'),(438,3,8,23,24,25,26,6,7,1,1,0,0,0,0,0,0,'(\'119.236.160.118\', True)','2019-12-25 20:23:59'),(439,11,0,0,0,0,0,0,0,3,1,0,0,0,17,0,0,'(\'59.84.133.11\', True)','2019-12-25 21:01:11'),(440,11,0,0,0,0,0,0,0,3,1,0,5,0,17,21,0,'(\'59.84.133.11\', True)','2019-12-25 21:01:36'),(441,4,0,0,0,0,0,0,0,3,3,0,6,0,17,0,0,'(\'60.158.70.154\', True)','2019-12-25 21:02:01'),(442,3,0,0,0,0,0,0,0,1,1,0,0,0,0,23,0,'(\'119.236.160.118\', True)','2019-12-25 21:25:31'),(443,3,0,0,0,0,0,0,0,1,4,0,0,0,0,23,0,'(\'119.236.160.118\', True)','2019-12-25 21:25:51'),(444,3,0,0,0,0,0,0,7,1,1,0,0,0,0,0,0,'(\'119.236.160.118\', True)','2019-12-25 21:26:51'),(445,1,0,0,0,0,0,0,0,3,1,0,0,0,17,0,0,'(\'111.239.163.19\', True)','2019-12-25 22:23:04'),(446,13,0,0,0,0,0,0,0,3,2,0,0,0,17,21,0,'(\'106.128.71.174\', True)','2019-12-25 22:23:42'),(447,1,15,16,17,11,12,6,7,3,4,0,0,0,17,0,0,'(\'111.239.163.19\', True)','2019-12-25 22:24:49'),(448,1,0,0,0,0,0,0,0,3,4,0,5,0,17,21,0,'(\'106.129.164.112\', True)','2019-12-25 23:00:15'),(449,4,0,0,0,0,0,0,0,3,4,0,5,0,17,21,0,'(\'36.11.225.155\', True)','2019-12-25 23:03:49'),(450,4,0,0,0,0,0,0,0,3,4,0,7,0,0,0,0,'(\'36.11.225.155\', True)','2019-12-25 23:04:47'),(451,12,0,0,0,0,0,0,0,3,4,0,6,0,0,0,0,'(\'58.183.221.3\', True)','2019-12-26 00:35:41'),(452,1,0,0,0,0,0,0,0,3,1,0,0,0,0,0,0,'(\'1.72.4.170\', True)','2019-12-26 00:47:54'),(453,1,0,0,0,0,0,0,0,3,1,0,0,0,0,23,0,'(\'1.72.4.170\', True)','2019-12-26 00:48:04'),(454,1,0,0,0,0,0,0,0,3,1,1,0,0,19,0,0,'(\'1.72.4.170\', True)','2019-12-26 00:49:36'),(455,1,0,0,0,0,0,0,0,3,1,1,0,0,17,0,0,'(\'1.72.4.170\', True)','2019-12-26 00:50:22'),(456,1,0,0,0,0,0,0,0,3,4,1,0,0,17,0,0,'(\'1.72.4.170\', True)','2019-12-26 00:50:40'),(457,1,0,0,0,0,0,0,0,3,4,1,5,0,17,24,0,'(\'1.72.4.170\', True)','2019-12-26 00:50:58'),(458,1,0,0,0,0,0,0,0,3,4,1,0,0,17,24,0,'(\'1.72.4.170\', True)','2019-12-26 00:51:34'),(459,1,0,0,0,0,0,0,0,3,4,1,0,0,17,23,0,'(\'1.72.4.170\', True)','2019-12-26 00:51:51'),(460,2,22,23,24,25,26,27,29,1,3,0,0,0,17,23,0,'(\'125.1.135.153\', True)','2019-12-26 01:01:46'),(461,12,22,23,24,25,26,27,28,1,4,0,0,0,17,24,0,'(\'182.251.106.139\', True)','2019-12-26 01:01:51'),(462,4,0,0,0,0,0,0,0,3,1,0,5,0,17,0,0,'(\'114.180.44.193\', True)','2019-12-26 01:09:32'),(463,4,0,0,0,0,0,0,0,3,3,0,5,0,17,0,0,'(\'114.180.44.193\', True)','2019-12-26 01:09:52'),(464,1,0,0,0,0,0,0,0,1,1,0,0,0,17,0,0,'(\'114.151.209.173\', True)','2019-12-26 02:10:27'),(465,11,0,0,0,0,0,0,0,1,1,0,0,0,17,0,0,'(\'114.151.209.173\', True)','2019-12-26 02:11:23'),(466,11,0,0,0,0,0,0,0,3,1,0,0,0,17,0,0,'(\'114.151.209.173\', True)','2019-12-26 02:12:19'),(467,9,0,0,0,0,0,0,0,3,4,0,5,0,17,21,0,'(\'126.233.215.60\', True)','2019-12-26 02:13:12'),(468,13,0,0,0,0,0,0,0,1,1,0,0,0,20,24,0,'(\'219.75.182.71\', True)','2019-12-26 02:45:17'),(469,13,0,0,0,0,0,0,0,3,1,0,0,0,17,0,0,'(\'118.18.250.1\', True)','2019-12-26 02:58:05'),(470,2,0,0,0,0,0,0,0,1,4,0,5,0,17,23,0,'(\'182.251.106.139\', True)','2019-12-26 03:05:27'),(471,14,0,0,0,0,0,0,0,3,4,0,0,0,17,0,0,'(\'126.182.223.13\', True)','2019-12-26 03:20:41'),(472,14,0,0,0,0,0,0,0,3,4,0,5,9,17,0,0,'(\'126.182.223.13\', True)','2019-12-26 03:21:01'),(473,2,0,0,0,0,0,0,0,3,4,0,0,9,0,23,0,'(\'49.96.40.185\', True)','2019-12-26 03:23:04'),(474,3,0,0,0,0,0,0,0,3,4,1,0,0,17,0,0,'(\'182.251.66.142\', True)','2019-12-26 03:41:53'),(475,3,0,0,0,0,0,0,0,3,4,0,5,0,17,0,0,'(\'182.251.66.142\', True)','2019-12-26 03:42:15'),(476,13,0,0,0,0,0,0,0,3,4,0,0,0,17,22,0,'(\'182.251.66.142\', True)','2019-12-26 03:42:40'),(477,1,1,0,0,0,0,0,29,2,3,1,0,0,17,23,0,'(\'157.192.11.186\', True)','2019-12-26 04:12:42'),(478,8,1,0,0,0,0,0,0,1,3,0,0,0,0,0,0,'(\'123.255.134.188\', True)','2019-12-26 04:42:41'),(479,5,0,0,0,0,0,0,0,3,1,0,0,0,17,0,0,'(\'210.148.172.130\', True)','2019-12-26 05:10:09'),(480,5,0,0,0,0,0,0,0,3,4,1,0,0,17,0,0,'(\'210.148.172.130\', True)','2019-12-26 05:10:27'),(481,12,22,23,24,25,26,27,28,3,1,0,0,0,0,24,0,'(\'49.98.150.146\', True)','2019-12-26 05:20:08'),(482,1,22,23,24,25,26,27,29,1,4,0,5,0,17,23,0,'(\'114.150.115.136\', True)','2019-12-26 05:21:31'),(483,5,0,0,0,0,0,0,0,3,3,0,5,0,17,0,0,'(\'114.185.195.189\', True)','2019-12-26 05:23:15'),(484,5,0,0,0,0,0,0,0,3,1,0,0,0,0,0,0,'(\'114.174.132.114\', True)','2019-12-26 05:44:33'),(485,5,22,23,24,25,26,27,28,1,1,0,0,0,0,24,0,'(\'114.174.132.114\', True)','2019-12-26 05:45:46'),(486,12,0,0,0,0,0,0,0,3,4,1,0,0,0,22,0,'(\'126.193.43.176\', True)','2019-12-26 06:35:43'),(487,12,0,0,0,0,0,0,0,3,4,0,5,0,0,22,0,'(\'126.193.43.176\', True)','2019-12-26 06:37:34'),(488,12,0,0,0,0,0,0,0,3,4,0,5,9,0,22,0,'(\'126.193.43.176\', True)','2019-12-26 06:37:40'),(489,3,1,2,3,0,0,0,0,3,1,0,0,0,17,0,0,'(\'222.0.142.172\', True)','2019-12-26 06:51:02'),(490,3,1,2,3,4,5,6,7,3,4,1,0,0,17,0,0,'(\'222.0.142.172\', True)','2019-12-26 06:51:52'),(491,4,0,0,0,0,0,0,0,1,2,0,0,0,0,24,0,'(\'119.10.250.219\', True)','2019-12-26 06:56:18'),(492,4,0,0,0,0,0,0,0,3,2,0,0,0,17,0,0,'(\'119.10.250.219\', True)','2019-12-26 06:59:28'),(493,4,0,0,0,0,0,0,0,3,1,0,0,0,17,0,0,'(\'119.10.250.219\', True)','2019-12-26 06:59:39'),(494,12,0,0,0,0,0,0,0,3,4,0,0,0,0,23,0,'(\'14.11.211.192\', True)','2019-12-26 07:00:03'),(495,4,0,0,0,0,0,0,0,1,1,0,0,0,0,21,0,'(\'119.10.250.219\', True)','2019-12-26 07:09:49'),(496,4,0,0,0,0,0,0,0,1,1,0,0,0,0,22,0,'(\'119.10.250.219\', True)','2019-12-26 07:10:17'),(497,4,0,0,0,0,0,0,0,1,1,0,0,0,0,23,0,'(\'119.10.250.219\', True)','2019-12-26 07:11:46'),(498,4,0,0,0,0,0,0,0,1,2,0,0,0,0,24,0,'(\'119.10.250.219\', True)','2019-12-26 07:12:04'),(499,4,0,0,0,0,0,0,0,1,1,0,0,0,0,21,0,'(\'119.10.250.219\', True)','2019-12-26 07:19:24'),(500,13,0,0,0,0,0,0,0,3,1,0,0,0,0,0,0,'(\'126.233.106.5\', True)','2019-12-26 07:19:31'),(501,13,0,0,0,0,0,0,0,3,1,0,0,0,0,0,0,'(\'126.233.106.5\', True)','2019-12-26 07:19:32'),(502,13,0,0,0,0,0,0,0,1,1,0,0,0,0,0,0,'(\'126.193.4.204\', True)','2019-12-26 07:19:48'),(503,13,0,0,0,0,0,0,0,3,4,0,0,0,0,0,0,'(\'126.233.106.5\', True)','2019-12-26 07:19:48'),(504,4,0,0,0,0,0,0,0,1,1,0,0,0,0,22,0,'(\'119.10.250.219\', True)','2019-12-26 07:19:49'),(505,13,0,0,0,0,0,0,0,3,2,0,0,0,0,0,0,'(\'126.233.106.5\', True)','2019-12-26 07:20:15'),(506,13,0,0,0,0,0,0,0,3,3,0,0,0,0,0,0,'(\'126.233.106.5\', True)','2019-12-26 07:20:29'),(507,13,0,0,0,0,0,0,0,3,1,3,0,0,19,0,0,'(\'126.193.4.204\', True)','2019-12-26 07:20:32'),(508,13,0,0,0,0,0,0,0,3,1,0,0,0,0,0,0,'(\'126.233.106.5\', True)','2019-12-26 07:20:49'),(509,13,0,0,0,0,0,0,0,3,1,0,0,0,0,0,0,'(\'126.233.106.5\', True)','2019-12-26 07:40:38'),(510,3,0,0,0,0,0,0,0,3,3,1,5,0,17,0,0,'(\'36.11.224.42\', True)','2019-12-26 07:57:17'),(511,3,0,0,0,0,0,0,0,3,1,1,5,0,17,0,0,'(\'36.11.224.42\', True)','2019-12-26 07:57:44'),(512,3,0,0,0,0,0,0,0,3,4,1,5,0,17,0,0,'(\'36.11.224.42\', True)','2019-12-26 07:58:11'),(513,1,0,0,0,0,0,0,0,3,3,0,5,0,17,0,0,'(\'36.11.224.42\', True)','2019-12-26 08:00:23'),(514,1,0,0,0,0,0,0,0,3,3,0,5,0,17,22,0,'(\'36.11.224.42\', True)','2019-12-26 08:01:04'),(515,1,0,0,0,0,0,0,0,3,3,1,5,0,17,22,0,'(\'36.11.224.42\', True)','2019-12-26 08:03:42'),(516,1,0,0,0,0,0,0,0,3,3,1,5,0,17,23,0,'(\'36.11.224.42\', True)','2019-12-26 08:03:52'),(517,1,0,0,0,0,0,0,0,3,4,1,5,0,17,23,0,'(\'36.11.224.42\', True)','2019-12-26 08:04:34'),(518,1,0,0,0,0,0,0,0,3,4,2,7,0,18,23,0,'(\'36.11.224.42\', True)','2019-12-26 08:07:29'),(519,1,0,0,0,0,0,0,0,3,4,1,0,0,0,0,0,'(\'121.119.123.184\', True)','2019-12-26 08:56:06'),(520,1,0,0,0,0,0,0,0,3,1,1,0,0,0,0,0,'(\'121.119.123.184\', True)','2019-12-26 08:56:29'),(521,12,0,0,0,0,0,0,0,3,4,0,0,0,17,0,0,'(\'126.54.120.213\', True)','2019-12-26 08:57:25'),(522,6,0,0,0,0,0,0,0,3,4,1,6,0,17,0,0,'(\'60.83.104.191\', True)','2019-12-26 09:06:43'),(523,1,0,0,0,0,0,0,0,3,1,0,0,0,17,0,0,'(\'153.144.3.172\', True)','2019-12-26 09:21:44'),(524,1,0,0,0,0,0,0,0,3,1,0,0,0,17,0,0,'(\'183.177.195.148\', True)','2019-12-26 09:48:54'),(525,1,0,0,0,0,0,0,0,3,1,0,5,0,0,0,0,'(\'183.177.195.148\', True)','2019-12-26 09:49:11'),(526,1,8,23,0,0,0,0,0,3,1,0,0,0,0,0,0,'(\'153.161.186.233\', True)','2019-12-26 09:58:04'),(527,9,0,0,0,0,0,0,0,3,1,0,0,0,17,0,0,'(\'49.98.152.9\', True)','2019-12-26 10:26:42'),(528,9,0,0,0,0,0,0,0,3,1,0,0,0,18,0,0,'(\'49.98.152.9\', True)','2019-12-26 10:27:01'),(529,13,0,0,0,0,0,0,0,3,4,0,0,0,0,23,0,'(\'126.33.144.104\', True)','2019-12-26 10:47:48'),(530,13,0,0,0,0,0,0,0,3,4,0,0,0,17,23,0,'(\'126.33.144.104\', True)','2019-12-26 10:48:01'),(531,3,0,0,0,0,0,0,0,3,4,0,0,0,17,22,0,'(\'114.166.253.234\', True)','2019-12-26 10:53:15'),(532,1,0,0,0,0,0,0,0,1,1,0,5,9,17,0,0,'(\'221.187.3.186\', True)','2019-12-26 11:16:38'),(533,2,0,0,0,0,0,0,0,3,1,0,5,9,17,0,0,'(\'221.187.3.186\', True)','2019-12-26 11:17:06'),(534,3,0,0,0,0,0,0,0,3,1,0,5,9,17,0,0,'(\'221.187.3.186\', True)','2019-12-26 11:17:32'),(535,3,0,0,0,0,0,0,0,3,4,0,5,9,17,0,0,'(\'221.187.3.186\', True)','2019-12-26 11:17:49'),(536,6,0,0,0,0,0,0,0,3,4,1,0,0,17,0,0,'(\'221.187.3.186\', True)','2019-12-26 11:18:58'),(537,5,0,0,0,0,0,0,0,3,4,0,0,0,20,0,0,'(\'124.18.143.62\', True)','2019-12-26 11:30:43'),(538,5,1,2,3,4,5,6,7,3,4,0,5,0,17,0,0,'(\'122.152.41.233\', True)','2019-12-26 11:51:32'),(539,5,1,2,3,4,5,6,7,1,4,0,5,0,17,0,0,'(\'122.152.41.233\', True)','2019-12-26 11:51:57'),(540,10,0,0,0,0,0,0,0,2,1,0,0,0,17,0,0,'(\'27.98.20.169\', True)','2019-12-26 12:08:07'),(541,12,22,0,0,0,0,0,0,3,1,0,0,0,0,24,0,'(\'106.133.124.23\', True)','2019-12-26 12:48:15'),(542,12,22,23,0,0,0,0,0,3,1,0,0,0,0,24,0,'(\'106.133.124.23\', True)','2019-12-26 12:48:54'),(543,13,0,0,0,0,0,0,0,3,1,0,0,0,17,0,0,'(\'122.210.136.161\', True)','2019-12-26 12:55:55'),(544,11,0,0,0,0,0,0,0,3,1,0,0,0,0,0,0,'(\'180.50.254.128\', True)','2019-12-26 13:04:19'),(545,11,0,0,0,0,0,0,0,3,4,0,0,0,20,0,0,'(\'180.50.254.128\', True)','2019-12-26 13:04:30'),(546,3,0,0,0,0,0,0,0,1,2,0,0,0,17,0,0,'(\'106.130.128.208\', True)','2019-12-26 13:14:17'),(547,3,0,0,0,0,0,0,0,3,2,0,0,0,17,0,0,'(\'106.130.128.208\', True)','2019-12-26 13:14:29'),(548,3,0,0,0,0,0,0,0,3,3,0,0,0,0,0,0,'(\'106.130.128.208\', True)','2019-12-26 13:15:23'),(549,3,0,0,0,0,0,0,0,3,4,0,0,0,0,0,0,'(\'106.130.128.208\', True)','2019-12-26 13:15:45'),(550,3,0,0,0,0,0,0,0,3,4,0,0,9,17,21,0,'(\'106.130.128.208\', True)','2019-12-26 13:16:38'),(551,4,0,0,0,0,0,0,0,1,1,0,0,0,17,0,0,'(\'153.227.3.94\', True)','2019-12-26 13:17:27'),(552,4,0,0,0,0,0,0,0,1,1,0,0,0,18,0,0,'(\'153.227.3.94\', True)','2019-12-26 13:17:36'),(553,4,0,0,0,0,0,0,0,1,1,0,0,0,19,0,0,'(\'153.227.3.94\', True)','2019-12-26 13:17:49'),(554,3,0,0,0,0,0,0,0,1,4,1,6,0,18,0,0,'(\'106.130.128.208\', True)','2019-12-26 13:19:34'),(555,3,0,0,0,0,0,0,0,3,4,0,5,0,17,21,0,'(\'106.130.128.208\', True)','2019-12-26 13:21:32'),(556,11,22,0,0,0,0,0,0,1,1,0,0,0,0,0,0,'(\'106.133.83.183\', True)','2019-12-26 13:35:20'),(557,11,22,0,0,0,0,0,0,3,1,0,0,0,0,0,0,'(\'106.133.83.183\', True)','2019-12-26 13:35:34'),(558,1,0,0,0,0,0,0,0,1,1,0,0,0,0,0,0,'(\'60.147.192.60\', True)','2019-12-26 13:50:03'),(559,3,0,0,0,0,0,0,0,2,1,0,0,0,17,0,0,'(\'106.130.128.208\', True)','2019-12-26 14:07:32'),(560,1,0,0,0,0,0,0,0,1,1,0,0,0,0,22,0,'(\'125.172.125.242\', True)','2019-12-26 14:09:56'),(561,1,0,0,0,0,0,0,0,3,1,0,0,0,0,22,0,'(\'125.172.125.242\', True)','2019-12-26 14:10:02'),(562,14,0,0,0,0,0,0,0,1,4,0,0,0,20,0,0,'(\'42.148.153.84\', True)','2019-12-26 14:12:13'),(563,4,0,0,0,0,0,0,0,3,4,1,0,0,17,0,0,'(\'119.224.242.58\', True)','2019-12-26 14:13:41'),(564,8,1,0,0,0,0,0,0,2,1,3,0,0,0,0,0,'(\'123.224.111.148\', True)','2019-12-26 14:17:55'),(565,3,0,0,0,0,0,0,0,3,1,0,0,0,18,0,0,'(\'111.96.8.54\', True)','2019-12-26 14:21:10'),(566,10,22,0,0,0,0,0,0,3,1,0,0,0,0,0,0,'(\'58.189.29.110\', True)','2019-12-26 14:46:09'),(567,10,22,23,0,0,0,0,0,3,1,0,0,0,0,0,0,'(\'58.189.29.110\', True)','2019-12-26 14:46:20'),(568,10,22,23,0,0,0,0,0,3,1,0,0,0,0,24,0,'(\'58.189.29.110\', True)','2019-12-26 14:46:29'),(569,1,0,0,0,0,0,0,0,3,4,0,0,0,20,0,0,'(\'49.98.87.117\', True)','2019-12-26 15:05:06'),(570,1,0,0,0,0,0,0,0,3,4,0,5,0,17,21,0,'(\'219.103.4.124\', True)','2019-12-26 15:05:59'),(571,10,0,0,0,0,0,0,0,3,1,0,0,0,20,0,0,'(\'49.98.87.117\', True)','2019-12-26 15:06:08'),(572,13,0,0,0,0,0,0,0,3,4,0,0,0,18,22,0,'(\'126.33.144.104\', True)','2019-12-26 15:11:28'),(573,13,0,0,0,0,0,0,0,3,4,0,0,0,0,22,0,'(\'126.33.144.104\', True)','2019-12-26 15:11:43'),(574,14,0,0,0,0,0,0,0,3,4,3,0,0,0,0,0,'(\'153.166.61.87\', True)','2019-12-26 15:29:58'),(575,1,0,0,0,0,0,0,0,3,4,3,0,0,0,0,0,'(\'153.166.61.87\', True)','2019-12-26 15:30:00'),(576,13,0,0,0,0,0,0,0,3,4,0,0,0,17,22,0,'(\'117.19.147.148\', True)','2019-12-26 16:48:29'),(577,13,0,0,0,0,0,0,0,3,4,0,0,0,0,23,0,'(\'117.19.147.148\', True)','2019-12-26 16:49:33'),(578,13,0,0,0,0,0,0,0,3,4,0,0,0,17,22,0,'(\'117.19.147.148\', True)','2019-12-26 16:50:24'),(579,1,0,0,0,0,0,0,0,1,1,0,0,0,0,0,0,'(\'122.133.30.124\', True)','2019-12-26 17:12:15'),(580,4,0,0,0,0,0,0,0,3,4,1,0,0,17,0,0,'(\'126.233.114.55\', True)','2019-12-26 17:49:49'),(581,3,0,0,0,0,0,0,0,1,4,1,6,0,17,0,0,'(\'106.130.128.208\', True)','2019-12-26 17:54:35'),(582,3,0,0,0,0,0,0,0,1,4,0,6,9,18,0,0,'(\'106.130.128.208\', True)','2019-12-26 17:55:38'),(583,3,0,0,0,0,0,0,0,1,4,0,5,9,19,0,0,'(\'106.130.128.208\', True)','2019-12-26 17:56:06'),(584,13,22,23,24,0,0,0,0,3,1,0,0,0,17,0,0,'(\'182.251.196.244\', True)','2019-12-26 18:14:38'),(585,13,0,0,0,0,0,0,0,3,4,0,0,0,17,22,0,'(\'182.251.196.244\', True)','2019-12-26 18:15:19'),(586,4,0,0,0,0,0,0,0,3,1,0,0,0,17,0,0,'(\'60.34.66.44\', True)','2019-12-26 18:23:32'),(587,4,0,0,0,0,0,0,0,2,1,0,0,0,17,0,0,'(\'60.34.66.44\', True)','2019-12-26 18:24:10'),(588,4,0,0,0,0,0,0,0,3,1,0,0,0,17,22,0,'(\'60.34.66.44\', True)','2019-12-26 18:24:58'),(589,2,22,23,24,25,26,27,28,1,4,0,0,0,17,24,0,'(\'126.76.190.210\', True)','2019-12-26 19:38:40'),(590,11,0,0,0,0,0,0,0,3,1,0,0,0,0,0,0,'(\'111.239.152.236\', True)','2019-12-26 19:43:32'),(591,11,0,0,0,0,0,0,0,3,1,0,0,0,18,0,0,'(\'111.239.152.236\', True)','2019-12-26 19:43:42'),(592,11,0,0,0,0,0,0,0,3,1,0,0,0,20,0,0,'(\'111.239.152.236\', True)','2019-12-26 19:44:01'),(593,11,8,9,10,11,12,0,0,3,1,0,0,0,20,0,0,'(\'111.239.152.236\', True)','2019-12-26 19:44:27'),(594,11,8,9,10,11,12,0,0,3,1,0,0,0,18,0,0,'(\'111.239.152.236\', True)','2019-12-26 19:44:47'),(595,2,22,0,0,0,0,0,0,3,1,0,0,0,0,0,0,'(\'126.76.190.210\', True)','2019-12-26 20:03:10'),(596,2,0,0,0,0,0,0,0,3,4,0,0,0,17,22,0,'(\'126.76.190.210\', True)','2019-12-26 20:03:57'),(597,2,0,0,0,0,0,0,0,2,4,0,5,0,17,22,0,'(\'126.76.190.210\', True)','2019-12-26 20:05:35'),(598,11,0,0,0,0,0,0,0,3,2,2,6,0,0,0,0,'(\'124.154.241.39\', True)','2019-12-26 20:34:50'),(599,11,0,0,0,0,0,0,0,3,3,0,0,0,18,0,0,'(\'124.154.241.39\', True)','2019-12-26 20:36:11'),(600,1,0,2,0,0,0,0,0,1,1,0,0,0,0,0,0,'(\'111.239.186.155\', True)','2019-12-26 22:05:23'),(601,1,0,0,0,0,0,0,0,1,1,2,0,0,0,0,0,'(\'126.50.223.110\', True)','2019-12-26 23:04:54'),(602,1,0,0,0,0,0,0,0,1,1,0,5,0,19,21,0,'(\'60.134.54.119\', True)','2019-12-26 23:07:38'),(603,1,0,0,0,0,0,0,0,1,4,0,5,0,19,21,0,'(\'60.134.54.119\', True)','2019-12-26 23:07:52'),(604,1,0,0,0,0,0,0,0,3,4,0,5,0,19,21,0,'(\'60.134.54.119\', True)','2019-12-26 23:08:02'),(605,12,22,0,0,0,0,0,0,3,1,0,0,0,0,22,0,'(\'153.211.83.205\', True)','2019-12-26 23:11:55'),(606,12,0,0,0,0,0,0,0,3,1,0,0,0,0,22,0,'(\'153.211.83.205\', True)','2019-12-26 23:14:11'),(607,12,0,0,0,0,0,0,0,3,1,0,0,0,0,21,0,'(\'153.211.83.205\', True)','2019-12-26 23:15:02'),(608,12,0,0,0,0,0,0,0,3,1,0,0,0,0,22,0,'(\'153.211.83.205\', True)','2019-12-26 23:15:13'),(609,8,0,0,0,0,0,0,0,3,4,0,0,0,18,21,0,'(\'118.12.37.20\', True)','2019-12-26 23:29:35'),(610,5,1,2,3,4,0,0,0,3,1,0,0,0,17,0,0,'(\'126.103.178.20\', True)','2019-12-26 23:35:50'),(611,12,22,23,24,25,26,27,28,2,4,0,0,0,0,24,0,'(\'106.129.214.7\', True)','2019-12-27 00:27:27'),(612,2,1,0,0,0,0,0,0,3,1,0,0,0,0,0,0,'(\'49.97.106.42\', True)','2019-12-27 01:08:42'),(613,3,0,0,0,0,0,0,0,3,4,0,7,0,0,0,0,'(\'58.183.221.3\', True)','2019-12-27 01:30:11'),(614,1,0,0,0,0,0,0,0,3,4,1,0,0,17,0,0,'(\'126.236.241.59\', True)','2019-12-27 01:33:47'),(615,5,0,0,0,0,0,0,0,3,4,0,5,0,17,21,0,'(\'118.19.195.151\', True)','2019-12-27 01:46:50'),(616,1,0,0,0,0,0,0,0,1,4,0,0,0,17,0,0,'(\'153.194.20.138\', True)','2019-12-27 02:27:02'),(617,9,0,0,0,0,0,0,0,3,4,0,0,0,0,0,0,'(\'106.180.32.84\', True)','2019-12-27 02:27:27'),(618,1,0,0,0,0,0,0,0,3,1,0,0,0,17,0,0,'(\'111.239.163.197\', True)','2019-12-27 02:32:02'),(619,13,0,0,0,0,0,0,0,3,4,0,0,0,17,22,0,'(\'14.11.211.192\', True)','2019-12-27 03:10:28'),(620,3,0,0,0,0,0,0,0,3,4,1,0,0,17,0,0,'(\'220.98.101.6\', True)','2019-12-27 03:20:07'),(621,5,0,0,0,0,0,0,0,3,4,1,0,0,17,0,0,'(\'220.98.101.6\', True)','2019-12-27 03:20:33'),(622,9,0,0,0,0,0,0,0,3,4,0,0,0,18,22,0,'(\'106.180.32.84\', True)','2019-12-27 03:44:52'),(623,10,0,0,0,0,0,0,0,3,4,0,0,0,0,22,0,'(\'113.144.133.52\', True)','2019-12-27 04:09:16'),(624,4,0,0,0,0,0,0,0,3,4,0,5,0,17,21,0,'(\'60.150.129.5\', True)','2019-12-27 04:38:09'),(625,9,0,0,0,0,0,0,0,3,4,0,0,0,0,0,0,'(\'106.180.32.84\', True)','2019-12-27 05:05:18'),(626,9,0,0,0,0,0,0,0,3,4,4,0,0,18,22,0,'(\'106.180.32.84\', True)','2019-12-27 05:07:45'),(627,13,0,0,0,0,0,0,0,3,4,0,0,0,17,22,0,'(\'175.134.148.90\', True)','2019-12-27 05:22:32'),(628,9,22,23,24,25,26,27,29,1,4,0,0,0,17,24,0,'(\'61.206.247.221\', True)','2019-12-27 06:24:57'),(629,4,0,0,0,0,0,0,0,3,1,0,0,12,0,0,0,'(\'59.136.189.188\', True)','2019-12-27 06:32:03'),(630,13,0,0,0,0,0,0,0,3,1,0,0,0,0,24,0,'(\'59.136.189.188\', True)','2019-12-27 06:32:32'),(631,13,0,0,0,0,0,0,0,3,1,0,0,0,0,22,0,'(\'59.136.189.188\', True)','2019-12-27 06:33:05'),(632,13,0,0,0,0,0,0,0,3,1,0,0,0,0,24,0,'(\'59.136.189.188\', True)','2019-12-27 06:33:18'),(633,13,0,0,0,0,0,0,0,3,1,0,0,0,0,23,0,'(\'59.136.189.188\', True)','2019-12-27 06:33:36'),(634,1,0,0,0,0,0,0,0,1,4,2,6,9,0,0,0,'(\'210.149.251.51\', True)','2019-12-27 07:19:47'),(635,4,0,0,0,0,0,0,0,1,1,0,0,0,17,0,0,'(\'113.254.43.244\', True)','2019-12-27 07:24:37'),(636,4,0,0,0,0,0,0,0,2,1,0,0,0,17,0,0,'(\'113.254.43.244\', True)','2019-12-27 07:26:00'),(637,1,0,0,0,0,0,0,0,1,4,0,0,0,0,0,0,'(\'113.254.43.244\', True)','2019-12-27 07:29:54'),(638,12,0,0,0,0,0,0,0,3,4,0,0,0,0,23,0,'(\'126.161.178.138\', True)','2019-12-27 07:39:05'),(639,1,0,0,0,0,0,0,29,3,1,4,0,0,0,0,0,'(\'126.209.200.232\', True)','2019-12-27 07:49:52'),(640,14,0,0,0,0,0,0,29,3,4,4,0,0,0,0,0,'(\'126.209.200.232\', True)','2019-12-27 07:50:10'),(641,3,1,2,3,4,5,6,7,3,4,4,5,12,17,0,0,'(\'126.209.200.232\', True)','2019-12-27 07:50:54'),(642,7,0,0,0,0,0,0,0,3,1,0,0,0,17,0,0,'(\'106.154.17.20\', True)','2019-12-27 08:05:55'),(643,7,0,0,0,0,0,0,0,3,1,0,0,0,18,0,0,'(\'106.154.17.20\', True)','2019-12-27 08:06:24'),(644,7,0,0,0,0,0,0,0,3,1,0,0,0,18,21,0,'(\'106.154.17.20\', True)','2019-12-27 08:06:59'),(645,13,0,0,0,0,0,0,0,1,2,0,0,0,18,0,0,'(\'60.153.76.105\', True)','2019-12-27 08:30:26'),(646,12,0,0,0,0,0,0,0,3,1,0,0,0,0,22,0,'(\'153.211.78.126\', True)','2019-12-27 09:01:43'),(647,2,0,0,0,0,0,0,0,3,1,0,0,0,0,22,0,'(\'125.3.121.30\', True)','2019-12-27 09:20:10'),(648,2,0,0,0,0,0,0,0,3,1,0,5,0,0,21,0,'(\'125.3.121.30\', True)','2019-12-27 09:21:00'),(649,2,0,0,0,0,0,0,0,3,4,0,0,9,0,23,0,'(\'125.3.121.30\', True)','2019-12-27 09:28:03'),(650,12,0,0,0,0,0,0,0,3,4,0,0,0,0,23,0,'(\'27.142.176.254\', True)','2019-12-27 10:22:18'),(651,12,0,0,0,0,0,0,0,2,4,0,0,0,0,23,0,'(\'27.142.176.254\', True)','2019-12-27 10:23:01'),(652,12,0,0,0,0,0,0,0,3,4,0,0,0,0,24,0,'(\'27.142.176.254\', True)','2019-12-27 10:24:19'),(653,12,0,0,0,0,0,0,0,3,4,0,0,0,0,23,0,'(\'27.142.176.254\', True)','2019-12-27 10:24:30'),(654,12,0,0,0,0,0,0,0,3,4,0,0,0,0,24,0,'(\'27.142.176.254\', True)','2019-12-27 10:25:08'),(655,14,1,2,3,4,5,6,7,2,4,3,0,0,0,0,0,'(\'60.127.239.242\', True)','2019-12-27 10:25:59'),(656,12,22,23,24,25,26,27,28,3,1,0,0,0,0,24,0,'(\'126.82.77.47\', True)','2019-12-27 10:30:57'),(657,12,22,23,24,25,26,27,28,1,1,0,0,0,0,24,0,'(\'126.82.77.47\', True)','2019-12-27 10:31:23'),(658,12,22,23,24,25,26,27,28,2,1,0,0,0,0,24,0,'(\'126.82.77.47\', True)','2019-12-27 10:31:35'),(659,12,22,23,24,25,26,27,29,1,2,0,0,0,0,24,0,'(\'126.82.77.47\', True)','2019-12-27 10:32:53'),(660,13,0,0,0,0,0,0,0,3,2,0,0,0,17,22,0,'(\'60.126.241.238\', True)','2019-12-27 10:37:47'),(661,12,22,23,24,25,26,27,28,1,2,0,0,0,0,24,0,'(\'126.82.77.47\', True)','2019-12-27 10:39:38'),(662,10,0,0,0,0,0,0,0,3,4,0,0,0,17,22,0,'(\'126.40.2.147\', True)','2019-12-27 10:55:06'),(663,1,0,0,0,0,0,0,0,1,1,0,0,0,17,0,0,'(\'118.104.117.189\', True)','2019-12-27 11:43:04'),(664,3,15,16,0,0,0,0,0,1,1,0,0,0,0,0,0,'(\'122.132.49.28\', True)','2019-12-27 11:47:50'),(665,3,15,16,0,0,0,0,0,3,1,0,0,12,0,0,0,'(\'122.132.49.28\', True)','2019-12-27 11:48:30'),(666,3,0,0,0,0,0,0,0,3,1,0,0,12,0,0,0,'(\'122.132.49.28\', True)','2019-12-27 11:48:59'),(667,3,0,0,0,0,0,0,0,3,1,0,0,12,0,0,0,'(\'122.132.49.28\', True)','2019-12-27 11:49:20'),(668,3,0,0,0,0,0,0,0,3,1,0,0,11,0,0,0,'(\'122.132.49.28\', True)','2019-12-27 11:49:39'),(669,3,0,0,0,0,0,0,0,1,1,0,0,11,0,0,0,'(\'122.132.49.28\', True)','2019-12-27 11:50:04'),(670,3,0,0,0,0,0,0,0,2,1,0,0,11,0,0,0,'(\'122.132.49.28\', True)','2019-12-27 11:50:15'),(671,3,0,0,0,0,0,0,0,3,4,0,0,11,0,0,0,'(\'122.132.49.28\', True)','2019-12-27 11:50:28'),(672,13,0,0,0,0,0,0,0,3,4,1,0,0,17,0,0,'(\'133.218.173.75\', True)','2019-12-27 12:17:56'),(673,4,0,0,0,0,0,0,0,3,4,0,0,0,18,0,0,'(\'123.255.135.135\', True)','2019-12-27 12:22:28'),(674,1,0,0,0,0,0,0,0,3,1,0,5,0,18,0,0,'(\'153.136.224.242\', True)','2019-12-27 12:36:30'),(675,4,0,0,0,0,0,0,0,3,3,0,5,0,17,0,0,'(\'119.10.250.219\', True)','2019-12-27 12:44:55'),(676,12,0,0,0,0,0,0,0,3,4,0,0,0,17,22,0,'(\'126.133.236.80\', True)','2019-12-27 13:32:20'),(677,13,0,0,0,0,0,0,0,3,3,0,0,0,0,22,0,'(\'118.166.210.182\', True)','2019-12-27 13:46:38'),(678,13,0,0,0,0,0,0,0,3,4,0,0,0,0,22,0,'(\'118.166.210.182\', True)','2019-12-27 13:46:45'),(679,13,0,0,0,0,0,0,0,3,3,0,5,0,0,22,0,'(\'118.166.210.182\', True)','2019-12-27 13:47:14'),(680,13,0,0,0,0,0,0,0,3,3,0,0,0,17,22,0,'(\'118.166.210.182\', True)','2019-12-27 13:47:36'),(681,1,0,0,0,0,0,0,0,1,4,0,0,0,0,0,0,'(\'119.104.142.234\', True)','2019-12-27 13:57:39'),(682,1,0,0,0,0,0,0,0,1,1,0,0,0,17,0,0,'(\'119.104.142.234\', True)','2019-12-27 13:57:55'),(683,1,0,0,0,0,0,0,0,3,1,0,0,0,17,0,0,'(\'119.104.142.234\', True)','2019-12-27 14:00:01'),(684,1,0,0,0,0,0,0,0,3,4,0,0,0,17,23,0,'(\'119.104.142.234\', True)','2019-12-27 14:00:59'),(685,1,0,0,0,0,0,0,0,3,4,0,0,0,17,0,0,'(\'119.104.142.234\', True)','2019-12-27 14:01:30'),(686,13,0,0,0,0,0,0,0,3,4,0,0,9,0,23,0,'(\'126.161.178.138\', True)','2019-12-27 14:14:39'),(687,1,0,0,0,0,0,0,0,1,2,0,0,0,0,0,0,'(\'180.38.100.206\', True)','2019-12-27 14:21:42'),(688,3,0,0,0,0,0,0,0,3,1,1,0,0,17,0,0,'(\'118.240.143.138\', True)','2019-12-27 14:30:56'),(689,2,15,0,0,0,0,0,0,3,2,0,0,0,20,0,0,'(\'1.75.231.192\', True)','2019-12-27 14:35:04'),(690,2,22,0,0,0,0,0,0,3,2,0,0,0,20,0,0,'(\'1.75.231.192\', True)','2019-12-27 14:35:55'),(691,3,0,0,0,0,0,0,0,3,3,0,0,0,17,0,0,'(\'202.142.11.25\', True)','2019-12-27 14:57:00'),(692,3,0,0,0,0,0,0,0,3,4,2,0,0,17,0,0,'(\'202.142.11.25\', True)','2019-12-27 14:57:10'),(693,3,0,0,0,0,0,0,0,3,4,1,0,0,17,0,0,'(\'202.142.11.25\', True)','2019-12-27 14:57:19'),(694,3,0,0,0,0,0,0,0,3,4,2,0,0,17,0,0,'(\'202.142.11.25\', True)','2019-12-27 14:57:22'),(695,4,0,0,0,0,0,0,0,3,1,0,0,0,0,21,0,'(\'59.166.142.247\', True)','2019-12-27 15:34:40'),(696,5,0,0,0,0,0,0,0,3,2,0,0,0,17,0,0,'(\'126.182.64.142\', True)','2019-12-27 16:23:41'),(697,3,0,0,0,0,0,0,0,2,1,0,0,0,17,0,0,'(\'101.55.244.193\', True)','2019-12-27 16:57:14'),(698,11,0,0,0,0,0,0,0,3,1,0,6,0,19,21,0,'(\'59.139.209.155\', True)','2019-12-27 17:02:02'),(699,1,22,23,24,0,0,0,0,3,4,0,0,0,17,0,0,'(\'110.135.53.70\', True)','2019-12-27 17:04:31'),(700,3,0,0,0,0,0,0,0,1,1,0,0,0,17,0,0,'(\'218.217.34.130\', True)','2019-12-27 17:47:18'),(701,5,0,0,0,0,0,0,0,3,1,0,0,0,17,0,0,'(\'126.182.64.142\', True)','2019-12-27 18:21:22'),(702,11,0,0,0,0,0,0,0,3,1,0,0,0,0,0,0,'(\'114.152.22.55\', True)','2019-12-27 20:31:04'),(703,11,0,0,0,0,0,0,0,3,4,0,5,0,18,0,0,'(\'114.152.22.55\', True)','2019-12-27 20:32:07'),(704,11,0,0,0,0,0,0,0,3,4,1,0,9,17,0,0,'(\'153.168.28.96\', True)','2019-12-27 20:56:10'),(705,13,0,0,0,0,0,0,0,3,4,1,0,0,17,0,0,'(\'122.196.84.250\', True)','2019-12-27 21:11:25'),(706,1,0,0,0,0,0,0,0,1,1,0,0,0,0,0,0,'(\'119.242.36.243\', True)','2019-12-27 21:14:04'),(707,1,0,0,0,0,0,0,0,3,1,0,0,0,0,0,0,'(\'119.242.36.243\', True)','2019-12-27 21:15:09'),(708,12,8,0,0,0,0,0,0,3,1,0,0,0,0,0,0,'(\'119.242.36.243\', True)','2019-12-27 21:15:27'),(709,12,8,0,0,0,0,0,0,3,1,0,0,0,0,24,0,'(\'119.242.36.243\', True)','2019-12-27 21:15:55'),(710,1,0,0,0,0,0,0,0,1,1,0,0,0,0,0,0,'(\'119.242.36.243\', True)','2019-12-27 21:16:14'),(711,8,0,0,0,0,0,0,0,3,4,0,0,0,18,21,0,'(\'118.238.253.212\', True)','2019-12-27 23:49:36'),(712,4,1,0,0,0,0,0,0,1,1,0,0,0,0,0,0,'(\'180.6.231.231\', True)','2019-12-28 00:24:32'),(713,4,0,0,0,0,0,0,0,3,4,0,0,0,17,0,0,'(\'49.104.21.174\', True)','2019-12-28 00:25:20'),(714,4,0,0,0,0,0,0,0,3,1,0,0,0,17,0,0,'(\'49.104.21.174\', True)','2019-12-28 00:25:35'),(715,4,0,0,0,0,0,0,0,3,4,0,0,0,17,0,0,'(\'49.104.21.174\', True)','2019-12-28 00:26:07'),(716,12,0,0,0,0,0,0,0,3,1,0,0,0,0,0,0,'(\'126.93.175.191\', True)','2019-12-28 00:58:02'),(717,1,0,0,0,0,0,0,0,3,1,0,5,9,0,22,0,'(\'126.93.175.191\', True)','2019-12-28 00:59:07'),(718,1,0,0,0,0,0,0,0,3,4,0,5,9,0,22,0,'(\'126.93.175.191\', True)','2019-12-28 01:00:10'),(719,9,0,0,0,0,0,0,0,3,4,0,5,0,17,0,0,'(\'219.100.181.101\', True)','2019-12-28 01:21:33'),(720,9,0,0,0,0,0,0,0,3,3,0,5,0,17,0,0,'(\'219.100.181.101\', True)','2019-12-28 01:21:50'),(721,9,0,0,0,0,0,0,0,3,3,0,5,0,18,0,0,'(\'219.100.181.101\', True)','2019-12-28 01:22:11'),(722,1,0,0,0,0,0,0,0,3,1,0,0,0,17,0,0,'(\'60.42.244.236\', True)','2019-12-28 01:39:43'),(723,4,0,0,0,0,0,0,0,3,1,0,0,0,17,21,0,'(\'60.42.244.236\', True)','2019-12-28 01:40:39'),(724,13,0,0,0,0,0,0,0,3,2,0,0,0,19,23,0,'(\'111.239.255.86\', True)','2019-12-28 01:50:59'),(725,13,0,0,0,0,0,0,0,3,4,0,0,0,19,22,0,'(\'111.239.255.86\', True)','2019-12-28 01:51:33'),(726,3,0,0,0,0,0,0,0,3,4,0,0,0,19,22,0,'(\'111.239.255.86\', True)','2019-12-28 01:52:01'),(727,4,22,23,24,25,0,0,0,1,4,0,6,0,0,24,0,'(\'126.33.82.239\', True)','2019-12-28 02:29:42'),(728,1,0,0,0,0,0,0,0,1,1,0,0,0,0,0,0,'(\'114.17.90.108\', True)','2019-12-28 02:53:59'),(729,11,22,23,24,25,26,0,0,1,4,0,0,0,17,21,0,'(\'114.17.90.108\', True)','2019-12-28 02:55:04'),(730,4,1,0,0,0,0,0,0,1,4,1,5,0,0,0,0,'(\'123.224.111.148\', True)','2019-12-28 03:55:36'),(731,4,1,0,0,0,0,0,0,1,1,1,0,0,0,0,0,'(\'123.224.111.148\', True)','2019-12-28 03:56:14'),(732,14,1,2,3,4,5,6,7,1,4,4,0,9,0,0,0,'(\'222.150.245.169\', True)','2019-12-28 04:31:04'),(733,4,1,0,0,0,0,0,0,2,1,1,0,0,0,0,0,'(\'123.224.111.148\', True)','2019-12-28 04:34:40'),(734,13,0,0,0,0,0,0,0,1,1,0,0,0,0,0,0,'(\'126.153.37.209\', True)','2019-12-28 04:55:21'),(735,6,0,0,0,0,0,0,0,3,1,2,0,0,0,21,0,'(\'60.144.77.88\', True)','2019-12-28 05:15:11'),(736,6,0,0,0,0,0,0,0,3,4,2,0,0,0,21,0,'(\'60.144.77.88\', True)','2019-12-28 05:15:38'),(737,6,0,0,0,0,0,0,0,3,4,2,0,0,0,21,0,'(\'60.144.77.88\', True)','2019-12-28 05:16:08'),(738,12,22,23,24,25,26,27,28,3,1,0,0,0,0,24,0,'(\'126.245.227.102\', True)','2019-12-28 05:18:57'),(739,1,0,0,0,0,0,0,0,3,4,0,0,0,17,22,0,'(\'106.154.130.213\', True)','2019-12-28 05:27:48'),(740,10,22,23,24,25,26,27,28,1,4,0,0,0,17,24,0,'(\'220.99.153.227\', True)','2019-12-28 05:41:46'),(741,8,0,0,0,0,0,0,0,3,4,0,0,9,18,0,0,'(\'124.98.173.220\', True)','2019-12-28 06:26:46'),(742,8,0,0,0,0,0,0,0,2,4,0,0,11,18,0,0,'(\'124.98.173.220\', True)','2019-12-28 06:27:08'),(743,1,22,0,0,0,0,0,0,1,1,0,0,0,0,0,0,'(\'123.103.232.156\', True)','2019-12-28 06:45:21'),(744,12,22,23,24,25,26,27,29,1,4,0,0,0,0,24,0,'(\'60.42.166.196\', True)','2019-12-28 06:48:23'),(745,13,0,0,0,0,0,0,0,3,1,1,0,0,0,0,0,'(\'59.166.142.247\', True)','2019-12-28 06:59:49'),(746,5,1,2,3,4,5,6,7,1,4,4,0,0,17,0,0,'(\'126.141.178.191\', True)','2019-12-28 07:04:45'),(747,1,0,0,0,0,0,0,0,1,1,0,0,0,0,0,0,'(\'111.239.159.224\', True)','2019-12-28 07:07:18'),(748,4,0,0,0,0,0,0,0,2,4,0,5,0,17,0,0,'(\'111.239.159.224\', True)','2019-12-28 07:08:21'),(749,1,0,0,0,0,0,0,0,1,1,0,0,0,0,0,0,'(\'182.251.77.116\', True)','2019-12-28 07:18:00'),(750,1,0,0,0,0,0,0,0,3,1,0,0,0,0,23,0,'(\'182.251.77.116\', True)','2019-12-28 07:18:14'),(751,1,0,0,0,0,0,0,0,3,3,0,0,0,0,23,0,'(\'182.251.77.116\', True)','2019-12-28 07:18:19'),(752,1,0,0,0,0,0,0,0,1,4,0,0,0,0,23,0,'(\'182.251.77.116\', True)','2019-12-28 07:19:24'),(753,1,0,0,0,0,0,0,0,3,4,0,0,0,0,23,0,'(\'182.251.77.116\', True)','2019-12-28 07:19:35'),(754,11,1,2,3,4,5,6,7,3,4,0,5,0,17,21,0,'(\'202.90.215.145\', True)','2019-12-28 07:46:55'),(755,4,0,0,0,0,0,0,0,1,1,0,0,0,0,0,0,'(\'122.135.155.144\', True)','2019-12-28 08:00:33'),(756,4,0,0,0,0,0,0,0,3,1,0,6,0,17,0,0,'(\'60.71.48.247\', True)','2019-12-28 08:03:43'),(757,1,0,0,0,0,0,0,0,3,1,0,0,0,17,0,0,'(\'180.27.21.29\', True)','2019-12-28 08:03:51'),(758,11,0,0,0,0,0,0,0,3,4,0,0,0,17,0,0,'(\'180.27.21.29\', True)','2019-12-28 08:04:30'),(759,11,0,0,0,0,0,0,0,3,3,0,0,0,17,0,0,'(\'180.27.21.29\', True)','2019-12-28 08:04:54'),(760,6,0,0,0,0,0,0,0,3,4,0,5,0,17,21,0,'(\'126.35.119.237\', True)','2019-12-28 08:14:52'),(761,14,0,0,0,0,0,0,0,1,4,0,0,0,0,0,0,'(\'49.104.9.216\', True)','2019-12-28 09:29:43'),(762,4,0,0,0,0,0,0,0,3,4,1,0,0,17,0,0,'(\'106.132.202.228\', True)','2019-12-28 09:33:16'),(763,1,0,0,0,0,0,0,0,1,1,0,0,0,17,22,0,'(\'60.157.77.200\', True)','2019-12-28 09:34:45'),(764,1,0,0,0,0,0,0,0,3,1,0,0,0,17,22,0,'(\'60.157.77.200\', True)','2019-12-28 09:37:55'),(765,1,0,0,0,0,0,0,0,3,1,0,0,0,0,22,0,'(\'122.24.14.201\', True)','2019-12-28 10:19:20'),(766,11,0,0,0,0,0,0,0,3,1,0,0,0,17,0,0,'(\'122.130.225.222\', True)','2019-12-28 10:32:10'),(767,11,0,0,0,0,0,0,0,2,1,0,0,0,17,0,0,'(\'122.130.225.222\', True)','2019-12-28 10:32:37'),(768,11,0,0,0,0,0,0,0,3,4,0,0,0,17,0,0,'(\'122.130.225.222\', True)','2019-12-28 10:39:55'),(769,11,0,0,0,0,0,0,0,3,2,0,0,0,17,0,0,'(\'122.130.225.222\', True)','2019-12-28 10:40:21'),(770,13,1,2,24,25,26,27,28,3,4,0,0,0,17,21,0,'(\'180.60.18.0\', True)','2019-12-28 11:18:43'),(771,1,1,0,0,0,0,0,0,1,4,0,0,0,0,0,0,'(\'106.129.202.222\', True)','2019-12-28 11:49:32'),(772,1,22,0,0,0,0,0,0,1,4,0,0,0,0,0,0,'(\'106.129.202.222\', True)','2019-12-28 11:50:04'),(773,1,22,0,0,0,0,0,0,1,4,0,0,0,0,0,0,'(\'106.129.202.222\', True)','2019-12-28 11:50:04'),(774,1,22,0,0,0,0,0,0,3,4,0,0,0,0,0,0,'(\'106.129.202.222\', True)','2019-12-28 11:50:19'),(775,1,8,0,0,0,0,0,0,3,4,0,0,0,0,0,0,'(\'106.129.202.222\', True)','2019-12-28 11:50:57'),(776,1,8,0,0,0,0,0,0,3,4,0,0,0,0,24,0,'(\'106.129.202.222\', True)','2019-12-28 11:51:37'),(777,3,0,0,0,0,0,0,0,1,4,4,0,0,0,0,0,'(\'61.7.37.179\', True)','2019-12-28 11:52:56'),(778,1,0,0,0,0,0,0,0,2,4,0,0,0,0,0,0,'(\'119.104.142.27\', True)','2019-12-28 12:04:54'),(779,9,1,2,3,4,5,6,7,1,4,2,0,9,17,0,0,'(\'126.179.168.175\', True)','2019-12-28 12:11:15'),(780,9,1,2,3,0,0,0,0,1,1,0,0,0,0,0,0,'(\'49.97.107.231\', True)','2019-12-28 12:55:30'),(781,9,1,2,3,0,0,0,0,1,2,1,0,0,0,0,0,'(\'49.97.107.231\', True)','2019-12-28 13:04:42'),(782,11,0,0,0,0,0,0,0,2,2,0,0,0,17,0,0,'(\'122.130.225.222\', True)','2019-12-28 13:12:55'),(783,7,0,0,0,0,0,0,0,3,1,0,0,0,17,0,0,'(\'36.3.160.81\', True)','2019-12-28 13:35:22'),(784,12,0,0,0,0,0,0,0,3,4,0,0,0,0,23,0,'(\'183.176.68.39\', True)','2019-12-28 13:41:39'),(785,1,0,0,0,0,0,0,0,3,4,0,0,0,20,0,0,'(\'39.3.11.111\', True)','2019-12-28 13:54:14'),(786,1,0,0,0,0,0,0,0,1,4,0,0,0,20,0,0,'(\'39.3.11.111\', True)','2019-12-28 13:57:46'),(787,1,0,0,0,0,0,0,0,3,4,0,0,0,18,0,0,'(\'39.3.11.111\', True)','2019-12-28 14:00:30'),(788,1,0,0,0,0,0,0,0,1,4,0,0,0,20,0,0,'(\'39.3.11.111\', True)','2019-12-28 14:00:52'),(789,1,0,0,0,0,0,0,0,3,4,0,0,0,20,0,0,'(\'39.3.11.111\', True)','2019-12-28 14:05:44'),(790,1,0,0,0,0,0,0,0,3,4,0,0,0,18,0,0,'(\'39.3.11.111\', True)','2019-12-28 14:05:50'),(791,13,0,0,0,0,0,0,0,3,4,0,0,9,0,23,0,'(\'119.224.242.58\', True)','2019-12-28 14:19:30'),(792,13,0,0,0,0,0,0,0,3,4,0,0,0,17,22,0,'(\'58.158.69.102\', True)','2019-12-28 14:19:59'),(793,11,0,0,0,0,0,0,0,3,4,1,0,0,17,0,0,'(\'119.224.242.58\', True)','2019-12-28 14:20:35'),(794,9,0,0,0,0,0,0,0,1,2,0,0,0,0,0,0,'(\'49.97.107.231\', True)','2019-12-28 14:21:41'),(795,13,0,0,0,0,0,0,0,3,4,0,0,0,17,22,0,'(\'119.224.242.58\', True)','2019-12-28 14:22:20'),(796,9,0,0,0,0,0,0,0,3,1,0,0,0,18,0,0,'(\'126.133.232.255\', True)','2019-12-28 14:27:05'),(797,9,1,0,0,0,0,0,0,3,2,0,0,0,0,0,0,'(\'49.97.107.231\', True)','2019-12-28 14:30:29'),(798,9,1,0,0,0,0,0,0,3,1,0,0,0,0,0,0,'(\'49.97.107.231\', True)','2019-12-28 14:30:44'),(799,1,22,23,24,25,26,27,28,3,1,0,0,0,0,24,0,'(\'222.12.229.36\', True)','2019-12-28 14:41:55'),(800,1,0,0,0,0,0,0,0,3,4,0,0,0,17,24,0,'(\'222.12.229.36\', True)','2019-12-28 14:44:17'),(801,12,0,0,0,0,0,0,0,1,1,0,0,0,18,0,0,'(\'220.221.18.64\', True)','2019-12-28 14:48:28'),(802,1,0,0,0,0,0,0,0,3,1,0,0,0,0,24,0,'(\'222.12.229.36\', True)','2019-12-28 14:48:37'),(803,1,0,0,0,0,0,0,0,3,4,1,0,0,17,0,0,'(\'180.63.7.217\', True)','2019-12-28 14:55:35'),(804,3,1,2,3,0,0,0,0,3,4,0,0,9,18,21,0,'(\'118.83.38.254\', True)','2019-12-28 15:33:47'),(805,1,0,0,0,0,0,0,0,1,4,0,0,0,0,0,0,'(\'118.155.79.127\', True)','2019-12-28 15:45:35'),(806,1,0,0,0,0,0,0,0,1,4,0,0,0,0,22,0,'(\'118.155.79.127\', True)','2019-12-28 15:45:56'),(807,1,0,0,0,0,0,0,0,3,4,0,0,0,0,22,0,'(\'118.155.79.127\', True)','2019-12-28 15:46:23'),(808,4,0,0,0,0,0,0,0,3,1,3,0,0,18,0,0,'(\'49.104.21.174\', True)','2019-12-28 16:03:59'),(809,4,0,0,0,0,0,0,0,3,1,3,0,0,18,0,0,'(\'106.132.218.79\', True)','2019-12-28 16:04:11'),(810,4,0,0,0,0,0,0,0,3,1,0,7,0,18,0,0,'(\'106.132.218.79\', True)','2019-12-28 16:05:01'),(811,11,0,0,0,0,0,0,0,3,4,0,5,0,17,21,0,'(\'60.138.252.177\', True)','2019-12-28 16:31:55'),(812,3,0,0,0,0,0,0,0,3,1,0,0,0,17,0,0,'(\'60.137.253.175\', True)','2019-12-28 16:50:18'),(813,5,0,0,0,0,0,0,0,3,4,0,0,0,17,22,0,'(\'203.165.136.117\', True)','2019-12-28 17:03:41'),(814,4,0,0,0,0,0,0,0,3,1,1,5,0,17,0,0,'(\'126.199.90.66\', True)','2019-12-28 17:12:34'),(815,4,0,0,0,0,0,0,0,3,1,0,5,0,17,21,0,'(\'126.199.90.66\', True)','2019-12-28 17:14:13'),(816,14,0,0,0,0,0,0,0,3,3,0,6,0,0,0,0,'(\'118.240.112.131\', True)','2019-12-28 17:15:45'),(817,11,0,0,0,0,0,0,0,3,4,1,0,9,17,0,0,'(\'153.168.28.96\', True)','2019-12-28 18:45:53'),(818,1,0,0,0,0,0,0,0,3,1,0,0,0,17,0,0,'(\'220.151.47.196\', True)','2019-12-28 22:06:29'),(819,9,0,0,0,0,0,0,0,3,1,1,0,0,0,0,0,'(\'49.98.169.253\', True)','2019-12-28 23:01:14'),(820,1,0,0,0,0,0,0,0,1,4,3,0,0,0,21,0,'(\'119.106.1.210\', True)','2019-12-28 23:10:04'),(821,9,1,0,0,0,0,0,0,3,1,0,0,0,0,0,0,'(\'49.98.169.253\', True)','2019-12-28 23:28:13'),(822,1,0,0,0,0,0,0,0,3,1,0,0,0,18,0,0,'(\'39.3.11.111\', True)','2019-12-28 23:51:40'),(823,1,0,0,0,0,0,0,0,3,1,0,0,0,18,21,0,'(\'39.3.11.111\', True)','2019-12-28 23:51:51'),(824,1,0,0,0,0,0,0,0,3,4,0,0,0,18,21,0,'(\'39.3.11.111\', True)','2019-12-28 23:52:01'),(825,11,0,0,0,0,0,0,0,1,1,0,0,0,20,0,0,'(\'119.236.160.118\', True)','2019-12-29 00:03:17'),(826,11,0,0,0,0,0,0,0,3,4,0,6,0,17,0,0,'(\'126.193.0.138\', True)','2019-12-29 00:46:04'),(827,11,0,0,0,0,0,0,0,3,4,0,8,0,17,0,0,'(\'126.193.0.138\', True)','2019-12-29 00:46:33'),(828,11,0,0,0,0,0,0,0,3,4,0,5,0,17,0,0,'(\'126.193.0.138\', True)','2019-12-29 00:47:19'),(829,9,0,0,0,0,0,0,0,2,1,0,0,0,17,0,0,'(\'153.156.9.28\', True)','2019-12-29 01:06:46'),(830,9,0,0,0,0,0,0,0,2,2,0,0,0,0,0,0,'(\'153.156.9.28\', True)','2019-12-29 01:07:46'),(831,1,0,0,0,0,0,0,0,3,1,0,0,0,17,0,0,'(\'180.38.100.206\', True)','2019-12-29 01:55:35'),(832,13,0,0,0,0,0,0,0,3,1,0,0,0,0,0,0,'(\'123.48.97.242\', True)','2019-12-29 02:01:06'),(833,13,1,2,3,4,5,6,7,3,2,1,0,0,17,0,0,'(\'123.48.97.242\', True)','2019-12-29 02:01:52'),(834,13,0,0,0,0,0,0,0,3,2,1,0,0,17,0,0,'(\'123.48.97.242\', True)','2019-12-29 02:04:38'),(835,13,0,0,0,0,0,0,0,3,3,1,0,0,17,0,0,'(\'123.48.97.242\', True)','2019-12-29 02:04:44'),(836,11,0,0,0,0,0,0,0,1,2,0,0,0,17,0,0,'(\'183.77.200.238\', True)','2019-12-29 02:10:27'),(837,11,0,0,0,0,0,0,0,3,2,0,0,0,17,0,0,'(\'183.77.200.238\', True)','2019-12-29 02:10:46'),(838,3,0,0,0,0,0,0,0,3,4,4,0,0,0,0,0,'(\'49.96.42.118\', True)','2019-12-29 02:24:06'),(839,3,0,0,0,0,0,0,0,3,4,1,0,0,0,0,0,'(\'49.96.42.118\', True)','2019-12-29 02:24:35'),(840,3,0,0,0,0,0,0,0,3,1,1,0,0,0,0,0,'(\'49.96.42.118\', True)','2019-12-29 02:24:52'),(841,3,0,0,0,0,0,0,0,3,4,1,5,0,17,0,0,'(\'14.10.96.161\', True)','2019-12-29 03:39:39'),(842,3,0,0,0,0,0,0,0,3,4,1,5,0,17,21,0,'(\'14.10.96.161\', True)','2019-12-29 03:40:28'),(843,3,0,0,0,0,0,0,0,3,4,1,5,0,17,22,0,'(\'14.10.96.161\', True)','2019-12-29 03:41:04'),(844,3,0,0,0,0,0,0,0,3,4,1,5,9,17,22,0,'(\'14.10.96.161\', True)','2019-12-29 03:41:45'),(845,10,0,0,0,0,0,0,0,3,4,1,5,9,17,22,0,'(\'14.10.96.161\', True)','2019-12-29 03:42:37'),(846,13,0,0,0,0,0,0,0,3,4,0,0,9,18,0,0,'(\'121.82.209.163\', True)','2019-12-29 06:45:34'),(847,9,22,16,24,25,26,27,29,1,4,0,0,0,17,24,0,'(\'111.90.91.134\', True)','2019-12-29 06:58:01'),(848,13,0,0,0,0,0,0,0,3,1,0,0,0,0,22,0,'(\'110.67.11.163\', True)','2019-12-29 08:51:34'),(849,2,22,16,24,0,0,0,0,1,1,0,0,0,0,0,0,'(\'114.174.195.15\', True)','2019-12-29 08:56:37'),(850,10,0,0,0,0,0,0,0,1,4,0,0,0,17,24,0,'(\'124.145.30.228\', True)','2019-12-29 09:01:40'),(851,1,0,0,0,0,0,0,0,3,3,0,0,0,18,21,0,'(\'39.3.11.111\', True)','2019-12-29 09:10:44'),(852,1,0,0,0,0,0,0,0,3,3,0,0,0,18,0,0,'(\'39.3.11.111\', True)','2019-12-29 09:10:50'),(853,13,0,0,0,0,0,0,0,2,1,2,0,0,0,0,0,'(\'119.236.160.118\', True)','2019-12-29 09:32:35'),(854,2,0,0,0,0,0,0,0,3,4,0,0,0,17,22,0,'(\'153.144.3.172\', True)','2019-12-29 09:53:53'),(855,12,0,0,0,0,0,0,0,3,4,0,5,0,0,22,0,'(\'106.128.46.110\', True)','2019-12-29 11:10:01'),(856,13,0,0,0,0,0,0,28,2,1,0,0,0,0,0,0,'(\'119.236.160.118\', True)','2019-12-29 11:16:12'),(857,13,15,16,17,18,19,27,0,2,1,0,0,0,0,0,0,'(\'119.236.160.118\', True)','2019-12-29 11:16:47'),(858,8,0,0,0,0,0,0,0,3,4,0,0,0,18,0,0,'(\'60.119.172.171\', True)','2019-12-29 12:53:41'),(859,4,0,0,0,0,0,0,0,3,1,2,0,0,19,0,0,'(\'106.132.211.249\', True)','2019-12-29 13:26:06'),(860,4,0,0,0,0,0,0,0,3,1,2,0,0,19,0,0,'(\'106.132.211.249\', True)','2019-12-29 13:26:07'),(861,7,0,0,0,0,0,0,0,2,4,0,6,0,19,0,0,'(\'124.86.36.222\', True)','2019-12-29 13:45:18'),(862,5,0,0,0,0,0,0,0,1,1,0,0,0,0,0,0,'(\'180.145.215.1\', True)','2019-12-29 13:57:31'),(863,5,0,0,0,0,0,0,0,1,1,0,0,0,18,0,0,'(\'180.145.215.1\', True)','2019-12-29 13:57:40'),(864,5,0,0,0,0,0,0,0,3,1,0,0,0,18,0,0,'(\'180.145.215.1\', True)','2019-12-29 13:57:50'),(865,1,0,0,0,0,0,0,0,3,4,0,5,0,17,21,0,'(\'115.36.143.58\', True)','2019-12-29 14:11:22'),(866,8,1,2,3,4,5,6,7,2,4,4,0,0,0,0,0,'(\'123.224.111.148\', True)','2019-12-29 14:45:21'),(867,8,1,2,3,4,5,6,7,2,4,0,0,0,0,0,0,'(\'123.224.111.148\', True)','2019-12-29 14:46:40'),(868,1,0,0,0,0,0,0,0,3,1,0,0,0,0,21,0,'(\'60.157.77.200\', True)','2019-12-29 14:48:21'),(869,1,0,0,0,0,0,0,0,3,1,0,0,0,17,21,0,'(\'60.157.77.200\', True)','2019-12-29 14:49:25'),(870,1,0,0,0,0,0,0,0,3,1,0,0,0,17,22,0,'(\'60.157.77.200\', True)','2019-12-29 14:49:46'),(871,12,22,23,24,25,26,27,29,1,1,0,0,0,0,24,0,'(\'220.211.149.42\', True)','2019-12-29 15:40:02'),(872,12,22,23,24,25,26,27,29,2,1,0,0,0,0,24,0,'(\'220.211.149.42\', True)','2019-12-29 15:40:31'),(873,12,22,23,24,25,26,27,28,2,1,0,0,0,0,24,0,'(\'220.211.149.42\', True)','2019-12-29 15:40:51'),(874,12,22,23,24,25,26,27,28,3,1,0,0,0,0,24,0,'(\'220.211.149.42\', True)','2019-12-29 15:41:03'),(875,3,0,0,0,0,0,0,0,3,4,1,0,0,17,0,0,'(\'60.126.22.69\', True)','2019-12-29 15:52:12'),(876,14,0,0,0,0,0,0,0,3,1,0,7,0,0,0,0,'(\'126.161.134.82\', True)','2019-12-29 15:58:11'),(877,5,0,0,0,0,0,0,0,1,1,0,0,0,0,23,0,'(\'60.71.24.94\', True)','2019-12-29 17:33:08'),(878,5,0,0,0,0,0,0,0,1,4,0,0,0,0,23,0,'(\'60.71.24.94\', True)','2019-12-29 17:33:49'),(879,12,0,0,0,0,0,0,0,3,2,0,0,0,0,0,0,'(\'60.126.19.232\', True)','2019-12-29 18:11:49'),(880,4,0,0,0,0,0,0,0,3,2,0,6,0,0,0,0,'(\'180.196.18.222\', True)','2019-12-29 18:59:30'),(881,10,0,0,0,0,0,0,0,3,4,0,0,9,18,0,0,'(\'106.73.202.34\', True)','2019-12-29 21:49:50'),(882,3,0,0,0,0,0,0,0,3,4,1,5,9,0,0,0,'(\'114.185.248.50\', True)','2019-12-29 23:30:20'),(883,5,1,2,3,4,5,6,7,1,4,4,0,0,0,0,0,'(\'114.16.134.204\', True)','2019-12-30 00:09:06'),(884,13,0,0,0,0,0,0,0,3,4,0,0,0,17,22,0,'(\'175.100.238.62\', True)','2019-12-30 00:16:40'),(885,11,0,0,0,0,0,0,0,3,1,0,0,0,17,0,0,'(\'125.207.37.181\', True)','2019-12-30 00:31:31'),(886,14,1,2,10,4,5,6,7,1,4,2,0,0,18,0,0,'(\'126.35.5.160\', True)','2019-12-30 00:57:12'),(887,1,0,0,0,0,0,0,0,3,1,0,0,0,17,0,0,'(\'106.132.80.94\', True)','2019-12-30 01:37:39'),(888,3,0,0,0,0,0,0,0,1,1,0,0,0,0,0,0,'(\'60.114.28.20\', True)','2019-12-30 03:16:11'),(889,1,22,23,0,0,0,0,0,3,1,0,0,0,0,0,0,'(\'58.189.29.110\', True)','2019-12-30 04:17:40'),(890,1,22,23,0,0,0,0,0,3,4,0,0,0,0,0,0,'(\'58.189.29.110\', True)','2019-12-30 04:17:56'),(891,1,22,23,0,0,0,0,0,3,4,0,0,0,0,0,0,'(\'58.189.29.110\', True)','2019-12-30 04:18:05'),(892,3,0,0,0,0,0,0,0,3,4,1,0,0,17,0,0,'(\'106.133.176.243\', True)','2019-12-30 05:13:51'),(893,5,0,0,0,0,0,0,0,3,1,0,0,0,17,0,0,'(\'60.42.195.7\', True)','2019-12-30 05:25:58'),(894,5,1,2,3,4,5,6,7,3,4,2,0,0,17,0,0,'(\'60.42.195.7\', True)','2019-12-30 05:26:33'),(895,1,0,0,0,0,0,0,0,1,1,0,0,0,0,0,0,'(\'126.127.83.57\', True)','2019-12-30 06:21:35'),(896,2,22,23,24,25,26,27,28,1,3,0,0,0,17,23,0,'(\'125.1.135.153\', True)','2019-12-30 06:23:31'),(897,12,22,23,24,25,26,27,28,1,4,0,0,0,17,24,0,'(\'125.1.135.153\', True)','2019-12-30 06:24:13'),(898,13,0,0,0,0,0,0,0,3,1,0,5,0,17,0,0,'(\'126.255.27.71\', True)','2019-12-30 06:40:36'),(899,1,0,0,0,0,0,0,0,3,1,0,0,0,0,24,0,'(\'114.142.179.139\', True)','2019-12-30 06:44:42'),(900,12,22,23,24,0,0,0,0,3,4,0,5,0,0,24,0,'(\'106.158.138.192\', True)','2019-12-30 06:52:42'),(901,12,22,23,24,25,26,27,28,3,4,0,0,0,17,23,0,'(\'106.158.138.192\', True)','2019-12-30 06:53:45'),(902,12,22,23,24,25,26,27,28,3,4,0,0,0,0,0,0,'(\'106.158.138.192\', True)','2019-12-30 06:54:52'),(903,12,22,23,24,25,26,27,28,2,4,0,0,0,0,0,0,'(\'106.158.138.192\', True)','2019-12-30 06:55:19'),(904,12,22,23,24,25,26,27,28,1,4,0,0,0,0,0,0,'(\'106.158.138.192\', True)','2019-12-30 06:55:35'),(905,12,22,23,24,25,26,27,28,3,4,2,0,0,17,0,0,'(\'106.158.138.192\', True)','2019-12-30 06:56:05'),(906,12,22,23,24,25,26,27,28,1,4,0,5,0,0,24,0,'(\'106.158.138.192\', True)','2019-12-30 07:15:32'),(907,12,22,23,24,25,26,27,28,2,4,0,5,0,0,24,0,'(\'106.158.138.192\', True)','2019-12-30 07:16:11'),(908,12,22,23,24,25,26,27,28,3,4,0,5,0,0,24,0,'(\'106.158.138.192\', True)','2019-12-30 07:16:32'),(909,12,22,23,24,25,26,27,28,3,4,2,0,0,17,0,0,'(\'106.158.138.192\', True)','2019-12-30 07:19:54'),(910,14,0,0,0,0,0,0,0,3,2,0,0,0,18,0,0,'(\'125.202.33.206\', True)','2019-12-30 08:55:36'),(911,14,0,0,0,0,0,0,0,3,3,0,0,0,18,0,0,'(\'125.202.33.206\', True)','2019-12-30 08:56:38'),(912,13,22,23,24,25,26,27,28,1,1,0,0,0,0,0,0,'(\'124.210.23.10\', True)','2019-12-30 08:57:56'),(913,14,0,0,0,0,0,0,0,3,2,0,0,0,18,0,0,'(\'125.202.33.206\', True)','2019-12-30 08:58:32'),(914,14,0,0,0,0,0,0,0,3,4,0,0,0,19,0,0,'(\'125.202.33.206\', True)','2019-12-30 08:59:04'),(915,4,22,23,24,25,26,27,28,3,4,0,0,0,0,23,0,'(\'111.239.155.164\', True)','2019-12-30 09:48:05'),(916,7,1,2,3,4,5,6,7,3,4,1,0,0,17,0,0,'(\'180.5.116.238\', True)','2019-12-30 10:31:37'),(917,6,0,0,0,0,0,0,0,3,4,0,0,0,17,22,0,'(\'175.100.238.62\', True)','2019-12-30 10:42:39'),(918,13,22,23,24,25,26,27,28,3,4,2,0,0,17,0,0,'(\'106.158.138.192\', True)','2019-12-30 11:29:39'),(919,13,22,23,24,25,26,27,28,3,4,2,5,0,17,0,0,'(\'106.158.138.192\', True)','2019-12-30 11:29:47'),(920,13,22,23,24,25,26,27,28,3,4,0,0,0,17,22,0,'(\'106.158.138.192\', True)','2019-12-30 11:34:12'),(921,12,0,0,0,0,0,0,0,3,4,1,5,0,17,24,0,'(\'61.213.217.110\', True)','2019-12-30 12:05:14'),(922,12,0,0,0,0,0,0,0,3,1,1,5,0,17,24,0,'(\'61.213.217.110\', True)','2019-12-30 12:05:21'),(923,13,0,0,0,0,0,0,0,3,1,0,0,0,0,22,0,'(\'61.213.217.110\', True)','2019-12-30 12:14:47'),(924,9,0,0,0,0,0,0,0,3,4,1,0,0,17,0,0,'(\'110.233.112.185\', True)','2019-12-30 13:14:45'),(925,2,0,0,0,0,0,0,0,3,4,0,0,0,0,0,0,'(\'182.251.115.45\', True)','2019-12-30 13:25:30'),(926,2,0,0,0,0,0,0,0,3,1,0,0,0,0,22,0,'(\'182.251.115.45\', True)','2019-12-30 13:28:35'),(927,2,0,0,0,0,0,0,0,3,1,0,0,0,17,0,0,'(\'183.180.105.39\', True)','2019-12-30 13:33:23'),(928,2,0,0,0,0,0,0,0,3,1,0,0,0,18,0,0,'(\'183.180.105.39\', True)','2019-12-30 13:33:43'),(929,9,0,0,0,0,0,0,0,3,1,0,0,0,18,0,0,'(\'183.180.105.39\', True)','2019-12-30 13:34:37'),(930,9,1,2,3,4,5,6,7,1,4,4,0,0,0,0,0,'(\'114.171.50.198\', True)','2019-12-30 13:56:56'),(931,9,0,0,0,0,0,0,0,1,1,0,0,0,20,0,0,'(\'114.171.50.198\', True)','2019-12-30 13:57:42'),(932,9,0,0,0,0,0,0,0,2,1,0,0,0,19,0,0,'(\'114.171.50.198\', True)','2019-12-30 13:58:00'),(933,9,0,0,0,0,0,0,0,3,1,0,0,0,18,0,0,'(\'114.171.50.198\', True)','2019-12-30 13:58:14'),(934,13,0,0,0,0,0,0,0,1,4,0,0,0,19,23,0,'(\'1.75.198.177\', True)','2019-12-30 14:29:57'),(935,1,0,0,0,0,0,0,0,3,1,0,0,0,0,0,0,'(\'42.126.91.57\', True)','2019-12-30 14:39:44'),(936,1,0,0,0,0,0,0,0,3,1,0,0,0,0,22,0,'(\'42.126.91.57\', True)','2019-12-30 14:39:57'),(937,1,0,0,0,0,0,0,0,2,1,0,0,0,17,23,0,'(\'106.128.71.13\', True)','2019-12-30 14:51:18'),(938,1,0,0,0,0,0,0,0,1,4,0,0,0,0,0,0,'(\'182.251.114.197\', True)','2019-12-30 16:50:33'),(939,1,0,0,0,0,0,0,0,1,4,0,0,0,0,0,0,'(\'182.251.114.197\', True)','2019-12-30 16:51:22'),(940,1,0,0,0,0,0,0,0,1,1,0,0,0,0,0,0,'(\'182.251.114.197\', True)','2019-12-30 16:51:36'),(941,1,0,0,0,0,0,0,0,2,1,0,0,0,0,0,0,'(\'182.251.114.197\', True)','2019-12-30 16:51:50'),(942,7,0,0,0,0,0,0,0,3,4,1,0,0,17,0,0,'(\'218.224.147.78\', True)','2019-12-30 17:25:06'),(943,5,0,0,0,0,0,0,0,3,4,1,5,0,17,21,0,'(\'180.18.41.62\', True)','2019-12-30 18:33:34'),(944,12,0,0,0,0,0,0,0,1,4,0,0,0,0,23,0,'(\'58.190.14.40\', True)','2019-12-30 19:11:15'),(945,12,0,0,0,0,0,0,0,3,4,0,0,0,0,23,0,'(\'58.190.14.40\', True)','2019-12-30 19:12:04'),(946,10,0,0,0,0,0,0,0,3,4,0,5,0,17,21,0,'(\'126.224.79.38\', True)','2019-12-30 20:01:29'),(947,4,0,0,0,0,0,0,0,2,2,0,5,0,17,0,0,'(\'126.255.27.71\', True)','2019-12-30 20:41:00'),(948,14,0,0,0,0,0,0,0,3,1,0,0,0,17,0,0,'(\'126.255.27.71\', True)','2019-12-30 20:41:42'),(949,4,0,0,0,0,0,0,0,3,1,0,0,0,17,0,0,'(\'126.255.27.71\', True)','2019-12-30 20:52:37'),(950,13,0,0,0,0,0,0,0,2,1,0,0,0,17,0,0,'(\'122.26.218.232\', True)','2019-12-30 21:45:44'),(951,13,0,0,0,0,0,0,0,2,1,0,0,0,18,0,0,'(\'122.26.218.232\', True)','2019-12-30 21:46:04'),(952,13,0,0,0,0,0,0,0,1,1,0,0,0,18,0,0,'(\'122.26.218.232\', True)','2019-12-30 21:56:00'),(953,12,0,0,0,0,0,0,0,3,1,0,6,0,0,0,0,'(\'14.10.49.160\', True)','2019-12-30 22:32:46'),(954,12,0,0,0,0,0,0,0,3,1,0,5,0,0,0,0,'(\'14.10.49.160\', True)','2019-12-30 22:33:02'),(955,6,0,0,0,0,0,0,0,3,4,0,0,0,17,22,0,'(\'60.98.142.127\', True)','2019-12-30 23:01:13'),(956,6,0,0,0,0,0,0,0,3,4,0,0,0,17,22,0,'(\'60.98.142.127\', True)','2019-12-30 23:01:13'),(957,13,0,0,0,0,0,0,0,3,4,0,0,0,17,22,0,'(\'60.104.130.222\', True)','2019-12-30 23:01:40'),(958,14,1,2,3,4,5,6,7,3,4,0,8,0,20,24,0,'(\'220.107.24.132\', True)','2019-12-30 23:23:24'),(959,14,1,2,3,4,5,6,7,3,4,0,8,0,20,0,0,'(\'220.107.24.132\', True)','2019-12-30 23:24:22'),(960,14,0,0,0,0,0,0,0,3,4,0,8,0,20,0,0,'(\'220.107.24.132\', True)','2019-12-30 23:25:02'),(961,14,0,0,0,0,0,0,0,3,4,0,0,0,20,0,0,'(\'220.107.24.132\', True)','2019-12-30 23:25:14'),(962,14,0,0,0,0,0,0,0,2,4,0,8,0,20,0,0,'(\'220.107.24.132\', True)','2019-12-30 23:25:42'),(963,14,0,0,0,0,0,0,0,2,4,0,8,0,19,0,0,'(\'220.107.24.132\', True)','2019-12-30 23:26:08'),(964,2,22,23,24,25,26,27,28,1,4,0,0,0,0,24,0,'(\'122.49.232.116\', True)','2019-12-30 23:34:08'),(965,10,1,2,3,4,5,0,0,3,4,1,0,0,0,0,0,'(\'218.40.117.194\', True)','2019-12-30 23:39:11'),(966,10,1,2,3,4,5,0,0,3,4,1,0,0,0,0,0,'(\'218.40.117.194\', True)','2019-12-30 23:39:12'),(967,12,0,0,0,0,0,0,0,1,1,0,0,0,0,24,0,'(\'180.46.15.128\', True)','2019-12-31 00:52:27'),(968,12,0,0,0,0,0,0,0,3,1,0,0,0,0,24,0,'(\'180.46.15.128\', True)','2019-12-31 00:52:54'),(969,12,0,0,0,0,0,0,0,3,1,0,0,0,0,24,0,'(\'180.46.15.128\', True)','2019-12-31 01:13:20'),(970,1,0,0,0,0,0,0,0,2,1,0,0,0,17,0,0,'(\'126.182.178.166\', True)','2019-12-31 02:06:44'),(971,13,0,0,0,0,0,0,0,2,2,0,0,0,0,0,0,'(\'126.182.178.166\', True)','2019-12-31 02:07:15'),(972,13,0,0,0,0,0,0,0,2,3,0,0,0,0,0,0,'(\'126.182.178.166\', True)','2019-12-31 02:07:37'),(973,13,0,0,0,0,0,0,0,2,4,0,0,0,0,0,0,'(\'126.182.178.166\', True)','2019-12-31 02:07:47'),(974,13,0,0,0,0,0,0,0,3,4,0,0,0,0,22,0,'(\'121.87.3.154\', True)','2019-12-31 03:48:37'),(975,13,0,0,0,0,0,0,0,3,4,0,0,0,0,21,0,'(\'121.87.3.154\', True)','2019-12-31 03:49:05'),(976,13,0,0,0,0,0,0,0,3,1,0,0,0,0,21,0,'(\'121.87.3.154\', True)','2019-12-31 03:49:18'),(977,13,0,0,0,0,0,0,0,3,1,0,0,0,0,22,0,'(\'121.87.3.154\', True)','2019-12-31 03:49:29'),(978,7,0,0,0,0,0,0,0,1,4,1,6,0,17,0,0,'(\'211.126.207.121\', True)','2019-12-31 04:26:29'),(979,3,1,2,3,4,0,0,0,1,1,0,0,0,0,0,0,'(\'126.152.233.210\', True)','2019-12-31 04:30:14'),(980,3,1,2,3,4,5,6,7,3,1,0,0,0,0,0,0,'(\'126.152.233.210\', True)','2019-12-31 04:32:09'),(981,4,0,0,0,0,0,0,0,3,1,0,0,0,17,0,0,'(\'128.28.195.122\', True)','2019-12-31 05:29:30'),(982,14,8,9,0,0,0,0,0,1,1,0,6,0,17,0,0,'(\'118.105.222.226\', True)','2019-12-31 06:44:04'),(983,14,8,9,0,0,0,0,0,3,1,0,6,0,17,0,0,'(\'118.105.222.226\', True)','2019-12-31 06:44:29'),(984,14,8,9,0,0,0,0,0,1,1,0,6,0,17,0,0,'(\'118.105.222.226\', True)','2019-12-31 06:45:03'),(985,12,22,23,24,25,0,0,0,3,1,0,0,0,17,22,0,'(\'133.206.86.192\', True)','2019-12-31 06:46:28'),(986,12,22,23,24,25,26,27,28,3,4,0,0,0,17,22,0,'(\'133.206.86.192\', True)','2019-12-31 06:47:26'),(987,11,0,0,0,0,0,0,0,3,1,1,5,9,17,21,0,'(\'59.136.220.248\', True)','2019-12-31 06:59:49'),(988,1,0,0,0,0,0,0,0,1,1,0,0,0,0,0,0,'(\'116.254.72.21\', True)','2019-12-31 07:59:15'),(989,1,0,0,0,0,0,0,0,3,1,0,0,0,17,22,0,'(\'116.254.72.21\', True)','2019-12-31 07:59:29'),(990,1,0,0,0,0,0,0,0,3,1,0,5,0,17,21,0,'(\'116.254.72.21\', True)','2019-12-31 07:59:45'),(991,1,0,0,0,0,0,0,0,1,1,0,0,0,17,24,0,'(\'116.254.72.21\', True)','2019-12-31 07:59:55'),(992,1,0,0,0,0,0,0,0,3,1,1,0,0,0,0,0,'(\'153.165.27.199\', True)','2019-12-31 08:13:06'),(993,12,22,23,24,25,26,27,28,1,4,0,0,0,17,24,0,'(\'125.1.135.153\', True)','2019-12-31 08:16:25'),(994,13,0,0,0,0,0,0,0,1,4,0,0,0,17,24,0,'(\'106.158.138.192\', True)','2019-12-31 08:23:09'),(995,13,0,0,0,0,0,0,0,3,4,0,0,0,17,24,0,'(\'106.158.138.192\', True)','2019-12-31 08:23:35'),(996,12,0,0,0,0,0,0,0,3,4,0,5,0,0,24,0,'(\'125.15.121.87\', True)','2019-12-31 09:04:45'),(997,3,1,2,3,4,5,6,7,3,4,0,5,0,17,0,0,'(\'153.136.98.191\', True)','2019-12-31 09:58:56'),(998,4,1,0,0,0,0,0,0,3,1,0,0,0,0,0,0,'(\'60.150.50.44\', True)','2019-12-31 10:24:01'),(999,1,0,0,0,0,0,0,0,1,4,0,0,0,17,0,0,'(\'110.135.53.32\', True)','2019-12-31 11:30:08'),(1000,1,0,0,0,0,0,0,0,1,4,0,0,0,17,22,0,'(\'110.135.53.32\', True)','2019-12-31 11:30:31'),(1001,1,0,0,0,0,0,0,0,3,4,0,0,0,17,22,0,'(\'110.135.53.32\', True)','2019-12-31 11:30:42'),(1002,7,0,0,0,0,0,0,0,1,1,0,0,0,17,0,0,'(\'211.126.207.121\', True)','2019-12-31 11:49:54'),(1003,3,0,0,0,0,0,0,0,1,1,0,0,0,17,0,0,'(\'211.126.207.121\', True)','2019-12-31 11:50:14'),(1004,3,0,0,0,0,0,0,0,2,1,0,0,0,17,0,0,'(\'211.126.207.121\', True)','2019-12-31 11:50:31'),(1005,3,0,0,0,0,0,0,0,3,1,0,0,0,17,0,0,'(\'211.126.207.121\', True)','2019-12-31 11:50:49'),(1006,7,0,0,0,0,0,0,0,3,1,0,0,0,17,0,0,'(\'211.126.207.121\', True)','2019-12-31 11:51:08'),(1007,13,0,0,0,0,0,0,0,3,4,0,0,0,19,23,0,'(\'27.142.102.193\', True)','2019-12-31 13:03:55'),(1008,1,0,0,0,0,0,0,0,3,1,1,0,0,17,0,0,'(\'121.83.68.115\', True)','2019-12-31 13:56:02'),(1009,1,0,0,0,0,0,0,0,2,1,1,5,0,17,0,0,'(\'121.83.68.115\', True)','2019-12-31 13:56:30'),(1010,2,0,0,0,0,0,0,0,3,4,1,0,0,17,0,0,'(\'126.108.11.63\', True)','2019-12-31 14:20:05'),(1011,11,0,0,0,0,0,0,0,2,1,0,0,0,17,0,0,'(\'122.132.142.244\', True)','2019-12-31 16:29:18'),(1012,10,1,2,3,4,5,6,7,3,1,0,0,0,0,0,0,'(\'60.144.27.117\', True)','2019-12-31 16:56:16'),(1013,14,1,2,3,4,5,6,7,1,4,3,5,9,0,0,0,'(\'121.86.45.9\', True)','2019-12-31 18:22:32'),(1014,12,0,0,0,0,0,0,0,3,4,0,0,0,0,22,0,'(\'106.72.43.96\', True)','2019-12-31 18:55:09'),(1015,12,22,23,24,25,26,27,28,3,4,0,5,0,17,22,0,'(\'119.26.8.118\', True)','2019-12-31 18:55:19'),(1016,12,0,0,0,0,0,0,0,3,1,0,0,0,0,22,0,'(\'106.72.43.96\', True)','2019-12-31 18:55:30'),(1017,12,0,0,0,0,0,0,0,3,4,0,5,0,17,22,0,'(\'119.26.8.118\', True)','2019-12-31 18:56:38'),(1018,12,0,0,0,0,0,0,0,3,1,0,0,0,0,23,0,'(\'106.72.43.96\', True)','2019-12-31 18:57:35'),(1019,12,0,0,0,0,0,0,0,3,1,0,0,0,0,23,0,'(\'106.72.43.96\', True)','2019-12-31 18:57:46'),(1020,4,1,0,0,0,0,0,0,3,4,0,0,0,0,0,0,'(\'182.251.100.23\', True)','2019-12-31 21:16:35'),(1021,4,1,2,3,4,5,6,7,3,1,0,0,0,0,0,0,'(\'119.229.232.180\', True)','2019-12-31 22:21:02'),(1022,1,0,0,0,0,0,0,0,1,2,0,0,0,0,0,0,'(\'221.18.42.104\', True)','2019-12-31 22:29:47'),(1023,3,0,0,0,0,0,0,0,3,2,1,0,10,17,0,0,'(\'110.135.53.32\', True)','2019-12-31 23:53:02'),(1024,3,0,0,0,0,0,0,0,3,2,1,0,10,17,22,0,'(\'110.135.53.32\', True)','2019-12-31 23:53:10'),(1025,3,0,0,0,0,0,0,0,3,2,1,0,10,17,23,0,'(\'110.135.53.32\', True)','2019-12-31 23:53:17'),(1026,3,0,0,0,0,0,0,0,3,1,0,0,0,0,23,0,'(\'110.135.53.32\', True)','2019-12-31 23:54:25'),(1027,3,0,0,0,0,0,0,0,3,1,0,0,0,0,24,0,'(\'110.135.53.32\', True)','2019-12-31 23:54:33'),(1028,3,0,0,0,0,0,0,0,3,4,0,0,0,19,24,0,'(\'110.135.53.32\', True)','2019-12-31 23:55:03'),(1029,3,0,0,0,0,0,0,0,3,4,0,0,0,19,0,0,'(\'110.135.53.32\', True)','2019-12-31 23:56:57'),(1030,3,0,0,0,0,0,0,0,3,1,0,0,0,0,24,0,'(\'110.135.53.32\', True)','2019-12-31 23:57:52'),(1031,3,0,0,0,0,0,0,0,3,1,4,0,0,0,0,0,'(\'110.135.53.32\', True)','2019-12-31 23:58:08'),(1032,3,0,0,0,0,0,0,0,3,1,0,0,0,0,0,0,'(\'110.135.53.32\', True)','2019-12-31 23:58:26'),(1033,3,0,0,0,0,0,0,0,3,1,0,8,0,0,0,0,'(\'110.135.53.32\', True)','2019-12-31 23:58:33'),(1034,3,0,0,0,0,0,0,0,3,1,0,0,0,0,24,0,'(\'110.135.53.32\', True)','2020-01-01 00:04:29'),(1035,3,0,0,0,0,0,0,0,3,1,0,8,0,0,0,0,'(\'110.135.53.32\', True)','2020-01-01 00:07:10'),(1036,3,0,0,0,0,0,0,0,3,1,0,0,0,0,24,0,'(\'110.135.53.32\', True)','2020-01-01 00:07:23'),(1037,4,0,0,0,0,0,0,0,3,1,0,0,0,17,0,0,'(\'112.68.147.170\', True)','2020-01-01 00:47:03'),(1038,1,0,0,0,0,0,0,0,1,1,0,0,0,0,0,0,'(\'115.38.20.180\', True)','2020-01-01 01:09:34'),(1039,9,0,0,0,0,0,0,0,3,4,0,0,0,0,22,0,'(\'110.135.53.32\', True)','2020-01-01 01:27:56'),(1040,9,1,0,0,0,0,0,0,3,4,0,0,0,0,22,0,'(\'110.135.53.32\', True)','2020-01-01 01:31:02'),(1041,9,22,0,0,0,0,0,0,3,4,0,0,0,0,22,0,'(\'110.135.53.32\', True)','2020-01-01 01:31:14'),(1042,9,22,0,0,0,0,0,0,3,4,0,0,0,0,22,0,'(\'110.135.53.32\', True)','2020-01-01 01:34:35'),(1043,4,0,0,0,0,0,0,0,3,4,0,0,0,0,22,0,'(\'110.135.53.32\', True)','2020-01-01 01:34:47'),(1044,4,0,0,0,0,0,0,0,3,4,0,8,0,0,22,0,'(\'110.135.53.32\', True)','2020-01-01 01:35:14'),(1045,3,1,0,0,0,0,0,0,3,4,1,0,0,0,0,0,'(\'124.85.237.32\', True)','2020-01-01 01:51:53'),(1046,4,0,0,0,0,0,0,0,1,4,0,0,0,17,24,0,'(\'119.10.255.46\', True)','2020-01-01 02:05:00'),(1047,4,8,0,0,0,0,0,0,1,1,0,0,0,0,0,0,'(\'106.180.20.235\', True)','2020-01-01 02:22:19'),(1048,1,0,0,0,0,0,0,0,3,1,0,0,0,17,0,0,'(\'60.128.131.50\', True)','2020-01-01 02:58:49'),(1049,14,8,9,10,11,12,13,7,1,3,0,7,0,17,0,0,'(\'133.209.203.138\', True)','2020-01-01 03:02:37'),(1050,1,0,0,0,0,0,0,0,3,1,0,0,0,17,0,0,'(\'60.128.131.50\', True)','2020-01-01 04:06:05'),(1051,12,22,23,24,25,26,27,28,3,1,0,0,0,17,22,0,'(\'60.70.42.205\', True)','2020-01-01 04:30:08'),(1052,12,22,23,24,25,26,27,28,2,1,0,0,0,17,22,0,'(\'60.70.42.205\', True)','2020-01-01 04:30:53'),(1053,12,22,23,24,25,26,27,28,1,1,0,0,0,17,22,0,'(\'60.70.42.205\', True)','2020-01-01 04:31:13'),(1054,12,22,23,24,25,26,27,28,3,1,0,0,0,17,22,0,'(\'60.70.42.205\', True)','2020-01-01 04:31:43'),(1055,1,0,0,0,0,0,0,0,3,1,0,0,0,18,0,0,'(\'110.135.53.32\', True)','2020-01-01 04:38:38'),(1056,12,0,0,0,0,0,0,0,3,4,0,0,0,0,24,0,'(\'110.54.211.50\', True)','2020-01-01 07:37:47'),(1057,5,0,0,0,0,0,0,0,3,4,1,8,0,17,22,0,'(\'122.134.98.237\', True)','2020-01-01 07:43:49'),(1058,1,22,23,24,25,26,27,28,2,1,0,0,0,0,0,0,'(\'126.3.18.186\', True)','2020-01-01 07:54:23'),(1059,1,22,23,24,25,26,27,28,2,1,0,5,0,17,21,0,'(\'126.3.18.186\', True)','2020-01-01 07:55:01'),(1060,9,1,2,3,4,5,6,7,1,1,0,0,0,0,0,0,'(\'60.126.22.69\', True)','2020-01-01 08:01:24'),(1061,9,1,2,3,4,5,6,7,1,1,0,0,0,0,0,0,'(\'60.126.22.69\', True)','2020-01-01 08:01:30'),(1062,3,1,2,3,4,5,6,7,2,4,0,5,9,17,0,0,'(\'220.105.207.46\', True)','2020-01-01 08:14:13'),(1063,12,0,0,0,0,0,0,0,3,1,0,0,0,0,24,0,'(\'110.54.211.50\', True)','2020-01-01 08:37:43'),(1064,12,0,0,0,0,0,0,0,3,4,0,0,0,0,24,0,'(\'110.54.211.50\', True)','2020-01-01 08:37:54'),(1065,12,0,0,0,0,0,0,0,3,4,0,0,0,0,23,0,'(\'110.54.211.50\', True)','2020-01-01 08:38:00'),(1066,1,0,0,0,0,0,0,0,3,4,0,6,0,19,0,0,'(\'27.142.102.193\', True)','2020-01-01 09:14:35'),(1067,7,0,0,0,0,0,0,0,3,3,0,0,0,18,0,0,'(\'123.218.202.196\', True)','2020-01-01 09:29:17'),(1068,12,0,0,0,0,0,0,0,3,1,0,0,0,0,23,0,'(\'61.211.42.230\', True)','2020-01-01 09:52:52'),(1069,10,0,0,0,0,0,0,0,3,1,0,0,0,0,23,0,'(\'61.211.42.230\', True)','2020-01-01 09:53:38'),(1070,1,0,0,0,0,0,0,0,3,1,0,0,0,0,23,0,'(\'61.211.42.230\', True)','2020-01-01 09:54:05'),(1071,2,0,0,0,0,0,0,0,3,4,0,0,0,18,21,0,'(\'92.202.10.143\', True)','2020-01-01 10:23:41'),(1072,11,0,0,0,0,0,0,0,3,4,0,5,0,17,21,0,'(\'106.133.171.50\', True)','2020-01-01 11:31:10'),(1073,1,0,0,0,0,0,0,0,1,1,0,0,0,0,0,0,'(\'126.33.179.83\', True)','2020-01-01 12:14:01'),(1074,10,0,0,0,0,0,0,0,3,3,0,5,0,17,0,0,'(\'110.172.43.20\', True)','2020-01-01 13:57:40'),(1075,8,0,0,0,0,0,0,0,3,3,0,0,0,18,0,0,'(\'110.172.43.20\', True)','2020-01-01 13:58:37'),(1076,2,0,0,0,0,0,0,0,3,4,0,0,0,17,22,0,'(\'153.205.82.62\', True)','2020-01-01 14:02:26'),(1077,11,0,0,0,0,0,0,0,1,1,0,0,0,20,0,0,'(\'59.134.50.114\', True)','2020-01-01 14:11:20'),(1078,13,0,0,0,0,0,0,0,3,4,0,0,0,0,0,0,'(\'14.192.213.61\', True)','2020-01-01 15:30:37'),(1079,13,0,0,0,0,0,0,0,3,1,1,5,9,17,21,0,'(\'14.192.213.61\', True)','2020-01-01 15:31:16'),(1080,11,0,0,0,0,0,0,0,1,1,0,0,0,17,0,0,'(\'119.224.242.58\', True)','2020-01-01 15:58:06'),(1081,11,0,0,0,0,0,0,0,3,1,0,0,0,17,0,0,'(\'119.224.242.58\', True)','2020-01-01 15:58:09'),(1082,1,0,0,0,0,0,0,0,3,1,0,0,0,0,23,0,'(\'110.135.53.32\', True)','2020-01-01 16:07:22'),(1083,1,0,0,0,0,0,0,0,3,1,0,0,0,0,24,0,'(\'110.135.53.32\', True)','2020-01-01 16:10:02'),(1084,3,0,0,0,0,0,0,0,3,4,2,0,0,17,0,0,'(\'202.142.11.25\', True)','2020-01-01 16:48:58'),(1085,13,0,0,0,0,0,0,0,2,1,0,0,0,17,0,0,'(\'122.26.218.232\', True)','2020-01-01 20:21:46'),(1086,7,8,0,0,0,0,0,0,3,4,0,5,0,17,0,0,'(\'106.130.126.110\', True)','2020-01-01 20:27:16'),(1087,7,8,0,0,0,0,0,0,3,4,0,5,0,17,0,0,'(\'106.130.126.110\', True)','2020-01-01 20:27:17'),(1088,7,8,0,0,0,0,0,0,3,4,0,5,0,17,0,0,'(\'106.130.126.110\', True)','2020-01-01 20:27:18'),(1089,1,1,0,0,0,0,0,0,3,1,0,0,0,0,0,0,'(\'210.129.48.234\', True)','2020-01-01 20:50:07'),(1090,3,0,0,0,0,0,0,0,3,1,0,0,0,18,0,0,'(\'126.57.183.244\', True)','2020-01-01 22:25:51'),(1091,3,0,0,0,0,0,0,0,3,1,0,0,0,17,0,0,'(\'126.57.183.244\', True)','2020-01-01 22:26:29'),(1092,9,1,2,3,0,0,0,0,3,1,0,0,0,0,0,0,'(\'106.128.57.152\', True)','2020-01-01 22:37:19'),(1093,4,0,0,0,0,0,0,0,1,1,0,0,0,0,0,0,'(\'49.98.135.100\', True)','2020-01-01 23:25:04'),(1094,4,1,2,0,0,0,0,0,1,1,0,0,0,17,0,0,'(\'49.98.135.100\', True)','2020-01-01 23:25:26'),(1095,4,1,2,0,0,0,0,0,3,1,0,0,0,17,0,0,'(\'49.98.135.100\', True)','2020-01-01 23:25:40'),(1096,4,1,2,0,0,0,0,0,3,2,1,0,0,17,0,0,'(\'49.98.135.100\', True)','2020-01-01 23:25:55'),(1097,4,1,2,0,0,0,0,0,3,2,1,0,0,17,21,0,'(\'49.98.135.100\', True)','2020-01-01 23:26:01'),(1098,13,0,0,0,0,0,0,0,3,4,0,0,0,17,22,0,'(\'39.110.89.232\', True)','2020-01-01 23:27:21'),(1099,10,0,0,0,0,0,0,0,3,1,0,0,0,0,0,0,'(\'60.128.131.50\', True)','2020-01-02 00:37:33'),(1100,10,0,0,0,0,0,0,0,3,1,0,0,0,17,0,0,'(\'60.128.131.50\', True)','2020-01-02 00:37:50'),(1101,10,1,2,3,4,5,6,7,3,1,1,0,0,17,0,0,'(\'60.128.131.50\', True)','2020-01-02 00:38:53'),(1102,9,0,0,0,0,0,0,0,1,1,0,0,0,17,0,0,'(\'210.165.156.104\', True)','2020-01-02 00:42:06'),(1103,9,0,0,0,0,0,0,0,3,1,0,0,0,17,0,0,'(\'210.165.156.104\', True)','2020-01-02 00:42:42'),(1104,9,1,2,3,4,5,6,7,1,4,4,0,0,0,0,0,'(\'210.165.156.104\', True)','2020-01-02 00:43:35'),(1105,14,0,0,0,0,0,0,0,2,4,0,5,0,17,0,0,'(\'126.153.9.208\', True)','2020-01-02 00:50:20'),(1106,14,0,0,0,0,0,0,0,2,4,0,5,0,17,0,0,'(\'126.153.9.208\', True)','2020-01-02 00:50:21'),(1107,9,1,2,3,4,5,6,7,1,4,4,0,0,0,0,0,'(\'210.165.156.104\', True)','2020-01-02 01:11:46'),(1108,1,0,0,0,0,0,0,0,3,4,0,0,0,20,0,0,'(\'110.135.53.32\', True)','2020-01-02 01:28:40'),(1109,1,0,0,0,0,0,0,0,3,4,0,0,0,20,24,0,'(\'110.135.53.32\', True)','2020-01-02 01:28:56'),(1110,1,0,0,0,0,0,0,0,3,1,0,0,0,0,24,0,'(\'110.135.53.32\', True)','2020-01-02 01:29:27'),(1111,1,0,0,0,0,0,0,0,3,1,0,0,0,20,0,0,'(\'110.135.53.32\', True)','2020-01-02 01:37:32'),(1112,1,0,0,0,0,0,0,0,3,1,4,0,0,20,0,0,'(\'110.135.53.32\', True)','2020-01-02 01:37:47'),(1113,1,0,0,0,0,0,0,0,3,1,0,0,0,20,0,0,'(\'110.135.53.32\', True)','2020-01-02 01:38:06'),(1114,1,0,0,0,0,0,0,0,3,1,0,8,0,20,0,0,'(\'110.135.53.32\', True)','2020-01-02 01:38:18'),(1115,1,0,0,0,0,0,0,0,3,1,0,8,0,20,0,0,'(\'110.135.53.32\', True)','2020-01-02 01:38:27'),(1116,2,15,0,0,0,0,0,0,3,1,0,0,0,20,0,0,'(\'14.10.49.160\', True)','2020-01-02 03:16:36'),(1117,13,0,0,0,0,0,0,0,3,1,0,0,0,0,22,0,'(\'121.87.3.154\', True)','2020-01-02 05:07:08'),(1118,11,0,0,0,0,0,0,0,3,4,1,0,9,17,0,0,'(\'221.170.153.31\', True)','2020-01-02 06:12:46'),(1119,6,8,0,0,0,0,0,0,3,1,0,8,0,0,0,0,'(\'111.169.63.146\', True)','2020-01-02 06:17:31'),(1120,3,0,0,0,0,0,0,0,3,1,0,0,0,17,0,0,'(\'106.132.82.237\', True)','2020-01-02 06:40:57'),(1121,9,22,23,24,25,26,27,7,1,1,0,0,0,0,0,0,'(\'60.126.22.69\', True)','2020-01-02 08:18:31'),(1122,13,0,0,0,0,0,0,0,3,2,0,0,0,17,0,0,'(\'60.126.19.232\', True)','2020-01-02 08:18:39'),(1123,4,0,0,0,0,0,0,0,1,2,0,0,0,0,24,0,'(\'119.10.255.46\', True)','2020-01-02 10:50:42'),(1124,4,0,0,0,0,0,0,0,1,4,0,0,0,17,24,0,'(\'119.10.255.46\', True)','2020-01-02 10:51:24'),(1125,4,0,0,0,0,0,0,0,1,1,0,0,0,0,23,0,'(\'119.10.255.46\', True)','2020-01-02 10:51:50'),(1126,4,0,0,0,0,0,0,0,1,2,0,0,0,0,24,0,'(\'119.10.255.46\', True)','2020-01-02 10:53:10'),(1127,12,22,23,24,25,26,27,29,1,4,0,0,0,17,21,0,'(\'126.179.174.236\', True)','2020-01-02 11:23:20'),(1128,12,0,0,0,0,0,0,0,3,1,0,0,0,0,22,0,'(\'126.179.174.236\', True)','2020-01-02 11:24:49'),(1129,12,0,0,0,0,0,0,0,3,4,0,0,0,0,22,0,'(\'126.179.174.236\', True)','2020-01-02 11:25:00'),(1130,12,0,0,0,0,0,0,0,3,4,0,0,0,18,0,0,'(\'126.179.174.236\', True)','2020-01-02 11:25:56'),(1131,4,0,0,0,0,0,0,0,1,1,0,0,0,0,22,0,'(\'119.10.255.46\', True)','2020-01-02 11:46:12'),(1132,11,8,2,0,0,0,0,0,1,1,0,0,0,0,0,0,'(\'59.84.101.77\', True)','2020-01-02 12:09:59'),(1133,11,8,2,0,0,0,0,0,1,1,4,8,0,0,0,0,'(\'59.84.101.77\', True)','2020-01-02 12:10:12'),(1134,5,0,0,0,0,0,0,0,2,4,2,0,0,17,0,0,'(\'126.35.56.235\', True)','2020-01-02 14:28:35'),(1135,2,0,0,0,0,0,0,0,3,3,0,0,0,18,0,0,'(\'92.202.10.143\', True)','2020-01-02 14:32:33'),(1136,1,0,0,0,0,0,0,0,3,3,0,0,0,18,0,0,'(\'92.202.10.143\', True)','2020-01-02 14:32:44'),(1137,3,0,0,0,0,0,0,0,3,4,4,0,0,0,0,0,'(\'182.21.78.152\', True)','2020-01-02 15:07:42'),(1138,9,22,23,0,0,0,0,0,3,4,0,0,0,17,22,0,'(\'119.25.248.209\', True)','2020-01-02 15:09:13'),(1139,12,22,23,24,25,26,27,28,1,4,0,0,0,20,21,0,'(\'126.54.120.213\', True)','2020-01-02 16:00:07'),(1140,12,22,23,24,25,26,27,28,2,4,0,0,0,19,21,0,'(\'126.54.120.213\', True)','2020-01-02 16:02:08'),(1141,12,22,23,24,25,26,27,28,3,4,0,0,0,18,21,0,'(\'126.54.120.213\', True)','2020-01-02 16:02:44'),(1142,6,0,0,0,0,0,0,0,3,4,3,0,0,19,0,0,'(\'106.72.131.160\', True)','2020-01-02 17:21:25'),(1143,6,0,0,0,0,0,0,0,3,4,1,0,0,17,0,0,'(\'106.72.131.160\', True)','2020-01-02 17:22:03'),(1144,6,0,0,0,0,0,0,0,3,4,1,0,0,17,0,0,'(\'59.138.43.204\', True)','2020-01-02 17:22:09'),(1145,6,0,0,0,0,0,0,0,3,4,1,0,0,17,0,0,'(\'59.138.43.204\', True)','2020-01-02 17:23:12'),(1146,1,0,0,0,0,0,0,0,1,1,0,0,0,0,0,0,'(\'92.202.10.143\', True)','2020-01-02 18:37:24'),(1147,13,0,0,0,0,0,0,0,3,1,0,0,0,17,0,0,'(\'211.122.167.117\', True)','2020-01-02 23:15:51'),(1148,10,0,0,0,0,0,0,0,3,1,0,0,0,17,0,0,'(\'14.8.19.160\', True)','2020-01-03 02:10:24'),(1149,13,0,0,0,0,0,0,0,3,4,0,0,0,17,22,0,'(\'116.94.187.141\', True)','2020-01-03 02:13:30'),(1150,1,0,0,0,0,0,0,0,3,1,0,0,0,19,0,0,'(\'49.104.14.107\', True)','2020-01-03 02:20:45'),(1151,12,0,0,0,0,0,0,0,3,4,0,0,0,17,22,0,'(\'60.86.251.4\', True)','2020-01-03 02:43:18'),(1152,10,0,0,24,25,26,27,28,1,1,0,0,0,17,24,0,'(\'59.138.43.204\', True)','2020-01-03 02:53:47'),(1153,10,0,0,0,0,0,0,0,1,1,0,0,0,0,21,0,'(\'14.8.19.160\', True)','2020-01-03 05:45:50'),(1154,10,0,0,0,0,0,0,0,1,1,0,0,0,0,22,0,'(\'14.8.19.160\', True)','2020-01-03 05:46:01'),(1155,10,0,0,0,0,0,0,0,1,1,0,0,0,0,23,0,'(\'14.8.19.160\', True)','2020-01-03 05:46:16'),(1156,10,22,23,0,0,0,0,0,1,1,0,0,0,0,0,0,'(\'14.8.19.160\', True)','2020-01-03 06:01:07'),(1157,10,0,0,0,0,0,0,0,1,1,0,0,0,0,23,0,'(\'14.8.19.160\', True)','2020-01-03 06:01:21'),(1158,12,0,0,0,0,0,0,0,3,3,0,0,0,0,23,0,'(\'36.11.224.253\', True)','2020-01-03 08:21:24'),(1159,12,0,0,0,0,0,0,0,3,3,0,0,0,0,23,0,'(\'36.11.224.253\', True)','2020-01-03 08:21:31'),(1160,3,0,0,0,0,0,0,0,3,4,1,0,0,17,0,0,'(\'36.11.224.253\', True)','2020-01-03 08:22:40'),(1161,14,8,9,10,0,0,0,0,1,1,0,6,0,17,0,0,'(\'118.105.222.226\', True)','2020-01-03 08:53:47'),(1162,14,0,0,0,0,0,0,0,3,4,0,6,0,17,0,0,'(\'60.98.142.127\', True)','2020-01-03 09:02:54'),(1163,4,1,2,10,11,12,13,14,2,4,2,6,0,0,22,0,'(\'126.245.147.227\', True)','2020-01-03 09:24:11'),(1164,1,22,23,24,25,26,27,28,1,4,0,0,0,0,24,0,'(\'1.79.83.162\', True)','2020-01-03 09:54:09'),(1165,14,0,0,0,0,0,0,0,3,3,0,5,0,17,0,0,'(\'220.107.24.132\', True)','2020-01-03 10:21:53'),(1166,14,0,0,0,0,0,0,0,3,3,0,5,0,17,22,0,'(\'220.107.24.132\', True)','2020-01-03 10:22:09'),(1167,14,0,0,0,0,0,0,0,3,4,0,5,9,17,0,0,'(\'220.107.24.132\', True)','2020-01-03 10:47:27'),(1168,14,0,0,0,0,0,0,0,2,4,0,5,0,17,0,0,'(\'220.107.24.132\', True)','2020-01-03 10:47:56'),(1169,3,0,0,0,0,0,0,0,3,4,0,5,0,17,0,0,'(\'220.107.24.132\', True)','2020-01-03 10:49:17'),(1170,10,0,0,0,0,0,0,0,1,4,0,0,0,18,21,0,'(\'106.128.122.130\', True)','2020-01-03 11:35:47'),(1171,10,0,0,0,0,0,0,0,1,4,0,0,0,19,21,0,'(\'106.128.122.130\', True)','2020-01-03 11:36:43'),(1172,14,0,0,0,0,0,0,0,3,4,0,5,0,17,0,0,'(\'118.240.1.12\', True)','2020-01-03 14:38:55'),(1173,13,0,0,0,0,0,0,0,3,1,0,0,0,17,22,0,'(\'60.127.239.242\', True)','2020-01-03 16:29:53'),(1174,13,0,0,0,0,0,0,0,3,4,0,0,0,17,22,0,'(\'60.127.239.242\', True)','2020-01-03 16:30:14'),(1175,10,1,0,0,0,0,0,0,3,1,0,0,0,17,0,0,'(\'125.196.115.102\', True)','2020-01-03 17:13:04'),(1176,14,0,0,0,0,0,0,0,3,1,0,0,0,0,0,0,'(\'220.107.173.27\', True)','2020-01-03 18:32:17'),(1177,14,0,0,0,0,0,0,0,1,1,0,0,0,0,0,0,'(\'106.158.65.136\', True)','2020-01-03 20:05:55'),(1178,14,0,0,0,0,0,0,0,1,1,0,0,0,0,0,0,'(\'106.158.65.136\', True)','2020-01-03 20:05:56'),(1179,14,1,9,0,0,0,0,0,1,1,0,0,0,0,0,0,'(\'106.158.65.136\', True)','2020-01-03 20:06:18'),(1180,14,1,9,0,0,0,0,0,1,4,0,0,0,0,0,0,'(\'106.158.65.136\', True)','2020-01-03 20:06:27'),(1181,14,0,0,0,0,0,0,0,3,1,3,0,0,19,0,0,'(\'126.21.252.208\', True)','2020-01-03 23:58:47'),(1182,11,1,2,3,4,5,6,7,3,4,0,0,0,18,21,0,'(\'111.239.174.237\', True)','2020-01-04 01:58:37'),(1183,11,8,9,10,25,26,27,29,3,4,0,0,0,18,21,0,'(\'111.239.174.237\', True)','2020-01-04 01:59:52'),(1184,11,8,9,10,4,5,6,29,3,4,0,0,0,18,21,0,'(\'111.239.174.237\', True)','2020-01-04 02:00:38'),(1185,11,8,9,10,11,12,13,29,3,4,0,0,0,18,21,0,'(\'111.239.174.237\', True)','2020-01-04 02:01:46'),(1186,11,15,16,17,18,19,20,29,3,4,0,0,0,18,21,0,'(\'111.239.174.237\', True)','2020-01-04 02:02:27'),(1187,11,22,23,24,25,26,27,29,3,4,0,0,0,18,21,0,'(\'111.239.174.237\', True)','2020-01-04 02:02:44'),(1188,11,22,23,3,4,12,13,29,3,4,0,0,0,18,21,0,'(\'111.239.174.237\', True)','2020-01-04 02:03:07'),(1189,3,0,0,0,0,0,0,0,3,4,1,0,0,17,0,0,'(\'110.131.229.201\', True)','2020-01-04 03:15:40'),(1190,3,0,0,0,0,0,0,0,3,4,2,0,0,17,0,0,'(\'110.131.229.201\', True)','2020-01-04 03:16:04'),(1191,13,0,0,0,0,0,0,0,3,4,0,0,0,17,23,0,'(\'110.131.229.201\', True)','2020-01-04 03:16:41'),(1192,4,0,0,0,0,0,0,0,1,4,0,0,0,17,22,0,'(\'49.104.20.181\', True)','2020-01-04 03:28:21'),(1193,14,0,0,0,0,0,0,0,3,1,0,0,0,17,0,0,'(\'101.55.244.193\', True)','2020-01-04 04:10:39'),(1194,13,22,23,24,25,26,27,14,1,4,4,0,0,0,0,0,'(\'126.35.254.44\', True)','2020-01-04 04:45:49'),(1195,9,0,0,0,0,0,0,0,3,1,0,0,0,17,21,0,'(\'125.207.37.181\', True)','2020-01-04 05:10:37'),(1196,9,0,0,0,0,0,0,0,3,1,0,0,0,17,0,0,'(\'125.207.37.181\', True)','2020-01-04 05:10:59'),(1197,10,0,0,0,0,0,0,0,1,1,0,0,0,0,23,0,'(\'14.8.19.160\', True)','2020-01-04 05:22:42'),(1198,13,0,0,0,0,0,0,0,3,1,0,0,0,0,0,0,'(\'114.142.14.190\', True)','2020-01-04 05:27:56'),(1199,13,0,0,0,0,0,0,0,3,1,0,5,0,18,0,0,'(\'114.142.14.190\', True)','2020-01-04 05:28:20'),(1200,13,0,0,0,0,0,0,0,3,1,0,0,0,17,21,0,'(\'114.142.14.190\', True)','2020-01-04 05:29:19'),(1201,13,0,0,0,0,0,0,0,3,1,0,0,0,18,21,0,'(\'114.142.14.190\', True)','2020-01-04 05:29:33'),(1202,13,0,0,0,0,0,0,0,3,1,0,0,0,17,22,0,'(\'114.142.14.190\', True)','2020-01-04 05:29:45'),(1203,1,0,0,0,0,0,0,0,1,4,0,0,0,0,0,0,'(\'119.47.17.55\', True)','2020-01-04 05:46:45'),(1204,1,0,0,0,0,0,0,0,3,2,0,0,0,0,0,0,'(\'119.47.17.55\', True)','2020-01-04 05:47:36'),(1205,1,0,0,0,0,0,0,0,3,4,0,0,0,0,0,0,'(\'119.47.17.55\', True)','2020-01-04 05:47:46'),(1206,1,0,0,0,0,0,0,0,3,4,0,0,0,17,0,0,'(\'119.47.17.55\', True)','2020-01-04 05:48:10'),(1207,1,0,0,0,0,0,0,0,1,1,0,0,0,0,0,0,'(\'14.8.19.160\', True)','2020-01-04 05:56:53'),(1208,1,0,0,0,0,0,0,0,1,1,0,0,0,0,23,0,'(\'14.8.19.160\', True)','2020-01-04 05:56:58'),(1209,13,0,0,0,0,0,0,0,3,4,0,0,0,17,22,0,'(\'126.0.118.240\', True)','2020-01-04 06:09:58'),(1210,5,0,0,0,0,0,0,0,3,4,0,5,0,0,22,0,'(\'126.0.118.240\', True)','2020-01-04 06:14:35'),(1211,5,0,0,0,0,0,0,0,3,4,0,5,0,17,0,0,'(\'126.0.118.240\', True)','2020-01-04 06:16:09'),(1212,5,0,0,0,0,0,0,0,3,3,0,5,0,17,0,0,'(\'126.0.118.240\', True)','2020-01-04 06:16:18'),(1213,5,0,0,0,0,0,0,0,3,4,0,5,0,17,0,0,'(\'126.0.118.240\', True)','2020-01-04 06:16:24'),(1214,14,0,0,0,0,0,0,0,3,1,0,0,0,17,0,0,'(\'124.210.66.51\', True)','2020-01-04 06:36:11'),(1215,14,0,0,0,0,0,0,0,3,1,0,0,0,17,0,0,'(\'124.210.66.51\', True)','2020-01-04 06:36:12'),(1216,14,0,0,0,0,0,0,0,3,1,0,0,0,18,0,0,'(\'124.210.66.51\', True)','2020-01-04 06:39:27'),(1217,3,0,0,0,0,0,0,0,3,1,1,0,0,17,0,0,'(\'118.240.143.138\', True)','2020-01-04 07:03:35'),(1218,3,0,0,0,0,0,0,0,3,4,0,0,0,0,0,0,'(\'118.240.143.138\', True)','2020-01-04 07:10:58'),(1219,2,0,0,0,0,0,0,0,3,1,0,0,0,17,0,0,'(\'114.183.225.165\', True)','2020-01-04 07:22:42'),(1220,10,0,0,0,0,0,0,0,1,4,0,5,0,17,23,0,'(\'60.125.7.173\', True)','2020-01-04 07:22:48'),(1221,4,0,0,0,0,0,0,0,3,1,0,5,0,0,0,0,'(\'126.35.254.44\', True)','2020-01-04 07:25:40'),(1222,4,0,0,0,0,0,0,0,3,2,0,5,0,0,0,0,'(\'126.35.254.44\', True)','2020-01-04 07:25:45'),(1223,4,0,0,0,0,0,0,0,3,4,0,5,0,0,0,0,'(\'126.35.254.44\', True)','2020-01-04 07:26:31'),(1224,1,0,0,0,0,0,0,0,3,4,0,6,0,17,0,0,'(\'126.35.254.44\', True)','2020-01-04 07:27:57'),(1225,4,0,0,0,0,0,0,0,3,4,0,6,0,17,0,0,'(\'126.35.254.44\', True)','2020-01-04 07:28:14'),(1226,13,1,2,3,4,0,0,0,3,4,1,0,0,17,0,0,'(\'106.73.153.65\', True)','2020-01-04 07:56:49'),(1227,12,0,0,0,0,0,0,0,3,1,0,5,0,17,22,0,'(\'114.142.14.190\', True)','2020-01-04 08:11:08'),(1228,12,0,0,0,0,0,0,0,3,1,0,5,0,0,21,0,'(\'114.142.14.190\', True)','2020-01-04 08:11:48'),(1229,12,0,0,0,0,0,0,0,3,1,0,5,0,0,0,0,'(\'114.142.14.190\', True)','2020-01-04 08:12:22'),(1230,12,0,0,0,0,0,0,0,3,1,0,5,0,0,22,0,'(\'114.142.14.190\', True)','2020-01-04 08:13:17'),(1231,4,0,0,0,0,0,0,0,3,1,0,0,0,18,0,0,'(\'153.170.45.120\', True)','2020-01-04 09:26:49'),(1232,4,0,0,0,0,0,0,0,3,2,0,0,0,18,0,0,'(\'153.170.45.120\', True)','2020-01-04 09:27:29'),(1233,4,0,0,0,0,0,0,0,3,3,0,0,0,18,0,0,'(\'153.170.45.120\', True)','2020-01-04 09:27:47'),(1234,1,0,0,0,0,0,0,0,3,1,0,0,0,0,0,0,'(\'122.133.163.52\', True)','2020-01-04 10:37:52'),(1235,10,0,0,0,0,0,0,0,3,4,0,0,0,0,0,0,'(\'49.104.4.111\', True)','2020-01-04 10:54:02'),(1236,4,0,0,0,0,0,0,0,1,1,0,0,0,18,0,0,'(\'153.170.45.120\', True)','2020-01-04 11:50:43'),(1237,4,0,0,0,0,0,0,0,3,1,0,0,0,18,0,0,'(\'153.170.45.120\', True)','2020-01-04 11:51:03'),(1238,10,22,0,0,0,0,0,0,3,4,0,0,0,0,0,0,'(\'114.171.146.175\', True)','2020-01-04 11:54:02'),(1239,13,0,0,0,0,0,0,0,3,4,0,0,0,17,0,0,'(\'110.131.229.201\', True)','2020-01-04 12:00:55'),(1240,4,0,0,0,0,0,0,0,3,1,0,0,0,0,23,0,'(\'153.170.45.120\', True)','2020-01-04 12:34:54'),(1241,1,0,0,0,0,0,0,0,3,1,0,0,0,0,0,0,'(\'125.194.64.0\', True)','2020-01-04 13:06:50'),(1242,2,0,0,0,0,0,0,0,3,1,0,0,0,0,0,0,'(\'125.194.64.0\', True)','2020-01-04 13:07:00'),(1243,11,0,0,0,0,0,0,0,3,1,0,0,0,17,0,0,'(\'122.132.142.244\', True)','2020-01-04 13:39:35'),(1244,13,0,0,0,0,0,0,0,3,3,0,0,0,0,22,0,'(\'60.132.89.40\', True)','2020-01-04 13:50:22'),(1245,13,22,23,0,0,0,0,0,3,3,0,0,0,0,22,0,'(\'60.132.89.40\', True)','2020-01-04 13:59:26'),(1246,13,0,23,0,0,0,0,0,3,3,0,0,0,0,0,0,'(\'60.132.89.40\', True)','2020-01-04 13:59:38'),(1247,1,0,0,0,0,0,0,0,3,3,0,0,0,0,0,0,'(\'220.221.18.64\', True)','2020-01-04 14:19:32'),(1248,4,0,0,0,0,0,0,0,3,1,0,0,0,18,0,0,'(\'153.170.45.120\', True)','2020-01-04 14:26:20'),(1249,1,0,0,0,0,0,0,0,3,1,0,0,0,0,0,0,'(\'60.132.89.40\', True)','2020-01-04 14:59:45'),(1250,1,0,0,0,0,0,0,0,3,1,0,0,0,0,0,0,'(\'60.132.89.40\', True)','2020-01-04 14:59:49'),(1251,14,0,0,0,0,0,0,0,3,4,0,0,0,0,0,0,'(\'60.132.89.40\', True)','2020-01-04 15:00:01'),(1252,11,0,0,0,0,0,0,0,3,4,1,0,0,17,0,0,'(\'180.9.0.181\', True)','2020-01-04 15:57:05'),(1253,13,0,0,0,0,0,0,0,3,4,1,0,0,17,0,0,'(\'133.218.173.75\', True)','2020-01-04 18:08:11'),(1254,1,0,0,0,0,0,0,0,3,1,0,0,0,19,0,0,'(\'110.54.106.70\', True)','2020-01-04 23:16:46'),(1255,3,1,2,3,4,0,0,0,3,1,0,0,0,17,0,0,'(\'219.121.133.89\', True)','2020-01-04 23:48:34'),(1256,3,0,0,0,0,0,0,7,3,1,0,0,0,17,0,0,'(\'219.121.133.89\', True)','2020-01-04 23:49:10'),(1257,3,0,0,0,0,0,0,0,3,1,0,0,0,17,0,0,'(\'219.121.133.89\', True)','2020-01-04 23:49:26'),(1258,3,0,0,0,0,0,0,0,3,2,1,0,0,17,0,0,'(\'219.121.133.89\', True)','2020-01-04 23:49:50'),(1259,9,0,0,0,0,0,0,0,3,1,0,0,0,17,0,0,'(\'203.179.205.221\', True)','2020-01-05 02:05:53'),(1260,9,0,0,0,0,0,0,0,3,1,1,5,9,17,21,0,'(\'203.179.205.221\', True)','2020-01-05 02:07:56'),(1261,9,0,0,0,0,0,0,0,3,1,0,0,0,17,0,0,'(\'203.179.205.221\', True)','2020-01-05 02:09:32'),(1262,9,0,0,0,0,0,0,0,3,1,1,5,9,17,21,0,'(\'203.179.205.221\', True)','2020-01-05 02:09:48'),(1263,13,0,0,0,0,0,0,0,3,4,0,0,0,17,22,0,'(\'126.0.118.240\', True)','2020-01-05 02:39:48'),(1264,7,1,0,0,0,0,0,0,3,1,0,0,0,0,0,0,'(\'122.221.211.226\', True)','2020-01-05 03:03:17'),(1265,7,1,2,0,0,0,0,0,3,1,0,0,0,0,0,0,'(\'122.221.211.226\', True)','2020-01-05 03:03:43'),(1266,7,1,2,0,0,0,0,0,3,1,0,0,0,17,0,0,'(\'122.221.211.226\', True)','2020-01-05 03:03:54'),(1267,1,0,0,0,0,0,0,0,3,1,0,0,0,17,0,0,'(\'126.241.231.22\', True)','2020-01-05 03:25:58'),(1268,3,0,0,0,0,0,0,0,3,4,0,5,0,17,0,0,'(\'114.154.225.160\', True)','2020-01-05 05:32:14'),(1269,13,0,0,0,0,0,0,0,3,4,0,0,0,17,22,0,'(\'114.154.225.160\', True)','2020-01-05 05:33:18'),(1270,12,0,0,0,0,0,0,0,3,1,0,0,0,17,21,0,'(\'116.94.187.141\', True)','2020-01-05 06:14:07'),(1271,12,0,0,0,0,0,0,0,3,1,0,0,0,17,22,0,'(\'116.94.187.141\', True)','2020-01-05 06:50:14'),(1272,11,0,0,0,0,0,0,0,3,4,0,5,0,17,21,0,'(\'49.96.8.14\', True)','2020-01-05 07:42:26'),(1273,12,0,0,0,0,0,0,0,3,1,0,5,0,17,21,0,'(\'220.219.105.171\', True)','2020-01-05 08:10:49'),(1274,12,0,0,0,0,0,0,0,3,4,0,5,0,17,21,0,'(\'220.219.105.171\', True)','2020-01-05 08:11:01'),(1275,12,0,0,0,0,0,0,0,3,4,0,0,0,0,24,0,'(\'220.219.105.171\', True)','2020-01-05 08:12:13'),(1276,12,0,0,0,0,0,0,0,3,4,0,5,0,17,21,0,'(\'220.219.105.171\', True)','2020-01-05 08:12:49'),(1277,12,0,0,0,0,0,0,0,3,4,4,0,0,0,0,0,'(\'220.219.105.171\', True)','2020-01-05 08:13:15'),(1278,12,0,0,0,0,0,0,0,3,4,0,5,0,17,21,0,'(\'220.219.105.171\', True)','2020-01-05 08:13:58'),(1279,12,0,0,0,0,0,0,0,3,4,0,5,0,17,21,0,'(\'220.219.105.171\', True)','2020-01-05 08:15:01'),(1280,2,0,0,0,0,0,0,0,3,4,0,0,0,17,22,0,'(\'153.137.82.164\', True)','2020-01-05 08:21:26'),(1281,2,22,23,24,25,26,6,29,1,4,0,0,0,17,24,0,'(\'153.137.82.164\', True)','2020-01-05 08:23:31'),(1282,1,0,0,0,0,0,0,0,1,1,3,0,0,0,0,0,'(\'153.166.137.167\', True)','2020-01-05 08:28:04'),(1283,12,0,0,0,0,0,0,0,3,1,0,0,0,0,23,0,'(\'153.166.137.167\', True)','2020-01-05 08:28:36'),(1284,4,0,0,0,0,0,0,0,1,1,0,0,0,17,0,0,'(\'180.56.63.142\', True)','2020-01-05 11:40:36'),(1285,7,1,2,0,0,0,0,0,3,1,0,0,0,0,0,0,'(\'122.221.211.226\', True)','2020-01-05 13:07:26'),(1286,7,0,0,0,0,0,0,0,3,1,0,0,0,17,0,0,'(\'122.221.211.226\', True)','2020-01-05 13:07:43'),(1287,3,0,0,0,0,0,0,0,3,3,1,0,0,17,0,0,'(\'118.240.143.138\', True)','2020-01-05 14:28:26'),(1288,1,0,0,0,0,0,0,0,3,1,0,0,0,0,22,0,'(\'114.142.14.190\', True)','2020-01-05 14:41:05'),(1289,3,0,0,0,0,0,0,0,3,1,0,5,0,17,0,0,'(\'115.69.239.62\', True)','2020-01-05 15:35:19'),(1290,5,1,9,17,25,19,13,29,3,4,2,7,11,20,24,0,'(\'153.219.20.26\', True)','2020-01-05 16:25:25'),(1291,14,0,0,0,0,0,0,0,3,4,0,0,0,0,0,0,'(\'101.55.244.193\', True)','2020-01-05 16:54:53'),(1292,4,8,2,0,0,0,0,0,1,4,1,5,0,17,0,0,'(\'27.137.117.175\', True)','2020-01-05 16:56:10'),(1293,4,0,0,0,0,0,0,0,1,4,1,5,0,17,0,0,'(\'27.137.117.175\', True)','2020-01-05 16:57:15'),(1294,5,0,0,0,0,0,0,0,3,4,1,0,0,17,0,0,'(\'223.217.51.226\', True)','2020-01-05 17:10:23'),(1295,12,0,0,0,0,0,0,0,3,4,0,5,0,17,21,0,'(\'220.219.105.171\', True)','2020-01-05 18:03:26'),(1296,11,0,0,0,0,0,0,0,3,1,0,0,0,17,21,0,'(\'111.105.21.4\', True)','2020-01-05 20:51:31'),(1297,11,1,2,3,0,0,0,0,3,1,0,0,0,17,21,0,'(\'111.105.21.4\', True)','2020-01-05 20:52:33'),(1298,14,1,2,3,0,0,0,0,3,1,0,0,0,17,21,0,'(\'111.105.21.4\', True)','2020-01-05 20:54:08'),(1299,8,0,0,0,0,0,0,0,1,4,0,0,0,0,0,0,'(\'49.98.56.193\', True)','2020-01-05 23:35:35'),(1300,8,0,0,0,0,0,0,0,3,4,0,0,0,0,0,0,'(\'49.98.56.193\', True)','2020-01-05 23:36:02'),(1301,8,0,0,0,0,0,0,0,2,4,0,0,0,0,0,0,'(\'49.98.56.193\', True)','2020-01-05 23:36:22'),(1302,14,0,0,0,0,0,0,0,3,4,0,0,0,0,0,0,'(\'42.150.173.76\', True)','2020-01-06 00:33:31'),(1303,14,0,0,0,0,0,0,0,3,4,1,0,0,0,0,0,'(\'42.150.173.76\', True)','2020-01-06 00:34:59'),(1304,14,0,0,0,0,0,0,0,3,2,1,0,0,0,0,0,'(\'42.150.173.76\', True)','2020-01-06 00:35:22'),(1305,14,0,0,0,0,0,0,0,3,1,1,0,0,0,0,0,'(\'42.150.173.76\', True)','2020-01-06 00:35:49'),(1306,14,0,0,0,0,0,0,0,3,1,0,5,0,0,0,0,'(\'42.150.173.76\', True)','2020-01-06 00:37:08'),(1307,2,0,0,0,0,0,0,0,3,4,0,0,9,0,23,0,'(\'49.98.84.7\', True)','2020-01-06 01:59:56'),(1308,2,0,0,0,0,0,0,0,3,1,0,0,9,0,23,0,'(\'49.98.84.7\', True)','2020-01-06 02:00:41'),(1309,4,0,0,0,0,0,0,0,3,1,0,0,0,17,0,0,'(\'180.39.187.78\', True)','2020-01-06 02:32:46'),(1310,2,0,0,0,0,0,0,0,3,4,0,0,0,0,23,0,'(\'36.11.225.250\', True)','2020-01-06 03:33:34'),(1311,2,0,0,0,0,0,0,0,3,3,0,0,0,0,23,0,'(\'36.11.225.250\', True)','2020-01-06 03:34:13'),(1312,2,0,0,0,0,0,0,0,3,3,0,0,0,0,22,0,'(\'36.11.225.250\', True)','2020-01-06 03:34:42'),(1313,2,0,0,0,0,0,0,0,3,4,0,0,0,0,23,0,'(\'36.11.225.250\', True)','2020-01-06 03:35:33'),(1314,2,0,0,0,0,0,0,0,3,4,0,0,0,17,23,0,'(\'36.11.225.250\', True)','2020-01-06 03:36:00'),(1315,5,0,0,0,0,0,0,0,3,4,1,0,0,17,0,0,'(\'153.235.197.202\', True)','2020-01-06 05:26:39'),(1316,5,1,2,3,4,5,6,7,3,4,1,0,0,17,0,0,'(\'153.235.197.202\', True)','2020-01-06 05:27:05'),(1317,12,0,0,0,0,0,0,0,2,4,0,5,0,17,21,0,'(\'153.197.81.203\', True)','2020-01-06 05:59:35'),(1318,4,0,0,0,0,0,0,0,3,1,0,5,0,0,0,0,'(\'27.92.54.159\', True)','2020-01-06 06:00:22'),(1319,12,0,0,0,0,0,0,0,2,4,0,6,0,17,21,0,'(\'153.197.81.203\', True)','2020-01-06 06:19:21'),(1320,12,0,0,0,0,0,0,0,2,4,0,5,0,18,21,0,'(\'153.197.81.203\', True)','2020-01-06 06:19:46'),(1321,4,0,0,0,0,0,0,0,3,4,1,0,0,17,0,0,'(\'182.21.70.38\', True)','2020-01-06 07:45:38'),(1322,6,0,0,0,0,0,0,0,3,4,0,5,0,17,21,0,'(\'114.18.23.146\', True)','2020-01-06 07:46:24'),(1323,4,0,0,0,0,0,0,0,3,1,0,0,0,17,0,0,'(\'182.21.70.38\', True)','2020-01-06 07:46:27'),(1324,4,0,0,0,0,0,0,0,3,4,0,0,0,17,0,0,'(\'182.21.70.38\', True)','2020-01-06 07:47:33'),(1325,12,0,0,0,0,0,0,0,3,4,0,5,0,17,21,0,'(\'153.197.81.203\', True)','2020-01-06 08:12:49'),(1326,12,0,0,0,0,0,0,0,3,4,0,6,9,0,21,0,'(\'153.197.81.203\', True)','2020-01-06 08:14:08'),(1327,1,0,0,0,0,0,0,0,1,1,1,0,0,0,0,0,'(\'118.11.21.84\', True)','2020-01-06 09:09:52'),(1328,1,0,0,0,0,0,0,0,1,1,1,0,0,0,0,0,'(\'118.11.21.84\', True)','2020-01-06 09:09:53'),(1329,1,0,0,0,0,0,0,0,1,1,1,0,0,0,0,0,'(\'118.11.21.84\', True)','2020-01-06 09:09:54'),(1330,4,22,23,24,25,26,27,28,1,1,0,0,0,17,24,0,'(\'106.128.73.84\', True)','2020-01-06 09:31:55'),(1331,7,0,0,0,0,0,0,0,3,4,0,0,0,17,22,0,'(\'27.132.123.185\', True)','2020-01-06 10:29:18'),(1332,7,0,0,0,0,0,0,0,2,4,1,5,0,17,0,0,'(\'211.126.207.121\', True)','2020-01-06 10:55:57'),(1333,7,0,0,0,0,0,0,0,2,1,0,0,0,17,0,0,'(\'211.126.207.121\', True)','2020-01-06 10:57:15'),(1334,7,0,0,0,0,0,0,0,2,2,0,0,0,0,0,0,'(\'211.126.207.121\', True)','2020-01-06 10:58:06'),(1335,7,0,0,0,0,0,0,0,2,3,0,0,0,0,0,0,'(\'211.126.207.121\', True)','2020-01-06 10:58:19'),(1336,7,0,0,0,0,0,0,0,2,4,0,0,0,0,0,0,'(\'211.126.207.121\', True)','2020-01-06 10:58:31'),(1337,13,0,0,0,0,0,0,0,3,1,0,0,0,0,0,0,'(\'110.233.190.40\', True)','2020-01-06 14:12:57'),(1338,13,0,0,0,0,0,0,0,3,4,0,0,0,17,0,0,'(\'110.233.190.40\', True)','2020-01-06 14:13:16'),(1339,14,0,0,0,0,0,0,0,3,2,0,0,0,18,0,0,'(\'125.202.33.206\', True)','2020-01-06 14:17:19'),(1340,14,0,0,0,0,0,0,0,3,1,0,0,0,18,0,0,'(\'125.202.33.206\', True)','2020-01-06 14:17:44'),(1341,12,0,0,0,0,0,0,0,3,4,0,5,0,0,22,0,'(\'219.107.166.207\', True)','2020-01-06 14:19:51'),(1342,14,8,9,10,11,12,13,14,1,4,2,6,9,0,0,0,'(\'219.107.166.207\', True)','2020-01-06 14:21:19'),(1343,12,22,0,0,0,0,0,0,1,1,0,0,0,17,22,0,'(\'180.52.228.71\', True)','2020-01-06 14:26:20'),(1344,12,22,0,0,0,0,0,0,3,1,0,0,0,0,22,0,'(\'180.52.228.71\', True)','2020-01-06 14:26:28'),(1345,12,22,0,0,0,0,0,0,3,1,0,0,0,17,22,0,'(\'180.52.228.71\', True)','2020-01-06 14:26:34'),(1346,8,0,0,0,0,0,0,0,3,4,0,0,0,17,0,0,'(\'106.180.44.106\', True)','2020-01-06 14:56:21'),(1347,3,0,0,0,0,0,0,0,1,1,0,0,0,17,0,0,'(\'218.217.34.130\', True)','2020-01-06 15:22:04'),(1348,1,0,0,0,0,0,0,0,3,4,0,0,0,0,0,0,'(\'220.107.24.132\', True)','2020-01-06 15:52:05'),(1349,1,0,0,0,0,0,0,0,3,4,0,5,0,0,0,0,'(\'220.107.24.132\', True)','2020-01-06 15:52:32'),(1350,1,0,0,0,0,0,0,0,3,1,0,5,0,0,0,0,'(\'220.107.24.132\', True)','2020-01-06 15:52:37'),(1351,1,0,0,0,0,0,0,0,3,1,0,0,0,17,0,0,'(\'220.107.24.132\', True)','2020-01-06 15:52:49'),(1352,1,0,0,0,0,0,0,0,2,1,0,8,0,17,0,0,'(\'220.107.24.132\', True)','2020-01-06 15:56:10'),(1353,1,0,0,0,0,0,0,0,2,4,4,8,0,19,0,0,'(\'220.107.24.132\', True)','2020-01-06 15:58:40'),(1354,1,0,0,0,0,0,0,0,2,4,4,8,0,19,24,0,'(\'220.107.24.132\', True)','2020-01-06 15:58:42'),(1355,14,0,0,0,0,0,0,0,2,4,4,8,0,19,24,0,'(\'220.107.24.132\', True)','2020-01-06 16:06:27'),(1356,3,0,0,0,0,0,0,0,3,4,0,7,0,0,0,0,'(\'126.35.233.33\', True)','2020-01-06 16:43:52'),(1357,3,0,0,0,0,0,0,0,3,4,0,7,0,0,0,0,'(\'126.35.233.33\', True)','2020-01-06 16:44:40'),(1358,4,0,0,0,0,0,0,0,2,1,0,0,0,17,0,0,'(\'122.133.30.124\', True)','2020-01-06 18:02:59'),(1359,3,0,0,0,0,0,0,0,3,4,0,8,0,0,0,0,'(\'126.35.233.33\', True)','2020-01-06 19:10:56'),(1360,3,0,0,0,0,0,0,0,1,1,2,0,0,0,0,0,'(\'114.185.168.2\', True)','2020-01-06 20:12:35'),(1361,3,0,0,0,0,0,0,0,1,4,2,0,0,0,0,0,'(\'114.185.168.2\', True)','2020-01-06 20:13:18'),(1362,3,0,0,0,0,0,0,0,3,1,2,0,0,0,0,0,'(\'114.185.168.2\', True)','2020-01-06 20:13:34'),(1363,3,0,0,0,0,0,0,0,3,1,0,0,0,18,0,0,'(\'114.185.168.2\', True)','2020-01-06 20:14:33'),(1364,5,0,0,0,0,0,0,0,3,2,0,0,0,0,0,0,'(\'182.251.122.39\', True)','2020-01-06 21:36:42'),(1365,5,0,0,0,0,0,0,0,3,2,0,0,0,0,0,0,'(\'182.251.122.39\', True)','2020-01-06 21:36:42'),(1366,5,0,0,0,0,0,0,0,3,4,0,0,0,17,22,0,'(\'182.251.122.39\', True)','2020-01-06 21:37:28'),(1367,1,0,0,0,0,0,0,0,1,1,0,0,0,20,0,0,'(\'122.22.200.35\', True)','2020-01-06 23:30:45'),(1368,9,0,0,0,0,0,0,0,3,4,0,0,0,0,0,0,'(\'221.117.134.187\', True)','2020-01-07 00:13:10'),(1369,2,0,0,0,0,0,0,0,3,4,0,0,0,18,21,0,'(\'202.151.113.136\', True)','2020-01-07 02:42:53'),(1370,4,0,0,0,0,0,0,0,3,1,2,0,0,0,0,0,'(\'126.208.231.172\', True)','2020-01-07 02:50:54'),(1371,4,0,0,0,0,0,0,0,3,1,1,0,0,17,0,0,'(\'126.208.231.172\', True)','2020-01-07 02:52:18'),(1372,4,0,0,0,0,0,0,0,3,4,1,0,0,17,0,0,'(\'126.208.231.172\', True)','2020-01-07 02:52:25'),(1373,4,0,0,0,0,0,0,0,3,4,2,0,0,0,0,0,'(\'126.208.231.172\', True)','2020-01-07 02:53:20'),(1374,4,0,0,0,0,0,0,0,3,1,2,0,0,0,0,0,'(\'126.208.231.172\', True)','2020-01-07 02:54:08'),(1375,4,0,0,0,0,0,0,0,3,4,0,0,0,17,22,0,'(\'126.208.231.172\', True)','2020-01-07 03:03:04'),(1376,12,22,23,24,25,26,27,29,3,4,0,0,9,0,23,0,'(\'36.11.224.165\', True)','2020-01-07 03:06:16'),(1377,9,22,23,24,25,26,27,28,1,1,1,5,0,17,0,0,'(\'153.144.191.53\', True)','2020-01-07 03:10:53'),(1378,9,22,23,24,25,26,27,28,1,1,1,5,0,17,21,0,'(\'153.144.191.53\', True)','2020-01-07 03:11:32'),(1379,10,22,23,24,25,26,27,28,1,4,0,0,0,17,24,0,'(\'36.11.225.239\', True)','2020-01-07 03:26:06'),(1380,10,22,23,24,25,26,27,28,1,4,0,0,0,17,24,0,'(\'36.11.225.239\', True)','2020-01-07 03:28:36'),(1381,12,0,0,0,0,0,0,0,3,1,0,0,0,0,22,0,'(\'153.170.45.120\', True)','2020-01-07 03:59:05'),(1382,12,0,0,0,0,0,0,0,3,1,0,0,0,0,23,0,'(\'153.170.45.120\', True)','2020-01-07 03:59:35'),(1383,8,0,0,0,0,0,0,0,3,2,0,6,0,0,0,0,'(\'150.55.137.2\', True)','2020-01-07 04:05:59'),(1384,12,0,0,0,0,0,0,0,3,4,0,0,0,0,24,0,'(\'49.98.141.74\', True)','2020-01-07 05:12:25'),(1385,2,0,0,0,0,0,0,0,3,4,0,0,0,17,24,0,'(\'49.98.141.74\', True)','2020-01-07 05:16:24'),(1386,12,0,0,0,0,0,0,0,3,1,0,0,0,18,0,0,'(\'153.170.45.120\', True)','2020-01-07 06:23:38'),(1387,12,0,0,0,0,0,0,0,3,1,0,0,0,0,22,0,'(\'153.170.45.120\', True)','2020-01-07 06:24:01'),(1388,5,0,0,0,0,0,0,0,3,2,0,0,0,0,0,0,'(\'111.239.158.229\', True)','2020-01-07 06:38:35'),(1389,5,0,0,0,0,0,0,0,3,4,1,0,0,17,0,0,'(\'49.239.68.8\', True)','2020-01-07 06:51:19'),(1390,4,0,0,0,0,0,0,0,3,1,0,0,0,17,0,0,'(\'14.12.65.128\', True)','2020-01-07 07:57:21'),(1391,1,22,23,24,25,26,27,28,1,1,0,0,0,0,0,0,'(\'157.107.36.216\', True)','2020-01-07 08:57:52'),(1392,7,0,0,0,0,0,0,0,3,4,0,5,0,17,21,0,'(\'58.188.103.233\', True)','2020-01-07 09:10:15'),(1393,8,0,0,0,0,0,0,0,3,1,0,0,0,17,0,0,'(\'218.221.246.252\', True)','2020-01-07 09:13:02'),(1394,9,0,0,0,0,0,0,0,3,2,0,0,0,0,0,0,'(\'49.98.175.210\', True)','2020-01-07 10:02:36'),(1395,9,1,0,0,0,0,0,0,3,2,0,0,0,0,0,0,'(\'49.98.175.210\', True)','2020-01-07 10:03:03'),(1396,9,0,0,0,0,0,0,0,3,2,1,0,0,0,0,0,'(\'49.98.175.210\', True)','2020-01-07 10:03:33'),(1397,1,0,0,0,0,0,0,0,1,1,0,0,0,0,0,0,'(\'122.22.200.35\', True)','2020-01-07 10:41:21'),(1398,1,0,0,0,0,0,0,0,1,1,0,0,0,0,21,0,'(\'122.22.200.35\', True)','2020-01-07 10:41:30'),(1399,1,0,0,0,0,0,0,0,1,1,0,0,0,0,0,13,'(\'122.22.200.35\', True)','2020-01-07 10:44:40'),(1400,11,0,0,0,0,0,0,0,2,1,0,5,0,0,0,0,'(\'180.56.63.142\', True)','2020-01-07 10:52:40'),(1401,11,1,0,0,0,0,0,0,3,1,0,0,0,17,0,0,'(\'114.161.129.186\', True)','2020-01-07 11:03:35'),(1402,11,0,0,0,0,0,0,0,3,4,0,6,0,17,23,0,'(\'114.161.129.186\', True)','2020-01-07 11:04:36'),(1403,1,0,0,0,0,0,0,0,1,1,0,0,0,0,0,0,'(\'122.22.200.35\', True)','2020-01-07 11:04:45'),(1404,1,0,0,0,0,0,0,0,1,1,0,0,0,0,0,13,'(\'122.22.200.35\', True)','2020-01-07 11:04:50'),(1405,4,1,2,0,0,0,0,0,3,1,0,0,0,0,0,0,'(\'126.54.54.220\', True)','2020-01-07 11:11:25'),(1406,3,1,2,3,4,5,6,7,1,4,4,0,0,0,0,0,'(\'126.235.129.252\', True)','2020-01-07 11:22:29'),(1407,11,0,0,0,0,0,0,0,3,4,1,0,0,17,0,0,'(\'180.45.159.239\', True)','2020-01-07 11:35:34'),(1408,11,0,0,0,0,0,0,0,3,4,1,0,0,20,0,0,'(\'180.45.159.239\', True)','2020-01-07 11:35:55'),(1409,11,0,0,0,0,0,0,0,3,4,4,0,0,20,0,0,'(\'180.45.159.239\', True)','2020-01-07 11:36:06'),(1410,11,8,9,10,11,12,13,14,3,4,4,0,0,20,0,0,'(\'180.45.159.239\', True)','2020-01-07 11:36:28'),(1411,11,1,2,3,4,5,6,7,3,4,4,0,0,20,0,0,'(\'180.45.159.239\', True)','2020-01-07 11:36:47'),(1412,2,0,0,0,0,0,0,0,3,4,0,0,0,17,22,0,'(\'153.137.82.164\', True)','2020-01-07 11:46:04'),(1413,8,0,0,0,0,0,0,0,3,4,0,0,0,17,0,13,'(\'106.180.47.44\', True)','2020-01-07 11:47:58'),(1414,12,0,0,0,0,0,0,0,3,4,0,5,9,0,22,0,'(\'106.180.47.44\', True)','2020-01-07 11:50:43'),(1415,12,22,23,24,25,26,27,29,3,4,0,0,0,0,24,0,'(\'150.249.111.65\', True)','2020-01-07 12:00:46'),(1416,9,0,0,0,0,0,0,0,3,4,0,5,0,17,21,0,'(\'110.163.13.33\', True)','2020-01-07 12:27:08'),(1417,3,0,0,0,0,0,0,0,3,1,1,0,0,17,0,0,'(\'217.178.82.162\', True)','2020-01-07 12:29:30'),(1418,14,0,0,0,0,0,0,0,1,4,0,8,0,0,0,0,'(\'106.180.47.44\', True)','2020-01-07 12:48:35'),(1419,4,0,0,0,0,0,0,0,3,2,0,0,0,0,0,0,'(\'106.133.177.12\', True)','2020-01-07 13:14:43'),(1420,4,0,0,0,0,0,0,0,3,3,0,0,0,0,0,0,'(\'106.133.177.12\', True)','2020-01-07 13:14:59'),(1421,4,0,0,0,0,0,0,0,3,4,0,0,0,0,0,0,'(\'106.133.177.12\', True)','2020-01-07 13:15:12'),(1422,4,0,0,0,0,0,0,0,3,4,0,5,0,0,0,0,'(\'106.133.177.12\', True)','2020-01-07 13:15:26'),(1423,9,0,0,0,0,0,0,0,1,4,0,7,9,17,0,0,'(\'106.180.47.44\', True)','2020-01-07 13:33:27'),(1424,11,0,0,0,0,0,0,0,3,1,0,0,0,0,0,0,'(\'61.127.135.131\', True)','2020-01-07 14:26:15'),(1425,11,0,0,0,0,0,0,0,3,1,0,0,0,17,0,0,'(\'61.127.135.131\', True)','2020-01-07 14:26:30'),(1426,12,0,0,0,0,0,0,0,3,1,0,0,0,0,23,0,'(\'150.31.46.106\', True)','2020-01-07 14:33:48'),(1427,12,0,0,0,0,0,0,0,3,1,0,0,0,0,21,0,'(\'150.31.46.106\', True)','2020-01-07 14:34:05'),(1428,12,0,0,0,0,0,0,0,3,1,0,0,0,0,22,0,'(\'150.31.46.106\', True)','2020-01-07 14:34:59'),(1429,4,0,0,0,0,0,0,0,3,4,1,0,0,17,0,0,'(\'119.10.224.187\', True)','2020-01-07 16:55:15'),(1430,4,0,0,0,0,0,0,0,3,4,1,0,0,17,0,0,'(\'119.10.224.187\', True)','2020-01-07 17:02:54'),(1431,4,0,0,0,0,0,0,0,1,4,0,0,0,17,24,0,'(\'119.10.224.187\', True)','2020-01-07 17:06:52'),(1432,4,0,0,0,0,0,0,0,1,4,0,0,0,17,24,0,'(\'119.10.224.187\', True)','2020-01-07 17:08:35'),(1433,4,22,23,24,25,26,27,28,1,1,0,0,0,0,22,0,'(\'180.27.43.13\', True)','2020-01-07 17:39:15'),(1434,4,22,23,24,25,26,27,28,1,1,0,0,0,0,0,0,'(\'180.27.43.13\', True)','2020-01-07 17:39:22'),(1435,4,1,2,3,4,12,13,14,1,4,4,6,0,20,0,0,'(\'27.95.229.116\', True)','2020-01-07 18:42:22'),(1436,8,0,0,0,0,0,0,0,3,1,0,0,0,17,0,0,'(\'180.56.63.142\', True)','2020-01-07 19:58:28'),(1437,8,0,0,0,0,0,0,0,3,4,0,0,0,20,0,0,'(\'147.192.26.21\', True)','2020-01-07 22:27:55'),(1438,12,0,0,0,0,0,0,0,3,4,0,0,0,17,22,0,'(\'49.98.56.150\', True)','2020-01-07 23:21:35'),(1439,1,0,0,0,0,0,0,0,1,1,0,0,0,20,0,0,'(\'39.3.11.111\', True)','2020-01-07 23:51:50'),(1440,1,0,0,0,0,0,0,0,1,4,0,0,0,0,0,0,'(\'121.86.94.209\', True)','2020-01-07 23:52:30'),(1441,5,1,2,3,4,5,6,7,1,4,0,0,0,0,0,0,'(\'121.86.94.209\', True)','2020-01-07 23:53:00'),(1442,5,1,2,3,4,5,6,7,3,4,0,0,0,0,0,0,'(\'121.86.94.209\', True)','2020-01-07 23:53:12'),(1443,5,1,2,3,4,5,6,7,3,4,1,5,0,17,0,0,'(\'121.86.94.209\', True)','2020-01-07 23:53:39'),(1444,5,1,2,3,4,5,6,7,3,4,4,8,12,20,24,16,'(\'121.86.94.209\', True)','2020-01-07 23:53:53'),(1445,7,0,0,0,0,0,0,0,3,3,0,0,0,20,0,0,'(\'126.193.158.196\', True)','2020-01-08 00:03:29'),(1446,4,22,23,24,25,26,27,29,3,4,0,0,0,17,23,0,'(\'106.180.32.151\', True)','2020-01-08 00:36:51'),(1447,4,22,23,24,25,26,27,29,3,4,0,0,0,17,24,0,'(\'106.180.32.151\', True)','2020-01-08 00:39:57'),(1448,4,22,23,24,25,26,27,7,3,4,0,0,0,17,24,0,'(\'106.180.32.151\', True)','2020-01-08 00:40:06'),(1449,4,22,23,24,25,26,27,28,1,4,0,5,0,0,24,0,'(\'106.180.32.151\', True)','2020-01-08 01:08:43'),(1450,4,0,0,0,0,0,0,0,3,3,0,6,0,17,0,0,'(\'42.146.80.21\', True)','2020-01-08 01:22:38'),(1451,8,0,0,0,0,0,0,0,1,1,0,0,0,18,22,0,'(\'106.128.57.68\', True)','2020-01-08 03:14:45'),(1452,11,0,0,0,0,0,0,0,3,2,0,0,0,0,0,0,'(\'61.127.135.131\', True)','2020-01-08 03:23:28'),(1453,11,0,0,0,0,0,0,0,3,2,0,0,0,0,0,0,'(\'61.127.135.131\', True)','2020-01-08 03:23:58'),(1454,12,0,0,0,0,0,0,0,3,4,0,5,0,17,21,0,'(\'220.219.105.171\', True)','2020-01-08 03:31:29'),(1455,12,0,0,0,0,0,0,0,3,4,0,5,0,17,24,0,'(\'220.219.105.171\', True)','2020-01-08 03:36:58'),(1456,7,0,0,0,0,0,0,7,3,1,0,0,0,0,0,0,'(\'42.75.4.216\', True)','2020-01-08 03:38:04'),(1457,3,0,0,0,0,0,0,0,1,1,0,0,0,0,0,0,'(\'126.35.58.2\', True)','2020-01-08 04:20:44'),(1458,3,0,0,0,0,0,0,0,2,4,0,0,0,19,0,0,'(\'126.35.58.2\', True)','2020-01-08 04:21:31'),(1459,1,0,0,0,0,0,0,0,1,1,0,0,0,0,22,0,'(\'180.39.49.65\', True)','2020-01-08 06:12:53'),(1460,1,0,0,0,0,0,0,0,1,1,0,0,0,0,21,0,'(\'180.39.49.65\', True)','2020-01-08 06:23:32'),(1461,1,0,0,0,0,0,0,0,3,1,0,0,0,0,21,0,'(\'180.39.49.65\', True)','2020-01-08 06:23:39'),(1462,1,0,0,0,0,0,0,0,3,1,0,0,0,0,22,0,'(\'180.39.49.65\', True)','2020-01-08 06:23:59'),(1463,4,0,0,0,0,0,0,0,2,2,0,0,0,0,0,0,'(\'180.27.43.13\', True)','2020-01-08 06:49:31'),(1464,4,0,0,0,0,0,0,0,2,1,2,0,0,0,0,0,'(\'180.27.43.13\', True)','2020-01-08 06:49:54'),(1465,2,0,0,0,0,0,0,0,1,1,0,0,0,17,0,0,'(\'153.136.224.242\', True)','2020-01-08 07:28:35'),(1466,2,0,0,0,0,0,0,0,3,1,0,0,0,17,0,0,'(\'1.75.198.8\', True)','2020-01-08 07:41:49'),(1467,2,0,0,0,0,0,0,0,3,4,0,0,0,17,0,0,'(\'1.75.198.8\', True)','2020-01-08 07:42:17'),(1468,2,22,23,24,25,26,27,28,3,4,0,0,0,17,0,0,'(\'1.75.198.8\', True)','2020-01-08 07:44:01'),(1469,9,0,0,0,0,0,0,0,1,4,0,7,9,17,0,0,'(\'219.107.166.207\', True)','2020-01-08 09:18:26'),(1470,2,0,0,0,0,0,0,0,3,4,0,0,0,18,21,0,'(\'92.202.10.143\', True)','2020-01-08 09:34:00'),(1471,2,0,0,0,0,0,0,0,2,4,0,0,0,18,21,0,'(\'92.202.10.143\', True)','2020-01-08 09:34:23'),(1472,2,0,0,0,0,0,0,0,2,4,0,0,0,19,0,0,'(\'92.202.10.143\', True)','2020-01-08 09:34:40'),(1473,2,0,0,0,0,0,0,0,1,4,0,0,0,20,0,0,'(\'92.202.10.143\', True)','2020-01-08 09:34:59'),(1474,2,0,0,0,0,0,0,0,3,4,0,0,0,18,21,0,'(\'92.202.10.143\', True)','2020-01-08 09:35:24'),(1475,12,0,0,0,0,0,0,0,3,4,0,0,0,0,24,0,'(\'58.12.79.66\', True)','2020-01-08 09:38:02'),(1476,4,0,0,0,0,0,0,0,2,2,2,5,0,17,0,0,'(\'60.152.194.190\', True)','2020-01-08 09:55:20'),(1477,7,0,0,0,0,0,0,0,3,4,3,7,0,19,0,0,'(\'106.167.3.225\', True)','2020-01-08 11:23:33'),(1478,13,0,0,0,0,0,0,0,2,1,0,0,0,0,0,0,'(\'106.174.112.178\', True)','2020-01-08 11:57:08'),(1479,13,0,0,0,0,0,0,0,2,1,4,0,0,0,0,0,'(\'106.174.112.178\', True)','2020-01-08 11:57:25'),(1480,11,0,0,0,0,0,0,0,3,1,0,5,0,17,0,0,'(\'59.139.209.155\', True)','2020-01-08 13:18:22'),(1481,3,0,0,0,0,0,0,0,1,1,1,0,0,0,0,0,'(\'180.56.63.142\', True)','2020-01-08 13:57:27'),(1482,6,0,0,0,0,0,0,0,3,4,0,0,0,0,0,0,'(\'59.138.43.204\', True)','2020-01-08 13:57:47'),(1483,3,0,0,0,0,0,0,0,1,1,2,0,0,0,0,0,'(\'180.56.63.142\', True)','2020-01-08 13:58:17'),(1484,4,0,0,0,0,0,0,0,1,4,1,5,0,17,0,0,'(\'27.137.117.175\', True)','2020-01-08 14:27:08'),(1485,11,0,0,0,0,0,0,0,3,1,0,0,0,18,0,0,'(\'61.127.135.131\', True)','2020-01-08 14:38:51'),(1486,11,8,0,0,0,0,0,0,3,1,0,0,0,0,0,0,'(\'1.66.102.7\', True)','2020-01-08 14:49:23'),(1487,11,0,0,0,0,0,0,0,3,2,0,5,0,0,0,0,'(\'1.66.102.7\', True)','2020-01-08 14:54:57'),(1488,11,22,23,24,25,26,27,28,1,4,0,0,0,0,0,0,'(\'219.167.160.183\', True)','2020-01-08 15:22:02'),(1489,11,22,23,24,25,26,27,28,1,4,0,0,0,0,24,0,'(\'219.167.160.183\', True)','2020-01-08 15:23:36'),(1490,1,0,0,0,0,0,0,0,3,1,0,0,0,0,0,16,'(\'106.154.124.97\', True)','2020-01-08 23:24:18'),(1491,1,0,0,0,0,0,0,0,3,1,0,0,0,0,0,14,'(\'106.154.124.97\', True)','2020-01-08 23:24:49'),(1492,1,0,0,0,0,0,0,0,3,1,0,0,0,0,0,13,'(\'106.154.124.97\', True)','2020-01-08 23:25:06'),(1493,1,0,0,0,0,0,0,0,3,1,0,0,0,0,0,14,'(\'106.154.124.97\', True)','2020-01-08 23:25:16'),(1494,1,0,0,0,0,0,0,0,3,4,0,0,0,0,0,14,'(\'106.154.124.97\', True)','2020-01-08 23:25:27'),(1495,1,0,0,0,0,0,0,0,3,1,0,0,0,0,24,0,'(\'106.154.124.97\', True)','2020-01-08 23:25:47'),(1496,1,0,0,0,0,0,0,0,3,1,0,0,0,0,23,0,'(\'106.154.124.97\', True)','2020-01-08 23:26:06'),(1497,4,8,2,0,0,0,0,0,3,1,0,0,0,0,0,0,'(\'106.167.3.225\', True)','2020-01-08 23:52:10'),(1498,4,8,2,17,0,0,0,0,3,1,0,0,0,0,0,0,'(\'106.167.3.225\', True)','2020-01-08 23:52:32'),(1499,3,0,0,0,0,0,0,0,3,1,0,5,0,0,0,0,'(\'36.11.225.155\', True)','2020-01-09 02:50:25'),(1500,3,0,0,0,0,0,0,0,3,1,0,6,0,0,22,0,'(\'36.11.225.155\', True)','2020-01-09 02:50:59'),(1501,1,0,0,0,0,0,0,0,3,2,0,0,0,0,0,0,'(\'61.127.135.131\', True)','2020-01-09 04:10:01'),(1502,11,0,0,0,0,0,0,0,3,4,0,5,0,17,21,0,'(\'160.18.148.65\', True)','2020-01-09 05:17:58'),(1503,1,0,0,0,0,0,0,0,3,3,0,0,0,0,0,0,'(\'61.127.135.131\', True)','2020-01-09 05:18:22'),(1504,1,0,0,0,0,0,0,0,3,4,0,0,0,0,0,0,'(\'61.127.135.131\', True)','2020-01-09 05:18:44'),(1505,1,0,0,0,0,0,0,0,3,2,0,0,0,0,0,0,'(\'61.127.135.131\', True)','2020-01-09 05:38:29'),(1506,1,0,0,0,0,0,0,0,3,3,0,0,0,0,0,0,'(\'61.127.135.131\', True)','2020-01-09 05:38:37'),(1507,12,22,23,24,25,26,27,28,3,1,0,5,0,0,22,0,'(\'183.74.205.201\', True)','2020-01-09 05:48:53'),(1508,12,22,23,24,25,26,27,28,2,4,0,5,0,0,23,0,'(\'183.74.205.201\', True)','2020-01-09 05:49:28'),(1509,1,0,0,0,0,0,0,0,3,4,0,0,0,0,0,0,'(\'61.127.135.131\', True)','2020-01-09 06:24:25'),(1510,2,0,0,0,0,0,0,0,1,2,0,0,0,0,0,0,'(\'106.159.237.206\', True)','2020-01-09 07:28:25'),(1511,2,0,0,0,0,0,0,0,1,2,0,0,0,0,22,0,'(\'106.159.237.206\', True)','2020-01-09 07:28:38'),(1512,12,0,0,0,0,0,0,0,1,4,0,5,0,17,23,0,'(\'219.107.166.207\', True)','2020-01-09 07:39:57'),(1513,12,0,0,0,0,0,0,0,1,4,0,5,0,17,23,0,'(\'219.107.166.207\', True)','2020-01-09 07:43:12'),(1514,8,0,0,0,0,0,0,0,3,1,0,0,0,18,22,0,'(\'106.128.56.65\', True)','2020-01-09 08:57:21'),(1515,13,0,0,0,0,0,0,0,3,4,0,0,0,0,23,0,'(\'182.23.234.115\', True)','2020-01-09 11:30:28'),(1516,13,0,0,0,0,0,0,0,3,4,0,5,0,0,23,0,'(\'182.23.234.115\', True)','2020-01-09 11:31:26'),(1517,11,0,0,0,0,0,0,0,3,1,0,0,0,20,0,0,'(\'59.134.50.114\', True)','2020-01-09 15:54:56'),(1518,7,22,23,24,25,26,27,28,1,4,0,0,0,17,23,0,'(\'219.100.108.30\', True)','2020-01-09 16:46:40'),(1519,8,1,9,24,11,12,20,7,2,1,0,0,0,20,0,0,'(\'103.2.35.69\', True)','2020-01-09 17:31:30'),(1520,12,0,0,0,0,0,0,0,3,1,0,0,0,0,22,0,'(\'153.170.45.120\', True)','2020-01-10 04:49:43'),(1521,12,0,0,0,0,0,0,0,3,1,0,0,0,0,23,0,'(\'153.170.45.120\', True)','2020-01-10 04:54:33'),(1522,2,0,0,0,0,0,0,0,1,1,0,0,0,0,0,0,'(\'106.180.12.216\', True)','2020-01-10 05:14:35'),(1523,2,8,9,10,0,0,0,0,3,4,0,0,0,0,0,0,'(\'106.180.12.216\', True)','2020-01-10 05:15:17'),(1524,3,0,0,0,0,0,0,0,3,1,0,0,0,17,0,0,'(\'113.35.61.130\', True)','2020-01-10 05:56:34'),(1525,12,0,0,0,0,0,0,0,3,1,0,0,0,17,0,0,'(\'113.35.61.130\', True)','2020-01-10 05:56:48'),(1526,9,0,0,0,0,0,0,0,3,1,0,0,0,17,0,0,'(\'14.8.106.33\', True)','2020-01-10 07:06:59'),(1527,11,0,0,0,0,0,0,0,3,2,0,0,0,0,0,0,'(\'61.127.135.131\', True)','2020-01-10 07:08:04'),(1528,11,0,0,0,0,0,0,0,3,1,0,0,0,17,0,0,'(\'61.127.135.131\', True)','2020-01-10 07:10:09'),(1529,11,0,0,0,0,0,0,0,3,1,1,0,0,17,0,0,'(\'61.127.135.131\', True)','2020-01-10 07:10:42'),(1530,11,0,0,0,0,0,0,0,3,4,1,0,0,17,0,0,'(\'61.127.135.131\', True)','2020-01-10 07:10:58'),(1531,3,0,0,0,0,0,0,0,3,4,1,0,0,17,0,0,'(\'118.111.201.242\', True)','2020-01-10 08:25:30'),(1532,3,0,0,0,0,0,0,0,3,4,1,5,0,17,0,0,'(\'118.111.201.242\', True)','2020-01-10 08:25:51'),(1533,3,0,0,0,0,0,0,0,3,4,1,5,0,17,21,0,'(\'118.111.201.242\', True)','2020-01-10 08:26:04'),(1534,1,0,0,0,0,0,0,0,3,1,0,0,0,19,0,0,'(\'60.128.131.50\', True)','2020-01-10 10:25:32'),(1535,1,0,0,0,0,0,0,0,3,1,0,0,0,20,0,13,'(\'60.128.131.50\', True)','2020-01-10 10:26:20'),(1536,3,0,0,0,0,0,0,0,3,1,0,0,0,20,0,13,'(\'60.128.131.50\', True)','2020-01-10 10:26:38'),(1537,9,8,0,0,0,0,0,0,1,1,0,0,0,17,0,0,'(\'114.162.137.4\', True)','2020-01-10 15:04:12'),(1538,2,0,0,0,0,0,0,0,3,3,0,0,0,0,23,0,'(\'183.74.207.87\', True)','2020-01-10 15:18:44'),(1539,1,0,0,0,0,0,0,0,3,4,0,0,0,0,0,0,'(\'61.127.135.131\', True)','2020-01-10 15:32:01'),(1540,1,0,0,0,0,0,0,0,3,3,0,0,0,0,0,0,'(\'61.127.135.131\', True)','2020-01-10 15:32:40'),(1541,1,0,0,0,0,0,0,0,3,2,0,0,0,0,0,0,'(\'61.127.135.131\', True)','2020-01-10 15:32:51'),(1542,1,0,0,0,0,0,0,0,3,2,1,0,0,0,0,0,'(\'61.127.135.131\', True)','2020-01-10 15:33:09'),(1543,13,22,23,24,25,26,27,28,1,4,1,0,0,0,24,0,'(\'133.218.173.75\', True)','2020-01-11 00:50:47'),(1544,4,0,0,0,0,0,0,0,3,3,0,0,0,0,0,0,'(\'14.12.65.128\', True)','2020-01-11 01:20:24'),(1545,4,0,0,0,0,0,0,0,3,1,0,0,0,18,0,0,'(\'14.12.65.128\', True)','2020-01-11 01:20:57'),(1546,7,0,0,0,0,0,0,0,1,1,0,0,0,0,0,0,'(\'182.251.194.43\', True)','2020-01-11 02:03:11'),(1547,1,1,0,0,0,0,0,0,3,1,0,0,0,0,0,0,'(\'59.85.197.164\', True)','2020-01-11 02:14:22'),(1548,1,1,0,0,0,0,0,0,3,1,1,0,0,0,0,0,'(\'59.85.197.164\', True)','2020-01-11 02:14:37'),(1549,4,0,0,0,0,0,0,0,1,1,0,0,0,17,0,0,'(\'113.254.43.244\', True)','2020-01-11 03:42:09'),(1550,4,0,0,0,0,0,0,0,2,1,0,0,0,17,0,0,'(\'113.254.43.244\', True)','2020-01-11 03:42:16'),(1551,4,0,0,0,0,0,0,0,3,1,0,0,0,17,0,0,'(\'113.254.43.244\', True)','2020-01-11 03:42:25'),(1552,2,22,9,10,0,0,0,0,1,4,0,0,0,0,0,0,'(\'111.217.113.69\', True)','2020-01-11 03:54:22'),(1553,9,0,0,0,0,0,0,0,3,1,0,0,0,18,0,13,'(\'128.53.2.172\', True)','2020-01-11 05:04:30'),(1554,11,0,0,0,0,0,0,0,3,4,1,0,0,17,0,0,'(\'60.140.189.188\', True)','2020-01-11 05:08:24'),(1555,11,0,0,0,0,0,0,0,3,4,0,5,0,17,21,0,'(\'60.140.189.188\', True)','2020-01-11 05:10:47'),(1556,7,1,0,0,0,0,0,0,1,1,0,0,0,0,0,0,'(\'124.110.189.110\', True)','2020-01-11 05:59:50'),(1557,4,0,0,0,0,0,0,0,2,1,0,0,0,17,0,0,'(\'153.130.145.4\', True)','2020-01-11 08:16:21'),(1558,7,0,0,0,0,0,0,0,1,1,0,0,0,17,0,0,'(\'153.130.145.4\', True)','2020-01-11 08:34:38'),(1559,13,22,23,24,25,26,27,28,1,4,1,0,0,0,24,0,'(\'124.147.102.17\', True)','2020-01-11 08:46:00'),(1560,1,0,0,0,0,0,0,0,3,4,0,0,0,17,22,0,'(\'153.144.3.172\', True)','2020-01-11 10:23:01'),(1561,10,0,0,0,0,0,0,0,1,4,0,0,0,17,24,0,'(\'126.245.115.143\', True)','2020-01-11 10:29:37'),(1562,13,0,0,0,0,0,0,0,3,1,0,0,0,17,0,0,'(\'39.111.185.99\', True)','2020-01-11 10:35:30'),(1563,13,0,0,0,0,0,0,0,3,2,0,0,0,17,0,0,'(\'39.111.185.99\', True)','2020-01-11 10:35:48'),(1564,13,0,0,0,0,0,0,0,3,3,0,0,0,17,0,0,'(\'39.111.185.99\', True)','2020-01-11 10:35:55'),(1565,13,0,0,0,0,0,0,0,3,4,0,0,0,17,0,0,'(\'39.111.185.99\', True)','2020-01-11 10:36:04'),(1566,12,0,0,0,0,0,0,0,3,1,0,0,0,17,22,0,'(\'122.221.211.226\', True)','2020-01-11 11:12:45'),(1567,12,22,23,24,25,26,27,28,3,1,0,0,0,17,22,0,'(\'122.221.211.226\', True)','2020-01-11 11:13:44'),(1568,5,0,0,0,0,0,0,0,3,4,0,0,0,18,0,0,'(\'60.133.224.39\', True)','2020-01-11 11:16:22'),(1569,13,0,0,0,0,0,0,0,3,4,0,0,0,18,0,0,'(\'60.133.224.39\', True)','2020-01-11 11:16:52'),(1570,5,0,0,0,0,0,0,0,2,4,0,0,0,18,0,0,'(\'60.133.224.39\', True)','2020-01-11 11:17:29'),(1571,5,0,0,0,0,0,0,0,2,4,0,0,0,17,0,0,'(\'60.133.224.39\', True)','2020-01-11 11:17:48'),(1572,5,0,0,0,0,0,0,0,1,4,0,0,0,17,0,0,'(\'60.133.224.39\', True)','2020-01-11 11:18:11'),(1573,5,0,0,0,0,0,0,0,1,4,0,0,0,0,0,0,'(\'60.133.224.39\', True)','2020-01-11 11:19:27'),(1574,5,0,0,0,0,0,0,0,2,4,0,0,0,0,0,0,'(\'60.133.224.39\', True)','2020-01-11 11:19:38'),(1575,5,0,0,0,0,0,0,0,2,4,0,0,0,17,0,0,'(\'60.133.224.39\', True)','2020-01-11 11:19:46'),(1576,1,0,0,0,0,0,0,0,2,1,0,0,0,17,0,0,'(\'183.180.105.39\', True)','2020-01-11 11:22:10'),(1577,5,0,0,0,0,0,0,0,3,4,0,0,0,18,21,0,'(\'60.133.224.39\', True)','2020-01-11 11:22:54'),(1578,11,22,23,24,25,26,0,0,2,3,0,6,0,17,0,0,'(\'60.41.165.93\', True)','2020-01-11 12:18:04'),(1579,11,22,23,24,25,26,0,0,2,2,0,6,0,17,0,0,'(\'60.41.165.93\', True)','2020-01-11 12:18:24'),(1580,11,22,23,24,25,26,0,0,2,2,0,5,0,17,0,0,'(\'60.41.165.93\', True)','2020-01-11 12:18:42'),(1581,1,0,0,0,0,0,0,0,1,1,0,0,0,0,22,0,'(\'110.135.53.32\', True)','2020-01-11 13:06:35'),(1582,1,0,0,0,0,0,0,0,1,1,0,0,0,0,23,0,'(\'110.135.53.32\', True)','2020-01-11 13:08:53'),(1583,1,0,0,0,0,0,0,0,1,1,0,0,0,0,23,0,'(\'110.135.53.32\', True)','2020-01-11 13:08:53'),(1584,13,0,0,0,0,0,0,0,3,4,0,0,0,0,0,0,'(\'124.247.170.240\', True)','2020-01-11 13:15:14'),(1585,13,0,0,0,0,0,0,0,3,1,0,0,0,18,0,0,'(\'124.247.170.240\', True)','2020-01-11 13:16:30'),(1586,6,0,0,0,0,0,0,0,2,4,1,5,0,17,0,0,'(\'59.148.125.170\', True)','2020-01-11 13:25:45'),(1587,6,0,0,0,0,0,0,0,2,2,0,5,0,17,0,0,'(\'59.148.125.170\', True)','2020-01-11 13:26:00'),(1588,7,0,0,0,0,0,0,0,3,2,0,0,0,18,0,0,'(\'124.110.189.110\', True)','2020-01-11 13:47:20'),(1589,13,22,0,0,0,0,0,0,3,1,0,0,0,0,0,0,'(\'113.153.180.190\', True)','2020-01-11 13:57:07'),(1590,13,22,0,0,0,0,0,0,3,1,0,0,0,17,0,0,'(\'113.153.180.190\', True)','2020-01-11 13:57:19'),(1591,13,22,0,0,0,0,0,0,3,1,0,0,0,17,21,0,'(\'113.153.180.190\', True)','2020-01-11 13:57:44'),(1592,10,22,23,24,25,26,27,29,1,1,0,0,0,0,0,0,'(\'59.190.71.46\', True)','2020-01-11 14:17:28'),(1593,10,22,23,24,25,26,27,29,1,1,0,0,0,18,0,0,'(\'59.190.71.46\', True)','2020-01-11 14:17:46'),(1594,10,0,0,0,0,0,27,0,1,1,0,0,0,0,0,0,'(\'59.190.71.46\', True)','2020-01-11 14:18:10'),(1595,10,0,0,0,0,26,27,0,1,1,0,0,0,0,0,0,'(\'59.190.71.46\', True)','2020-01-11 14:18:18'),(1596,10,0,0,0,0,0,6,0,1,1,0,0,0,0,0,0,'(\'59.190.71.46\', True)','2020-01-11 14:18:29'),(1597,2,0,0,0,0,0,0,0,3,4,0,0,0,17,22,0,'(\'59.148.125.170\', True)','2020-01-11 14:29:06'),(1598,13,0,0,0,0,0,0,0,3,4,0,0,0,17,22,0,'(\'60.127.239.242\', True)','2020-01-11 14:40:37'),(1599,13,0,0,0,0,0,0,0,1,1,0,0,0,17,0,0,'(\'60.127.239.242\', True)','2020-01-11 14:41:45'),(1600,13,0,0,0,0,0,0,0,2,1,0,0,0,17,0,0,'(\'60.127.239.242\', True)','2020-01-11 14:41:52'),(1601,13,0,0,0,0,0,0,0,3,4,0,0,0,17,22,0,'(\'60.126.22.69\', True)','2020-01-11 14:57:10'),(1602,3,0,0,0,0,0,0,0,1,1,2,0,0,0,0,0,'(\'180.56.63.142\', True)','2020-01-11 15:04:20'),(1603,3,1,2,3,4,5,6,7,2,4,1,0,0,17,0,0,'(\'123.202.220.104\', True)','2020-01-11 15:19:43'),(1604,1,0,0,0,0,0,0,0,1,1,3,0,0,0,0,0,'(\'180.56.63.142\', True)','2020-01-11 16:11:51'),(1605,3,0,0,0,0,0,0,0,1,1,3,0,0,0,0,0,'(\'180.56.63.142\', True)','2020-01-11 16:12:11'),(1606,2,0,0,0,0,0,0,0,2,4,0,5,0,17,21,0,'(\'58.188.128.76\', True)','2020-01-11 16:15:18'),(1607,3,0,0,0,0,0,0,0,3,4,1,0,0,17,0,0,'(\'110.134.134.194\', True)','2020-01-11 16:21:20'),(1608,1,0,0,0,0,0,0,0,3,3,0,0,0,0,0,0,'(\'60.139.188.9\', True)','2020-01-11 18:40:48'),(1609,8,0,0,0,0,0,0,0,3,2,0,0,0,18,0,0,'(\'27.92.198.168\', True)','2020-01-11 20:31:26'),(1610,6,22,23,24,25,26,27,29,1,4,0,0,0,17,24,16,'(\'210.79.202.163\', True)','2020-01-11 22:48:59'),(1611,6,22,23,24,25,26,27,29,1,4,0,0,9,17,22,13,'(\'210.79.202.163\', True)','2020-01-11 22:50:00'),(1612,9,8,0,0,0,0,0,0,3,4,0,5,0,17,21,0,'(\'153.144.203.46\', True)','2020-01-11 23:01:09'),(1613,5,22,23,24,25,26,27,29,3,1,0,0,0,20,0,0,'(\'118.106.114.250\', True)','2020-01-11 23:54:47'),(1614,11,0,0,0,0,0,0,0,3,1,0,0,0,0,24,0,'(\'116.64.107.20\', True)','2020-01-12 00:29:23'),(1615,11,0,0,0,0,0,0,0,3,1,0,0,0,17,0,0,'(\'116.64.107.20\', True)','2020-01-12 00:30:11'),(1616,14,0,0,0,0,0,0,0,3,2,0,5,0,17,0,0,'(\'219.121.133.89\', True)','2020-01-12 00:41:30'),(1617,14,0,0,0,0,0,0,0,3,3,0,5,0,17,0,0,'(\'219.121.133.89\', True)','2020-01-12 00:42:28'),(1618,11,0,0,0,0,0,0,0,1,1,0,0,0,0,0,0,'(\'114.69.7.47\', True)','2020-01-12 00:43:39'),(1619,11,1,9,17,25,0,0,0,1,1,0,0,0,0,0,0,'(\'114.69.7.47\', True)','2020-01-12 00:43:51'),(1620,11,1,9,17,25,0,0,0,1,1,4,8,12,20,24,0,'(\'114.69.7.47\', True)','2020-01-12 00:47:41'),(1621,8,0,0,0,0,0,0,0,3,2,0,0,0,0,0,0,'(\'114.187.107.49\', True)','2020-01-12 02:02:37'),(1622,8,0,0,0,0,0,0,0,3,3,0,0,0,0,0,0,'(\'114.187.107.49\', True)','2020-01-12 02:02:47'),(1623,8,0,0,0,0,0,0,0,3,3,0,0,9,0,0,0,'(\'114.187.107.49\', True)','2020-01-12 02:03:06'),(1624,2,0,0,0,0,0,0,0,1,1,0,0,0,0,23,0,'(\'61.127.135.131\', True)','2020-01-12 03:58:00'),(1625,13,0,0,0,0,0,0,0,2,1,0,0,0,17,0,0,'(\'153.195.1.207\', True)','2020-01-12 04:07:37'),(1626,4,0,0,0,0,0,0,0,3,4,0,0,0,19,0,0,'(\'49.98.87.170\', True)','2020-01-12 04:42:14'),(1627,1,0,0,0,0,0,0,0,3,1,0,0,0,17,0,0,'(\'113.154.110.137\', True)','2020-01-12 04:43:51'),(1628,12,0,0,0,0,0,0,0,3,1,0,0,0,17,0,0,'(\'113.154.110.137\', True)','2020-01-12 04:43:59'),(1629,12,0,0,0,0,0,0,0,3,2,0,0,0,17,21,0,'(\'113.154.110.137\', True)','2020-01-12 04:44:24'),(1630,1,0,0,0,0,0,0,0,3,3,0,0,0,18,0,0,'(\'49.106.188.18\', True)','2020-01-12 05:41:25'),(1631,1,0,0,0,0,0,0,0,3,1,0,0,0,0,21,0,'(\'126.37.54.52\', True)','2020-01-12 06:15:18'),(1632,2,0,0,0,0,0,0,0,3,2,0,0,0,17,0,0,'(\'61.127.135.131\', True)','2020-01-12 06:35:53'),(1633,2,0,0,0,0,0,0,0,3,4,0,0,0,17,0,0,'(\'61.127.135.131\', True)','2020-01-12 06:36:34'),(1634,2,0,0,0,0,0,0,0,3,2,0,0,0,17,0,0,'(\'61.127.135.131\', True)','2020-01-12 06:37:17'),(1635,13,1,2,3,4,5,6,7,2,1,0,0,0,0,0,0,'(\'153.195.1.207\', True)','2020-01-12 07:16:40'),(1636,1,1,0,0,0,0,0,0,1,1,0,0,0,0,0,0,'(\'180.52.60.250\', True)','2020-01-12 08:46:24'),(1637,3,0,0,0,0,0,0,0,3,1,0,0,0,0,0,0,'(\'182.251.55.208\', True)','2020-01-12 08:52:59'),(1638,3,1,0,0,0,0,0,0,3,1,0,0,0,0,0,0,'(\'182.251.55.208\', True)','2020-01-12 08:53:14'),(1639,9,0,0,0,0,0,0,0,3,1,0,0,0,17,0,0,'(\'220.210.164.254\', True)','2020-01-12 10:00:15'),(1640,9,0,0,0,0,0,0,0,3,4,0,0,0,18,0,0,'(\'220.210.164.254\', True)','2020-01-12 10:00:57'),(1641,9,0,0,0,0,0,0,0,3,4,0,0,0,17,0,0,'(\'220.210.164.254\', True)','2020-01-12 10:01:05'),(1642,9,0,0,0,0,0,0,0,3,1,0,0,0,17,0,0,'(\'220.210.164.254\', True)','2020-01-12 10:01:17'),(1643,9,0,0,0,0,0,0,0,3,1,0,0,0,17,0,0,'(\'220.210.164.254\', True)','2020-01-12 10:11:41'),(1644,9,0,0,0,0,0,0,0,3,3,0,0,0,18,0,0,'(\'220.210.164.254\', True)','2020-01-12 10:11:54'),(1645,14,0,0,0,0,0,0,0,1,1,0,0,0,0,0,0,'(\'114.176.92.149\', True)','2020-01-12 10:57:36'),(1646,1,0,0,0,0,0,0,0,3,1,0,0,0,17,0,0,'(\'119.241.59.144\', True)','2020-01-12 11:26:41'),(1647,1,1,0,0,4,0,0,0,3,1,0,0,0,0,0,0,'(\'119.241.59.144\', True)','2020-01-12 11:27:24'),(1648,1,0,2,0,0,0,0,0,2,1,0,0,0,0,0,0,'(\'119.241.59.144\', True)','2020-01-12 11:37:16'),(1649,11,0,0,0,0,0,0,0,3,4,0,5,0,17,0,0,'(\'218.220.101.109\', True)','2020-01-12 12:33:07'),(1650,11,0,0,0,0,0,0,0,3,3,0,5,0,17,0,0,'(\'218.220.101.109\', True)','2020-01-12 12:33:23'),(1651,3,0,0,0,0,0,0,0,1,1,0,8,0,0,0,0,'(\'180.56.63.142\', True)','2020-01-12 12:41:57'),(1652,3,0,0,0,0,0,0,0,1,1,4,0,0,0,0,0,'(\'180.56.63.142\', True)','2020-01-12 12:42:42'),(1653,3,0,0,0,0,0,0,0,1,4,0,0,0,0,0,0,'(\'180.56.63.142\', True)','2020-01-12 12:46:14'),(1654,13,0,0,0,0,0,0,0,2,2,0,0,0,0,0,0,'(\'153.195.1.207\', True)','2020-01-12 13:08:47'),(1655,4,0,0,0,0,0,0,0,3,4,0,6,0,17,0,0,'(\'1.75.247.16\', True)','2020-01-12 13:22:36'),(1656,4,0,0,0,0,0,0,0,2,1,0,0,0,17,0,0,'(\'122.133.30.124\', True)','2020-01-12 13:50:53'),(1657,11,0,0,0,0,0,0,0,3,2,0,0,0,18,0,0,'(\'124.140.223.176\', True)','2020-01-12 15:08:16'),(1658,11,0,0,0,0,0,0,0,3,2,0,0,0,17,0,0,'(\'124.140.223.176\', True)','2020-01-12 15:08:57'),(1659,11,0,0,0,0,0,0,0,3,2,0,0,0,19,0,0,'(\'124.140.223.176\', True)','2020-01-12 15:09:11'),(1660,11,0,0,0,0,0,0,0,3,2,0,0,0,20,0,0,'(\'124.140.223.176\', True)','2020-01-12 15:09:25'),(1661,11,0,0,0,0,0,0,0,3,1,0,0,0,17,0,0,'(\'124.140.223.176\', True)','2020-01-12 15:11:32'),(1662,11,0,0,0,0,0,0,0,3,2,0,0,0,18,0,0,'(\'124.140.223.176\', True)','2020-01-12 15:12:09'),(1663,5,0,0,0,0,0,0,0,3,2,0,0,0,18,0,0,'(\'124.140.223.176\', True)','2020-01-12 15:13:48');
/*!40000 ALTER TABLE `guidance_sendsearch_log` ENABLE KEYS */;
UNLOCK TABLES;

--
-- Table structure for table `monsters`
--

DROP TABLE IF EXISTS `monsters`;
/*!40101 SET @saved_cs_client     = @@character_set_client */;
/*!40101 SET character_set_client = utf8 */;
CREATE TABLE `monsters` (
  `id` int(11) NOT NULL,
  `name` varchar(60) NOT NULL,
  `isVeteran` tinyint(1) NOT NULL,
  `material_name` varchar(30) NOT NULL,
  `isAlchemize` tinyint(1) NOT NULL DEFAULT '0',
  PRIMARY KEY (`id`)
) ENGINE=InnoDB DEFAULT CHARSET=utf8;
/*!40101 SET character_set_client = @saved_cs_client */;

--
-- Dumping data for table `monsters`
--

LOCK TABLES `monsters` WRITE;
/*!40000 ALTER TABLE `monsters` DISABLE KEYS */;
INSERT INTO `monsters` VALUES (0,'該当なし',0,'該当なし',0),(1,'アンジャナフ',0,'ゆらめく炎の毛皮',1),(2,'歴戦アンジャナフ',1,'歴戦の炎毛皮',1),(3,'アンジャナフ亜種',0,'ざわめく雷の毛皮',1),(4,'歴戦アンジャナフ亜種',1,'歴戦の雷毛皮',1),(5,'イヴェルカーナ',0,'極光の冠角',1),(6,'歴戦イヴェルカーナ',1,'歴戦の冠角',0),(7,'怒り食らうイビルジョー',0,'血に染まる漆黒皮',1),(8,'歴戦怒り食らうイビルジョー',1,'歴戦の漆黒皮',0),(9,'凍て刺すレイギエナ',0,'凍てつく氷結皮',1),(10,'歴戦凍て刺すレイギエナ',1,'歴戦の氷結皮',1),(11,'イャンガルルガ',0,'禍々しい銀狼毛',1),(12,'傷ついたイャンガルルガ',1,'歴戦の銀狼毛',1),(13,'ヴォルガノス',0,'灼熱の溶岩ヒレ',1),(14,'歴戦ヴォルガノス',1,'歴戦の溶岩ヒレ',1),(15,'ウラガンキン',0,'金属質な耐熱殻',1),(16,'歴戦ウラガンキン',1,'歴戦の耐熱殻',1),(17,'オドガロン',0,'命断ち切る惨爪',1),(18,'歴戦オドガロン',1,'歴戦の惨爪',1),(19,'オドガロン亜種',0,'魂切り裂く兇骨',1),(20,'歴戦オドガロン亜種',1,'歴戦の兇爪',1),(21,'キリン',0,'荘厳なる蒼角',1),(22,'歴戦キリン',1,'歴戦の蒼角',0),(23,'クシャルダオラ',0,'嵐を呼ぶ鋼翼',1),(24,'歴戦クシャルダオラ',1,'歴戦の鋼翼',0),(25,'クルルヤック',0,'鮮やかな飾り羽',1),(26,'紅蓮滾るバゼルギウス',0,'紅蓮の爆鱗',1),(27,'歴戦紅蓮滾るバゼルギウス',1,'歴戦の爆鱗',0),(28,'悉くを殲ぼすネルギガンテ',0,'生者必滅の大剛角',1),(29,'歴戦悉くを殲ぼすネルギガンテ',1,'歴戦の殲滅角',0),(30,'死を纏うヴァルハザク',0,'宵闇より昏き牙',1),(31,'歴戦死を纏うヴァルハザク',1,'歴戦の昏き牙',0),(32,'ジンオウガ',0,'みなぎる雷電殻',1),(33,'歴戦ジンオウガ',1,'歴戦の雷電殻',1),(34,'ジンオウガ亜種',0,'ほとばしる滅龍殻',1),(35,'歴戦ジンオウガ亜種',1,'歴戦の滅龍殻',0),(36,'ツィツィヤック',0,'ギラつく閃光膜',1),(37,'ディアブロス',0,'勇壮なねじれた角',1),(38,'歴戦ディアブロス',1,'歴戦のねじれた角',1),(39,'ディアブロス亜種',0,'暴君の黒巻き角',1),(40,'歴戦ディアブロス亜種',1,'歴戦の黒巻き角',1),(41,'ティガレックス',0,'強者のアギト',1),(42,'歴戦ティガレックス',1,'歴戦のアギト',1),(43,'ティガレックス亜種',0,'戦慄の黒アギト',1),(44,'歴戦ティガレックス亜種',1,'歴戦の黒アギト',0),(45,'ディノバルド',0,'灼炎の断剣尾',1),(46,'歴戦ディノバルド',1,'歴戦の断剣尾',1),(47,'ディノバルド亜種',0,'研ぎ澄まされた斬鉄尾',1),(48,'歴戦ディノバルド亜種',1,'歴戦の斬鉄尾',1),(49,'テオ・テスカトル',0,'獄炎のたてがみ',1),(50,'歴戦テオ・テスカトル',1,'歴戦の紅きたてがみ',0),(51,'ドスギルオス',0,'闇夜の頭巾殻',1),(52,'ドスジャグラス',0,'雄々しきたてがみ',1),(53,'ドドガマル',0,'重量級の大顎',1),(54,'トビカガチ',0,'まばゆい雷光針',1),(55,'歴戦トビカガチ',1,'歴戦の雷光針',1),(56,'トビカガチ亜種',0,'妖艶な猛毒針',1),(57,'歴戦トビカガチ亜種',1,'歴戦の猛毒針',1),(58,'ナナ・テスカトリ',0,'蒼炎のたてがみ',1),(59,'歴戦ナナ・テスカトリ',1,'歴戦の蒼きたてがみ',0),(60,'ナルガクルガ',0,'暗殺者の刃翼',1),(61,'歴戦ナルガクルガ',1,'歴戦の刃翼',1),(62,'ネロミェール',0,'幻惑する特上皮',1),(63,'歴戦ネロミェール',1,'歴戦の幻惑皮',0),(64,'パオウルムー',0,'超弾力ゴム殻',1),(65,'歴戦パオウルムー',1,'歴戦のゴム質殻',1),(66,'パオウルムー亜種',0,'漆黒の高級毛皮',1),(67,'歴戦パオウルムー亜種',1,'歴戦の黒毛皮',1),(68,'バフバロ',0,'古強者の巨大な角',1),(69,'歴戦バフバロ',1,'歴戦の巨大な角',1),(70,'プケプケ',0,'甘く香り立つ毒喉袋',1),(71,'歴戦プケプケ',1,'歴戦の猛毒喉袋',1),(72,'プケプケ亜種',0,'潤いに満ちた喉袋',1),(73,'歴戦プケプケ亜種',1,'歴戦の大水喉袋',1),(74,'ブラキディオス',0,'つややかな黒曜甲',1),(75,'歴戦ブラキディオス',1,'歴戦の黒曜甲',1),(76,'ベリオロス',0,'冷血の氷牙',1),(77,'歴戦ベリオロス',1,'歴戦の氷牙',1),(78,'ボルボロス',0,'泥の王冠角',1),(79,'歴戦ボルボロス',1,'歴戦の王冠角',1),(80,'ラージャン',0,'闘気あふれる煌毛',1),(81,'歴戦ラージャン',1,'歴戦の煌毛',0),(82,'ラドバルキン',0,'墨染めの重油殻',1),(83,'歴戦ラドバルキン',1,'歴戦の重油殻',1),(84,'リオレイア',0,'女王の竜鱗',1),(85,'歴戦レオレイア',1,'歴戦の竜鱗【緑】',1),(86,'リオレイア亜種',0,'桜花の龍鱗',1),(87,'歴戦リオレイア亜種',1,'歴戦の龍鱗【桜】',1),(88,'リオレイア希少種',0,'月光の龍鱗',1),(89,'歴戦リオレイア希少種',1,'歴戦の龍鱗【金】',0),(90,'リオレウス',0,'王者の龍鱗',1),(91,'歴戦リオレウス',1,'歴戦の龍鱗【赤】',1),(92,'リオレウス亜種',0,'蒼天の龍鱗',1),(93,'歴戦リオレウス亜種',1,'歴戦の龍鱗【蒼】',1),(94,'リオレウス希少種',0,'烈日の龍鱗',1),(95,'歴戦リオレウス希少種',1,'歴戦の龍鱗【銀】',0),(96,'レイギエナ',0,'滑らかな氷皮',1),(97,'歴戦レイギエナ',1,'歴戦の氷皮',1);
/*!40000 ALTER TABLE `monsters` ENABLE KEYS */;
UNLOCK TABLES;

--
-- Table structure for table `reference_custom_rare_monsters`
--

DROP TABLE IF EXISTS `reference_custom_rare_monsters`;
/*!40101 SET @saved_cs_client     = @@character_set_client */;
/*!40101 SET character_set_client = utf8 */;
CREATE TABLE `reference_custom_rare_monsters` (
  `rare_id` int(11) NOT NULL,
  `custom_id` int(11) NOT NULL,
  `monster_id` int(11) NOT NULL,
  `mate_num` int(11) NOT NULL DEFAULT '0',
  UNIQUE KEY `rare_custom_pkey` (`rare_id`,`custom_id`,`monster_id`) USING BTREE,
  KEY `reference_custom_rare_monsters_custom_id_fkey` (`custom_id`),
  KEY `reference_custom_rare_monsters_monster_id_fkey` (`monster_id`),
  CONSTRAINT `reference_custom_rare_monsters_custom_id_fkey` FOREIGN KEY (`custom_id`) REFERENCES `weapons_custom` (`id`),
  CONSTRAINT `reference_custom_rare_monsters_monster_id_fkey` FOREIGN KEY (`monster_id`) REFERENCES `monsters` (`id`),
  CONSTRAINT `reference_custom_rare_monsters_rare_id_fkey` FOREIGN KEY (`rare_id`) REFERENCES `weapons_rare` (`id`)
) ENGINE=InnoDB DEFAULT CHARSET=utf8;
/*!40101 SET character_set_client = @saved_cs_client */;

--
-- Dumping data for table `reference_custom_rare_monsters`
--

LOCK TABLES `reference_custom_rare_monsters` WRITE;
/*!40000 ALTER TABLE `reference_custom_rare_monsters` DISABLE KEYS */;
INSERT INTO `reference_custom_rare_monsters` VALUES (1,1,1,9),(1,2,3,5),(1,2,38,7),(1,3,42,7),(1,3,91,5),(1,4,53,5),(1,4,81,7),(1,5,25,9),(1,6,23,9),(1,6,60,5),(1,7,55,5),(1,7,61,7),(1,8,13,5),(1,8,27,7),(1,9,52,9),(1,10,70,9),(1,11,66,9),(1,12,68,5),(1,12,90,7),(1,13,3,5),(1,13,39,9),(1,14,32,5),(1,14,88,9),(1,15,59,7),(1,15,67,3),(1,16,15,5),(1,16,89,7),(1,17,18,7),(1,17,82,5),(1,18,41,5),(1,18,48,7),(1,19,20,3),(1,19,31,7),(1,20,26,5),(1,20,95,7),(1,21,36,9),(1,22,65,5),(1,22,96,9),(1,23,47,5),(1,23,62,9),(1,24,22,7),(1,24,87,3),(2,1,17,9),(2,1,68,5),(2,2,21,5),(2,2,94,9),(2,3,10,5),(2,3,28,7),(2,5,3,5),(2,5,11,9),(2,6,4,3),(2,6,93,7),(2,7,14,3),(2,7,27,7),(2,8,33,7),(2,8,76,5),(2,9,78,9),(2,10,84,9),(2,11,37,9),(2,12,79,7),(2,13,2,3),(2,13,49,9),(2,14,16,3),(2,14,75,7),(2,15,56,5),(2,15,59,7),(2,16,57,3),(2,16,89,7),(2,17,12,7),(2,17,71,3),(2,18,8,7),(2,18,85,3),(2,19,9,5),(2,19,29,7),(2,21,51,9),(2,22,41,9),(2,22,82,5),(2,23,19,5),(2,23,30,9),(2,24,29,7),(2,24,35,5),(3,1,7,5),(3,1,24,7),(3,2,80,5),(3,2,95,7),(3,5,45,9),(3,6,50,7),(3,6,58,5),(3,7,29,7),(3,7,77,5),(3,9,64,9),(3,10,72,9),(3,11,97,7),(3,12,53,5),(3,12,75,7),(3,13,5,5),(3,13,40,7),(3,14,34,5),(3,14,89,7),(3,17,32,5),(3,17,63,7),(3,18,27,3),(3,18,95,7),(3,21,17,5),(3,21,83,7),(3,22,30,5),(3,22,43,9),(3,23,74,5),(3,23,89,7);
/*!40000 ALTER TABLE `reference_custom_rare_monsters` ENABLE KEYS */;
UNLOCK TABLES;

--
-- Table structure for table `reference_monsters_area`
--

DROP TABLE IF EXISTS `reference_monsters_area`;
/*!40101 SET @saved_cs_client     = @@character_set_client */;
/*!40101 SET character_set_client = utf8 */;
CREATE TABLE `reference_monsters_area` (
  `monsters_id` int(11) DEFAULT NULL,
  `area_id` int(11) DEFAULT NULL,
  UNIQUE KEY `ref_mob_area` (`monsters_id`,`area_id`) USING BTREE,
  KEY `area_id` (`area_id`),
  CONSTRAINT `reference_monsters_area_ibfk_1` FOREIGN KEY (`monsters_id`) REFERENCES `monsters` (`id`),
  CONSTRAINT `reference_monsters_area_ibfk_2` FOREIGN KEY (`area_id`) REFERENCES `Guidance_area` (`id`)
) ENGINE=InnoDB DEFAULT CHARSET=utf8;
/*!40101 SET character_set_client = @saved_cs_client */;

--
-- Dumping data for table `reference_monsters_area`
--

LOCK TABLES `reference_monsters_area` WRITE;
/*!40000 ALTER TABLE `reference_monsters_area` DISABLE KEYS */;
INSERT INTO `reference_monsters_area` VALUES (1,1),(1,2),(1,3),(1,4),(1,9),(1,10),(1,11),(2,5),(2,6),(2,7),(2,12),(2,13),(2,14),(3,2),(3,3),(3,4),(3,9),(3,10),(3,11),(3,16),(3,17),(3,18),(3,23),(3,24),(3,25),(3,30),(3,31),(3,32),(3,37),(3,38),(3,39),(4,5),(4,6),(4,7),(4,12),(4,13),(4,14),(4,19),(4,20),(4,21),(4,26),(4,27),(4,28),(4,33),(4,34),(4,35),(4,40),(4,41),(4,42),(5,5),(5,6),(5,12),(5,13),(5,19),(5,20),(5,26),(5,27),(5,40),(5,41),(6,7),(6,14),(6,21),(6,28),(6,42),(7,5),(7,6),(7,12),(7,13),(7,19),(7,20),(7,26),(7,27),(7,33),(7,34),(7,40),(7,41),(8,7),(8,14),(8,21),(8,28),(8,35),(8,42),(9,38),(9,39),(9,40),(10,41),(10,42),(11,3),(11,4),(11,5),(12,6),(12,7),(13,29),(13,30),(13,31),(14,32),(14,33),(14,34),(14,35),(15,30),(15,31),(15,32),(16,33),(16,34),(16,35),(17,18),(17,19),(17,23),(17,24),(17,25),(18,20),(18,21),(18,26),(18,27),(19,3),(19,4),(19,5),(19,10),(19,11),(19,12),(19,17),(19,18),(19,19),(19,24),(19,25),(19,26),(19,31),(19,32),(19,33),(19,38),(19,39),(19,40),(20,6),(20,7),(20,13),(20,14),(20,20),(20,21),(20,27),(20,28),(20,34),(20,35),(20,41),(20,42),(21,19),(21,20),(22,21),(23,5),(23,6),(23,33),(23,34),(24,7),(24,35),(25,8),(25,9),(25,10),(25,11),(25,12),(25,13),(25,14),(26,32),(26,33),(26,34),(27,35),(28,5),(28,6),(28,12),(28,13),(28,19),(28,20),(28,26),(28,27),(28,33),(28,34),(28,40),(28,41),(29,7),(29,14),(29,21),(29,28),(29,35),(29,42),(30,26),(30,27),(31,28),(32,2),(32,3),(32,4),(32,5),(32,17),(32,18),(32,19),(33,6),(33,7),(33,20),(33,21),(34,38),(34,39),(34,40),(34,41),(35,42),(36,15),(36,16),(36,17),(36,18),(36,19),(36,20),(36,21),(37,9),(37,10),(37,11),(38,12),(38,13),(38,14),(39,10),(39,11),(39,12),(40,13),(40,14),(41,3),(41,4),(41,5),(41,10),(41,11),(41,12),(41,23),(41,24),(41,25),(41,26),(41,31),(41,32),(41,33),(41,38),(41,39),(41,40),(42,6),(42,7),(42,13),(42,14),(42,27),(42,28),(42,34),(42,35),(42,41),(42,42),(43,27),(44,28),(45,3),(45,4),(45,5),(45,9),(45,10),(45,11),(45,12),(45,31),(45,32),(45,33),(46,6),(46,7),(46,13),(46,14),(46,34),(46,35),(47,24),(47,25),(47,26),(48,27),(48,28),(49,12),(49,13),(49,33),(49,34),(50,14),(50,35),(51,22),(51,23),(51,24),(51,25),(51,26),(51,27),(51,28),(52,1),(52,2),(52,3),(52,4),(52,5),(52,6),(52,7),(53,29),(53,30),(53,31),(53,32),(53,33),(53,34),(53,35),(54,1),(54,2),(54,3),(55,4),(55,5),(55,6),(55,7),(56,36),(56,37),(56,38),(56,39),(57,40),(57,41),(57,42),(58,12),(58,13),(58,33),(58,34),(59,14),(59,35),(60,2),(60,3),(60,4),(60,5),(60,17),(60,18),(60,19),(61,6),(61,7),(61,20),(61,21),(62,19),(62,20),(63,21),(64,15),(64,16),(64,17),(65,18),(65,19),(65,20),(65,21),(66,2),(66,3),(66,4),(66,8),(66,9),(66,10),(66,11),(67,5),(67,6),(67,7),(67,12),(67,13),(67,14),(68,2),(68,3),(68,9),(68,10),(68,15),(68,16),(68,17),(68,22),(68,23),(68,24),(68,29),(68,30),(68,31),(68,36),(68,37),(68,38),(69,4),(69,5),(69,6),(69,7),(69,11),(69,12),(69,13),(69,14),(69,18),(69,19),(69,20),(69,21),(69,25),(69,26),(69,27),(69,28),(69,32),(69,33),(69,34),(69,35),(69,39),(69,40),(69,41),(69,42),(70,1),(70,2),(70,3),(70,8),(70,9),(70,10),(71,4),(71,5),(71,6),(71,7),(71,11),(71,12),(71,13),(71,14),(72,15),(72,16),(72,17),(72,18),(73,19),(73,20),(73,21),(74,30),(74,31),(74,32),(75,33),(75,34),(75,35),(76,37),(76,38),(76,39),(76,40),(77,41),(77,42),(78,8),(78,9),(78,10),(79,11),(79,12),(79,13),(79,14),(80,4),(80,5),(80,6),(80,7),(80,11),(80,12),(80,13),(80,14),(80,18),(80,19),(80,20),(80,21),(80,25),(80,26),(80,27),(80,28),(80,31),(80,32),(80,33),(80,34),(80,39),(80,40),(80,41),(80,42),(81,35),(82,22),(82,23),(82,24),(83,25),(83,26),(83,27),(83,28),(84,2),(84,3),(84,4),(84,8),(84,9),(84,10),(84,11),(85,5),(85,6),(85,7),(85,12),(85,13),(85,14),(86,9),(86,10),(86,11),(86,16),(86,17),(86,18),(87,12),(87,13),(87,14),(87,19),(87,20),(87,21),(88,13),(88,34),(88,35),(89,14),(90,2),(90,3),(90,4),(90,31),(90,32),(91,5),(91,6),(91,7),(91,33),(91,34),(91,35),(92,3),(92,4),(92,5),(92,32),(92,33),(93,6),(93,7),(93,34),(93,35),(94,20),(94,34),(94,35),(95,21),(96,16),(96,17),(96,18),(96,37),(96,38),(96,39),(97,19),(97,20),(97,21),(97,40),(97,41),(97,42);
/*!40000 ALTER TABLE `reference_monsters_area` ENABLE KEYS */;
UNLOCK TABLES;

--
-- Table structure for table `reference_parts_wepname_monsters`
--

DROP TABLE IF EXISTS `reference_parts_wepname_monsters`;
/*!40101 SET @saved_cs_client     = @@character_set_client */;
/*!40101 SET character_set_client = utf8 */;
CREATE TABLE `reference_parts_wepname_monsters` (
  `wepname_id` int(11) DEFAULT NULL,
  `partseffect_id` int(11) DEFAULT NULL,
  `monster_id` int(11) DEFAULT NULL,
  `name` varchar(30) DEFAULT NULL,
  `mate_num` int(11) NOT NULL DEFAULT '0',
  UNIQUE KEY `ref_wepname_parts_pnkey` (`wepname_id`,`partseffect_id`) USING BTREE,
  KEY `reference_parts_wepname_monsters_monster_id_fkey` (`monster_id`),
  KEY `reference_parts_wepname_monsters_parts_id_fkey` (`partseffect_id`),
  CONSTRAINT `reference_parts_wepname_monsters_monster_id_fkey` FOREIGN KEY (`monster_id`) REFERENCES `monsters` (`id`),
  CONSTRAINT `reference_parts_wepname_monsters_parts_id_fkey` FOREIGN KEY (`partseffect_id`) REFERENCES `weapons_parts_effect` (`id`),
  CONSTRAINT `reference_parts_wepname_monsters_wepname_id_fkey` FOREIGN KEY (`wepname_id`) REFERENCES `weapons_name` (`id`)
) ENGINE=InnoDB DEFAULT CHARSET=utf8;
/*!40101 SET character_set_client = @saved_cs_client */;

--
-- Dumping data for table `reference_parts_wepname_monsters`
--

LOCK TABLES `reference_parts_wepname_monsters` WRITE;
/*!40000 ALTER TABLE `reference_parts_wepname_monsters` DISABLE KEYS */;
INSERT INTO `reference_parts_wepname_monsters` VALUES (1,29,0,'冥灯龍パーツ',0),(2,15,0,'カンタロスパーツ',0),(2,16,0,'凍魚竜パーツ',0),(2,22,0,'泥魚竜パーツ',0),(2,26,0,'熔山龍パーツ',0),(2,28,0,'冥灯龍パーツ',0),(3,6,0,'熔山龍パーツ',0),(3,16,0,'凍魚竜パーツ',0),(3,24,0,'溶岩竜パーツ',0),(3,29,0,'冥灯龍パーツ',0),(4,9,0,'カンタロスパーツ',0),(4,22,0,'泥魚竜パーツ',0),(4,26,0,'熔山龍パーツ',0),(4,29,0,'冥灯龍パーツ',0),(5,29,0,'冥灯龍パーツ',0),(6,4,0,'爆鱗竜パーツ',0),(6,23,0,'ランゴスタパーツ',0),(6,29,0,'冥灯龍パーツ',0),(7,12,62,'溟龍パーツ',5),(7,11,19,'兇爪竜パーツ',5),(7,10,60,'迅竜パーツ',5),(7,9,66,'浮眠竜パーツ',5),(7,8,25,'掻鳥パーツ',5),(7,7,29,'滅尽龍パーツ改',5),(7,6,75,'砕竜パーツ',5),(7,5,28,'滅尽龍パーツ',5),(7,4,90,'火竜パーツ',5),(7,3,17,'惨爪竜パーツ',5),(7,1,78,'土砂竜パーツ',5),(6,26,21,'幻獣パーツ',5),(6,25,96,'風漂竜パーツ',5),(6,24,72,'水妖鳥パーツ',5),(6,22,70,'毒妖鳥パーツ',5),(6,14,77,'氷牙竜パーツ',5),(6,12,62,'溟龍パーツ',5),(6,11,3,'雷顎竜パーツ',5),(6,10,66,'浮眠竜パーツ',5),(6,9,64,'浮空竜パーツ',5),(6,8,25,'掻鳥パーツ',5),(6,7,29,'滅尽龍パーツ改',5),(6,6,75,'砕竜パーツ',5),(6,5,28,'滅尽龍パーツ',5),(6,3,1,'蛮顎竜パーツ',5),(6,2,82,'骨鎚竜パーツ',5),(5,26,30,'屍套龍パーツ',5),(5,25,3,'雷顎竜パーツ',5),(5,24,1,'蛮顎竜パーツ',5),(5,23,82,'骨鎚竜パーツ',5),(5,22,70,'毒妖鳥パーツ',5),(7,16,0,'カンタロスパーツ',0),(7,29,0,'冥灯龍パーツ',0),(8,22,0,'泥魚竜パーツ',0),(8,26,0,'爆鱗竜パーツ',0),(8,29,0,'冥灯龍パーツ',0),(9,26,0,'爆鱗竜パーツ',0),(9,29,0,'冥灯龍パーツ',0),(10,2,0,'凍魚竜パーツ',0),(10,15,0,'岩賊竜パーツ',0),(7,2,0,'岩賊竜パーツ',0),(6,1,0,'岩賊竜パーツ',0),(10,22,0,'泥魚竜パーツ',0),(10,29,0,'冥灯龍パーツ',0),(11,1,0,'岩賊竜パーツ',0),(11,16,0,'凍魚竜パーツ',0),(11,29,0,'冥灯龍パーツ',0),(12,28,0,'冥灯龍パーツ',0),(13,28,0,'冥灯龍パーツ',0),(14,6,0,'熔山龍パーツ',0),(14,16,0,'岩賊竜パーツ',0),(14,28,0,'冥灯龍パーツ',0),(1,1,52,'賊竜パーツ',5),(1,2,1,'蛮顎竜パーツ',5),(1,3,82,'骨鎚竜パーツ',5),(1,4,45,'斬竜パーツ',5),(1,5,28,'滅尽龍パーツ',5),(1,6,63,'溟龍パーツ',5),(1,7,29,'滅尽龍パーツ改',5),(1,8,51,'痺賊竜パーツ',5),(1,9,64,'浮空竜パーツ',5),(1,10,66,'浮眠竜パーツ',5),(1,11,90,'火竜パーツ',5),(1,12,47,'硫斬竜パーツ',5),(1,14,77,'氷牙竜パーツ',5),(1,22,78,'土砂竜パーツ',5),(1,23,70,'毒妖鳥パーツ',5),(1,24,72,'水妖鳥パーツ',5),(1,25,96,'風漂竜パーツ',5),(1,26,21,'幻獣パーツ',5),(2,1,36,'眩鳥パーツ',5),(2,2,68,'猛牛竜パーツ',5),(2,3,37,'角竜パーツ',5),(2,4,41,'轟竜パーツ',5),(2,5,28,'滅尽龍パーツ',5),(2,6,75,'砕竜パーツ',5),(2,7,29,'滅尽龍パーツ改',5),(2,8,25,'掻鳥パーツ',5),(2,9,54,'飛雷竜パーツ',5),(2,10,17,'惨爪竜パーツ',5),(2,11,60,'迅竜パーツ',5),(2,12,43,'黒轟竜パーツ',5),(2,14,35,'獄狼竜パーツ',5),(2,17,0,'溶岩竜パーツ',0),(2,18,39,'黒角竜パーツ',5),(2,23,1,'蛮顎竜パーツ',5),(2,24,56,'飛毒竜パーツ',5),(2,25,3,'雷顎竜パーツ',5),(3,1,52,'賊竜パーツ',5),(3,2,68,'猛牛竜パーツ',5),(3,3,82,'骨鎚竜パーツ',5),(3,4,47,'硫斬竜パーツ',5),(3,5,28,'滅尽龍パーツ',5),(3,7,29,'滅尽龍パーツ改',5),(3,8,51,'痺賊竜パーツ',5),(3,9,66,'浮眠竜パーツ',5),(3,10,60,'迅竜パーツ',5),(3,11,90,'火竜パーツ',5),(3,12,30,'屍套龍パーツ',5),(3,14,35,'獄狼竜パーツ',5),(3,15,78,'土砂竜パーツ',5),(3,22,70,'毒妖鳥パーツ',5),(3,23,72,'水妖鳥パーツ',5),(3,25,45,'斬竜パーツ',5),(3,26,32,'雷狼竜パーツ',5),(4,1,36,'眩鳥パーツ',5),(4,2,68,'猛牛竜パーツ',5),(4,3,1,'蛮顎竜パーツ',5),(4,4,47,'硫斬竜パーツ',5),(4,5,28,'滅尽龍パーツ',5),(4,6,75,'砕竜パーツ',5),(4,7,29,'滅尽龍パーツ改',5),(4,8,25,'掻鳥パーツ',5),(4,10,56,'飛毒竜パーツ',5),(4,11,3,'雷顎竜パーツ',5),(4,12,30,'屍套龍パーツ',5),(4,13,31,'屍套龍パーツ改',5),(4,14,77,'氷牙竜パーツ',5),(4,23,54,'飛雷竜パーツ',5),(4,24,96,'風漂竜パーツ',5),(4,25,45,'斬竜パーツ',5),(4,27,16,'爆鎚竜パーツ',5),(5,1,51,'痺賊竜パーツ',5),(5,2,78,'土砂竜パーツ',5),(5,3,37,'角竜パーツ',5),(5,4,41,'轟竜パーツ',5),(5,5,28,'滅尽龍パーツ',5),(5,6,16,'爆鎚竜パーツ',5),(5,7,29,'滅尽龍パーツ改',5),(5,8,25,'掻鳥パーツ',5),(5,9,68,'猛牛竜パーツ',5),(5,10,66,'浮眠竜パーツ',5),(5,11,11,'黒狼鳥パーツ',5),(5,12,43,'黒轟竜パーツ',5),(5,14,77,'氷牙竜パーツ',5),(5,18,39,'黒角竜パーツ',5),(14,14,77,'氷牙竜パーツ',5),(14,15,70,'毒妖鳥パーツ',5),(14,17,72,'水妖鳥パーツ',5),(14,12,62,'溟龍パーツ',5),(14,11,1,'蛮顎竜パーツ',5),(14,10,56,'飛毒竜パーツ',5),(14,9,54,'飛雷竜パーツ',5),(14,8,36,'眩鳥パーツ',5),(14,7,29,'滅尽龍パーツ改',5),(14,4,37,'角竜パーツ',5),(14,5,28,'滅尽龍パーツ',5),(14,3,66,'浮眠竜パーツ',5),(14,2,82,'骨鎚竜パーツ',5),(14,1,52,'賊竜パーツ',5),(13,15,78,'土砂竜パーツ',5),(13,16,72,'水妖鳥パーツ',5),(13,17,11,'黒狼鳥パーツ',5),(13,18,41,'轟竜パーツ',5),(13,19,43,'黒轟竜パーツ',5),(13,27,27,'爆鱗竜パーツ改',5),(13,14,35,'獄狼竜パーツ',5),(13,11,92,'蒼火竜パーツ',5),(13,13,95,'銀火竜パーツ',5),(13,12,30,'屍套龍パーツ',5),(12,13,95,'銀火竜パーツ',5),(13,1,52,'賊竜パーツ',5),(13,2,68,'猛牛竜パーツ',5),(13,3,60,'迅竜パーツ',5),(13,4,45,'斬竜パーツ',5),(13,5,28,'滅尽龍パーツ',5),(13,6,75,'砕竜パーツ',5),(13,7,29,'滅尽龍パーツ改',5),(13,8,64,'浮空竜パーツ',5),(13,9,66,'浮眠竜パーツ',5),(13,10,17,'惨爪竜パーツ',5),(12,25,3,'雷顎竜パーツ',5),(12,26,30,'屍套龍パーツ',5),(12,27,89,'金火竜パーツ',5),(12,10,90,'火竜パーツ',5),(12,11,92,'蒼火竜パーツ',5),(12,12,43,'黒轟竜パーツ',5),(12,14,77,'氷牙竜パーツ',5),(12,15,70,'毒妖鳥パーツ',5),(12,17,37,'角竜パーツ',5),(12,16,72,'水妖鳥パーツ',5),(12,18,47,'硫斬竜パーツ',5),(12,22,54,'飛雷竜パーツ',5),(12,23,86,'桜火竜パーツ',5),(12,24,96,'風漂竜パーツ',5),(12,9,66,'浮眠竜パーツ',5),(12,8,25,'掻鳥パーツ',5),(12,7,29,'滅尽龍パーツ改',5),(12,6,31,'屍套龍パーツ改',5),(12,5,28,'滅尽龍パーツ',5),(12,4,41,'轟竜パーツ',5),(12,3,45,'斬竜パーツ',5),(12,2,1,'蛮顎竜パーツ',5),(12,1,68,'猛牛竜パーツ',5),(11,26,30,'屍套龍パーツ',5),(11,25,39,'黒角竜パーツ',5),(11,24,90,'火竜パーツ',5),(11,23,72,'水妖鳥パーツ',5),(11,22,70,'毒妖鳥パーツ',5),(11,19,43,'黒轟竜パーツ',5),(11,17,56,'飛毒竜パーツ',5),(11,15,36,'眩鳥パーツ',5),(11,14,35,'獄狼竜パーツ',5),(11,12,62,'溟龍パーツ',5),(11,11,60,'迅竜パーツ',5),(11,10,17,'惨爪竜パーツ',5),(11,9,54,'飛雷竜パーツ',5),(11,8,25,'掻鳥パーツ',5),(11,7,29,'滅尽龍パーツ改',5),(11,6,31,'屍套龍パーツ改',5),(11,5,28,'滅尽龍パーツ',5),(11,4,41,'轟竜パーツ',5),(11,3,37,'角竜パーツ',5),(11,2,66,'浮眠竜パーツ',5),(10,26,30,'屍套龍パーツ',5),(10,25,39,'黒角竜パーツ',5),(10,24,90,'火竜パーツ',5),(10,23,54,'飛雷竜パーツ',5),(10,19,43,'黒轟竜パーツ',5),(10,14,35,'獄狼竜パーツ',5),(10,12,62,'溟龍パーツ',5),(10,11,60,'迅竜パーツ',5),(10,10,17,'惨爪竜パーツ',5),(10,9,56,'飛毒竜パーツ',5),(10,8,51,'痺賊竜パーツ',5),(10,7,29,'滅尽龍パーツ改',5),(10,6,31,'屍套龍パーツ改',5),(10,5,28,'滅尽龍パーツ',5),(10,4,41,'轟竜パーツ',5),(10,3,37,'角竜パーツ',5),(10,1,52,'賊竜パーツ',5),(9,27,27,'爆鱗竜パーツ改',5),(9,23,72,'水妖鳥パーツ',5),(9,18,47,'硫斬竜パーツ',5),(9,19,43,'黒轟竜パーツ',5),(9,20,16,'爆鎚竜パーツ',5),(9,22,70,'毒妖鳥パーツ',5),(9,24,96,'風漂竜パーツ',5),(9,25,32,'雷狼竜パーツ',5),(9,17,45,'斬竜パーツ',5),(9,16,68,'猛牛竜パーツ',5),(9,15,78,'土砂竜パーツ',5),(9,9,66,'浮眠竜パーツ',5),(9,10,90,'火竜パーツ',5),(9,11,11,'黒狼鳥パーツ',5),(9,12,30,'屍套龍パーツ',5),(9,13,31,'屍套龍パーツ改',5),(9,14,35,'獄狼竜パーツ',5),(9,8,64,'浮空竜パーツ',5),(9,7,29,'滅尽龍パーツ改',5),(9,6,75,'砕竜パーツ',5),(9,5,28,'滅尽龍パーツ',5),(9,4,92,'蒼火竜パーツ',5),(9,3,41,'轟竜パーツ',5),(9,2,37,'角竜パーツ',5),(9,1,52,'賊竜パーツ',5),(8,27,27,'爆鱗竜パーツ改',5),(8,25,3,'雷顎竜パーツ',5),(8,24,96,'風漂竜パーツ',5),(8,23,1,'蛮顎竜パーツ',5),(8,18,45,'斬竜パーツ',5),(8,15,78,'土砂竜パーツ',5),(8,14,10,'風漂竜パーツ改',5),(8,13,31,'屍套龍パーツ改',5),(8,5,28,'滅尽龍パーツ',5),(8,6,75,'砕竜パーツ',5),(8,7,29,'滅尽龍パーツ改',5),(8,8,51,'痺賊竜パーツ',5),(8,9,54,'飛雷竜パーツ',5),(8,10,60,'迅竜パーツ',5),(8,11,11,'黒狼鳥パーツ',5),(8,12,30,'屍套龍パーツ',5),(8,4,47,'硫斬竜パーツ',5),(8,3,90,'火竜パーツ',5),(8,2,68,'猛牛竜パーツ',5),(8,1,52,'賊竜パーツ',5),(7,28,35,'獄狼竜パーツ',5),(7,25,32,'雷狼竜パーツ',5),(7,26,30,'屍套龍パーツ',5),(7,24,96,'風漂竜パーツ',5),(7,23,72,'水妖鳥パーツ',5),(7,22,70,'毒妖鳥パーツ',5),(7,21,10,'風漂竜パーツ改',5),(7,14,77,'氷牙竜パーツ',5);
/*!40000 ALTER TABLE `reference_parts_wepname_monsters` ENABLE KEYS */;
UNLOCK TABLES;

--
-- Table structure for table `reference_upgrade_materials`
--

DROP TABLE IF EXISTS `reference_upgrade_materials`;
/*!40101 SET @saved_cs_client     = @@character_set_client */;
/*!40101 SET character_set_client = utf8 */;
CREATE TABLE `reference_upgrade_materials` (
  `id_upgrade` int(11) DEFAULT NULL,
  `id_monsters` int(11) DEFAULT NULL,
  `id_rare` int(11) DEFAULT NULL,
  `mate_num` int(11) NOT NULL DEFAULT '0',
  UNIQUE KEY `ref_upg_mat_pkey` (`id_upgrade`,`id_monsters`,`id_rare`) USING BTREE,
  KEY `reference_upgrade_materials_id_monsters_fkey` (`id_monsters`),
  KEY `reference_upgrade_materials_id_rare_fkey` (`id_rare`),
  CONSTRAINT `reference_upgrade_materials_id_monsters_fkey` FOREIGN KEY (`id_monsters`) REFERENCES `monsters` (`id`),
  CONSTRAINT `reference_upgrade_materials_id_rare_fkey` FOREIGN KEY (`id_rare`) REFERENCES `weapons_rare` (`id`),
  CONSTRAINT `reference_upgrade_materials_id_upgrade_fkey` FOREIGN KEY (`id_upgrade`) REFERENCES `weapons_upgrade` (`id`) ON UPDATE CASCADE
) ENGINE=InnoDB DEFAULT CHARSET=utf8;
/*!40101 SET character_set_client = @saved_cs_client */;

--
-- Dumping data for table `reference_upgrade_materials`
--

LOCK TABLES `reference_upgrade_materials` WRITE;
/*!40000 ALTER TABLE `reference_upgrade_materials` DISABLE KEYS */;
INSERT INTO `reference_upgrade_materials` VALUES (1,0,3,0),(1,0,2,0),(1,0,1,0),(4,29,3,5),(4,35,3,5),(3,81,3,5),(2,28,3,5),(4,10,2,4),(4,29,2,4),(3,81,2,4),(2,6,2,3),(4,77,1,3),(4,29,1,3),(3,81,1,3),(2,69,1,3);
/*!40000 ALTER TABLE `reference_upgrade_materials` ENABLE KEYS */;
UNLOCK TABLES;

--
-- Table structure for table `reference_weapons_frame`
--

DROP TABLE IF EXISTS `reference_weapons_frame`;
/*!40101 SET @saved_cs_client     = @@character_set_client */;
/*!40101 SET character_set_client = utf8 */;
CREATE TABLE `reference_weapons_frame` (
  `id_rare` int(11) NOT NULL,
  `id_upgrade` int(11) NOT NULL,
  `frame_nums` int(11) NOT NULL,
  UNIQUE KEY `ref_wep_frame_pkey` (`id_rare`,`id_upgrade`) USING BTREE,
  KEY `reference_weapons_frame_id_upgrade_fkey` (`id_upgrade`),
  CONSTRAINT `reference_weapons_frame_id_rare_fkey` FOREIGN KEY (`id_rare`) REFERENCES `weapons_rare` (`id`),
  CONSTRAINT `reference_weapons_frame_id_upgrade_fkey` FOREIGN KEY (`id_upgrade`) REFERENCES `weapons_upgrade` (`id`)
) ENGINE=InnoDB DEFAULT CHARSET=utf8;
/*!40101 SET character_set_client = @saved_cs_client */;

--
-- Dumping data for table `reference_weapons_frame`
--

LOCK TABLES `reference_weapons_frame` WRITE;
/*!40000 ALTER TABLE `reference_weapons_frame` DISABLE KEYS */;
INSERT INTO `reference_weapons_frame` VALUES (1,1,5),(1,2,7),(1,3,9),(1,4,10),(2,1,4),(2,2,5),(2,3,6),(2,4,8),(3,1,3),(3,2,4),(3,3,5),(3,4,6);
/*!40000 ALTER TABLE `reference_weapons_frame` ENABLE KEYS */;
UNLOCK TABLES;

--
-- Table structure for table `weapons_custom`
--

DROP TABLE IF EXISTS `weapons_custom`;
/*!40101 SET @saved_cs_client     = @@character_set_client */;
/*!40101 SET character_set_client = utf8 */;
CREATE TABLE `weapons_custom` (
  `id` int(11) NOT NULL,
  `name` varchar(30) NOT NULL,
  `grade` int(11) NOT NULL,
  `effect` varchar(30) NOT NULL,
  `frame_num` int(11) NOT NULL DEFAULT '0',
  PRIMARY KEY (`id`)
) ENGINE=InnoDB DEFAULT CHARSET=utf8;
/*!40101 SET character_set_client = @saved_cs_client */;

--
-- Dumping data for table `weapons_custom`
--

LOCK TABLES `weapons_custom` WRITE;
/*!40000 ALTER TABLE `weapons_custom` DISABLE KEYS */;
INSERT INTO `weapons_custom` VALUES (0,'なし',0,'なし',0),(1,'攻撃力強化',1,'基礎攻撃力+5',3),(2,'攻撃力強化',2,'基礎攻撃力+10',5),(3,'攻撃力強化',3,'基礎攻撃力+15',7),(4,'攻撃力強化',4,'基礎攻撃力+25',9),(5,'会心率強化',1,'会心率+10%',2),(6,'会心率強化',2,'会心率+15%',4),(7,'会心率強化',3,'会心率+20%',6),(8,'会心率強化',4,'会心率+25%',8),(9,'防御力強化',1,'防御力+15',1),(10,'防御力強化',2,'防御力+25',2),(11,'防御力強化',3,'防御力+35',3),(12,'防御力強化',4,'防御力+50',5),(13,'スロット強化',1,'Lv1スロット追加',3),(14,'スロット強化',2,'Lv2スロット追加',6),(15,'スロット強化',3,'Lv3スロット追加',7),(16,'スロット強化',4,'Lv4スロット追加',8),(17,'回復能力付与',1,'体力回復微',3),(18,'回復能力付与',2,'体力回復小',5),(19,'回復能力付与',3,'体力回復中',7),(20,'回復能力付与',4,'体力回復大',9),(21,'属性・状態異常強化',1,'属性値+30',1),(22,'属性・状態異常強化',2,'属性値+60',3),(23,'属性・状態異常強化',3,'属性値+90',5),(24,'属性・状態異常強化',4,'属性値+120',7);
/*!40000 ALTER TABLE `weapons_custom` ENABLE KEYS */;
UNLOCK TABLES;

--
-- Table structure for table `weapons_name`
--

DROP TABLE IF EXISTS `weapons_name`;
/*!40101 SET @saved_cs_client     = @@character_set_client */;
/*!40101 SET character_set_client = utf8 */;
CREATE TABLE `weapons_name` (
  `id` int(11) NOT NULL,
  `name` varchar(30) NOT NULL,
  PRIMARY KEY (`id`)
) ENGINE=InnoDB DEFAULT CHARSET=utf8;
/*!40101 SET character_set_client = @saved_cs_client */;

--
-- Dumping data for table `weapons_name`
--

LOCK TABLES `weapons_name` WRITE;
/*!40000 ALTER TABLE `weapons_name` DISABLE KEYS */;
INSERT INTO `weapons_name` VALUES (1,'片手剣'),(2,'双剣'),(3,'大剣'),(4,'太刀'),(5,'ハンマー'),(6,'狩猟笛'),(7,'ランス'),(8,'ガンランス'),(9,'スラッシュアックス'),(10,'チャージアックス'),(11,'操虫棍'),(12,'弓'),(13,'ライトボウガン'),(14,'ヘビィボウガン');
/*!40000 ALTER TABLE `weapons_name` ENABLE KEYS */;
UNLOCK TABLES;

--
-- Table structure for table `weapons_parts_effect`
--

DROP TABLE IF EXISTS `weapons_parts_effect`;
/*!40101 SET @saved_cs_client     = @@character_set_client */;
/*!40101 SET character_set_client = utf8 */;
CREATE TABLE `weapons_parts_effect` (
  `id` int(11) NOT NULL,
  `level` int(11) NOT NULL,
  `effect` varchar(30) NOT NULL,
  PRIMARY KEY (`id`)
) ENGINE=InnoDB DEFAULT CHARSET=utf8;
/*!40101 SET character_set_client = @saved_cs_client */;

--
-- Dumping data for table `weapons_parts_effect`
--

LOCK TABLES `weapons_parts_effect` WRITE;
/*!40000 ALTER TABLE `weapons_parts_effect` DISABLE KEYS */;
INSERT INTO `weapons_parts_effect` VALUES (0,0,'なし'),(1,1,'攻撃力増加'),(2,2,'攻撃力増加'),(3,3,'攻撃力増加'),(4,4,'攻撃力増加'),(5,5,'攻撃力増加'),(6,6,'攻撃力増加'),(7,7,'攻撃力増加'),(8,1,'会心率増加'),(9,2,'会心率増加'),(10,3,'会心率増加'),(11,4,'会心率増加'),(12,5,'会心率増加'),(13,6,'会心率増加'),(14,7,'会心率増加'),(15,1,'防御力増加'),(16,2,'防御力増加'),(17,3,'防御力増加'),(18,4,'防御力増加'),(19,5,'防御力増加'),(20,6,'防御力増加'),(21,7,'防御力増加'),(22,1,'属性値増加'),(23,2,'属性値増加'),(24,3,'属性値増加'),(25,4,'属性値増加'),(26,5,'属性値増加'),(27,6,'属性値増加'),(28,7,'属性値増加'),(29,7,'切れ味増加');
/*!40000 ALTER TABLE `weapons_parts_effect` ENABLE KEYS */;
UNLOCK TABLES;

--
-- Table structure for table `weapons_rare`
--

DROP TABLE IF EXISTS `weapons_rare`;
/*!40101 SET @saved_cs_client     = @@character_set_client */;
/*!40101 SET character_set_client = utf8 */;
CREATE TABLE `weapons_rare` (
  `id` int(11) NOT NULL,
  `name` varchar(30) NOT NULL,
  PRIMARY KEY (`id`)
) ENGINE=InnoDB DEFAULT CHARSET=utf8;
/*!40101 SET character_set_client = @saved_cs_client */;

--
-- Dumping data for table `weapons_rare`
--

LOCK TABLES `weapons_rare` WRITE;
/*!40000 ALTER TABLE `weapons_rare` DISABLE KEYS */;
INSERT INTO `weapons_rare` VALUES (1,'RARE10'),(2,'RARE11'),(3,'RARE12');
/*!40000 ALTER TABLE `weapons_rare` ENABLE KEYS */;
UNLOCK TABLES;

--
-- Table structure for table `weapons_upgrade`
--

DROP TABLE IF EXISTS `weapons_upgrade`;
/*!40101 SET @saved_cs_client     = @@character_set_client */;
/*!40101 SET character_set_client = utf8 */;
CREATE TABLE `weapons_upgrade` (
  `id` int(11) NOT NULL,
  `name` varchar(30) DEFAULT NULL,
  PRIMARY KEY (`id`)
) ENGINE=InnoDB DEFAULT CHARSET=utf8;
/*!40101 SET character_set_client = @saved_cs_client */;

--
-- Dumping data for table `weapons_upgrade`
--

LOCK TABLES `weapons_upgrade` WRITE;
/*!40000 ALTER TABLE `weapons_upgrade` DISABLE KEYS */;
INSERT INTO `weapons_upgrade` VALUES (1,'デフォルト'),(2,'1段階強化'),(3,'2段階強化'),(4,'3段階強化');
/*!40000 ALTER TABLE `weapons_upgrade` ENABLE KEYS */;
UNLOCK TABLES;

--
-- Dumping routines for database 'setohima$Guidance'
--
/*!40103 SET TIME_ZONE=@OLD_TIME_ZONE */;

/*!40101 SET SQL_MODE=@OLD_SQL_MODE */;
/*!40014 SET FOREIGN_KEY_CHECKS=@OLD_FOREIGN_KEY_CHECKS */;
/*!40014 SET UNIQUE_CHECKS=@OLD_UNIQUE_CHECKS */;
/*!40101 SET CHARACTER_SET_CLIENT=@OLD_CHARACTER_SET_CLIENT */;
/*!40101 SET CHARACTER_SET_RESULTS=@OLD_CHARACTER_SET_RESULTS */;
/*!40101 SET COLLATION_CONNECTION=@OLD_COLLATION_CONNECTION */;
/*!40111 SET SQL_NOTES=@OLD_SQL_NOTES */;

-- Dump completed on 2020-01-13  0:30:10
