--
-- PostgreSQL database dump
--

-- Dumped from database version 12.1 (Debian 12.1-1.pgdg100+1)
-- Dumped by pg_dump version 12.1 (Debian 12.1-1.pgdg100+1)

SET CHARACTER_SET_CLIENT = utf8;
SET CHARACTER_SET_CONNECTION = utf8;

--
-- Data for Name: auth_group; Type: TABLE DATA; Schema: setohima$Guidance; Owner: -
--

--
-- Data for Name: Guidance_area; Type: TABLE DATA; Schema: setohima$Guidance; Owner: -
--

INSERT INTO setohima$Guidance.Guidance_area (id, name, level, kind) VALUES (42, '氷雪', 7, 6);
INSERT INTO setohima$Guidance.Guidance_area (id, name, level, kind) VALUES (41, '氷雪', 6, 6);
INSERT INTO setohima$Guidance.Guidance_area (id, name, level, kind) VALUES (40, '氷雪', 5, 6);
INSERT INTO setohima$Guidance.Guidance_area (id, name, level, kind) VALUES (39, '氷雪', 4, 6);
INSERT INTO setohima$Guidance.Guidance_area (id, name, level, kind) VALUES (38, '氷雪', 3, 6);
INSERT INTO setohima$Guidance.Guidance_area (id, name, level, kind) VALUES (37, '氷雪', 2, 6);
INSERT INTO setohima$Guidance.Guidance_area (id, name, level, kind) VALUES (36, '氷雪', 1, 6);
INSERT INTO setohima$Guidance.Guidance_area (id, name, level, kind) VALUES (35, '溶岩', 7, 5);
INSERT INTO setohima$Guidance.Guidance_area (id, name, level, kind) VALUES (34, '溶岩', 6, 5);
INSERT INTO setohima$Guidance.Guidance_area (id, name, level, kind) VALUES (33, '溶岩', 5, 5);
INSERT INTO setohima$Guidance.Guidance_area (id, name, level, kind) VALUES (32, '溶岩', 4, 5);
INSERT INTO setohima$Guidance.Guidance_area (id, name, level, kind) VALUES (31, '溶岩', 3, 5);
INSERT INTO setohima$Guidance.Guidance_area (id, name, level, kind) VALUES (30, '溶岩', 2, 5);
INSERT INTO setohima$Guidance.Guidance_area (id, name, level, kind) VALUES (29, '溶岩', 1, 5);
INSERT INTO setohima$Guidance.Guidance_area (id, name, level, kind) VALUES (28, '瘴気', 7, 4);
INSERT INTO setohima$Guidance.Guidance_area (id, name, level, kind) VALUES (27, '瘴気', 6, 4);
INSERT INTO setohima$Guidance.Guidance_area (id, name, level, kind) VALUES (26, '瘴気', 5, 4);
INSERT INTO setohima$Guidance.Guidance_area (id, name, level, kind) VALUES (25, '瘴気', 4, 4);
INSERT INTO setohima$Guidance.Guidance_area (id, name, level, kind) VALUES (24, '瘴気', 3, 4);
INSERT INTO setohima$Guidance.Guidance_area (id, name, level, kind) VALUES (23, '瘴気', 2, 4);
INSERT INTO setohima$Guidance.Guidance_area (id, name, level, kind) VALUES (22, '瘴気', 1, 4);
INSERT INTO setohima$Guidance.Guidance_area (id, name, level, kind) VALUES (21, '陸珊瑚', 7, 3);
INSERT INTO setohima$Guidance.Guidance_area (id, name, level, kind) VALUES (20, '陸珊瑚', 6, 3);
INSERT INTO setohima$Guidance.Guidance_area (id, name, level, kind) VALUES (19, '陸珊瑚', 5, 3);
INSERT INTO setohima$Guidance.Guidance_area (id, name, level, kind) VALUES (18, '陸珊瑚', 4, 3);
INSERT INTO setohima$Guidance.Guidance_area (id, name, level, kind) VALUES (17, '陸珊瑚', 3, 3);
INSERT INTO setohima$Guidance.Guidance_area (id, name, level, kind) VALUES (16, '陸珊瑚', 2, 3);
INSERT INTO setohima$Guidance.Guidance_area (id, name, level, kind) VALUES (15, '陸珊瑚', 1, 3);
INSERT INTO setohima$Guidance.Guidance_area (id, name, level, kind) VALUES (14, '荒地', 7, 2);
INSERT INTO setohima$Guidance.Guidance_area (id, name, level, kind) VALUES (13, '荒地', 6, 2);
INSERT INTO setohima$Guidance.Guidance_area (id, name, level, kind) VALUES (12, '荒地', 5, 2);
INSERT INTO setohima$Guidance.Guidance_area (id, name, level, kind) VALUES (11, '荒地', 4, 2);
INSERT INTO setohima$Guidance.Guidance_area (id, name, level, kind) VALUES (10, '荒地', 3, 2);
INSERT INTO setohima$Guidance.Guidance_area (id, name, level, kind) VALUES (9, '荒地', 2, 2);
INSERT INTO setohima$Guidance.Guidance_area (id, name, level, kind) VALUES (8, '荒地', 1, 2);
INSERT INTO setohima$Guidance.Guidance_area (id, name, level, kind) VALUES (7, '森林', 7, 1);
INSERT INTO setohima$Guidance.Guidance_area (id, name, level, kind) VALUES (6, '森林', 6, 1);
INSERT INTO setohima$Guidance.Guidance_area (id, name, level, kind) VALUES (5, '森林', 5, 1);
INSERT INTO setohima$Guidance.Guidance_area (id, name, level, kind) VALUES (4, '森林', 4, 1);
INSERT INTO setohima$Guidance.Guidance_area (id, name, level, kind) VALUES (3, '森林', 3, 1);
INSERT INTO setohima$Guidance.Guidance_area (id, name, level, kind) VALUES (2, '森林', 2, 1);
INSERT INTO setohima$Guidance.Guidance_area (id, name, level, kind) VALUES (1, '森林', 1, 1);


--
-- Data for Name: monsters; Type: TABLE DATA; Schema: setohima$Guidance; Owner: -
--

INSERT INTO setohima$Guidance.monsters (id, name, isVeteran, material_name, isAlchemize) VALUES (8, '歴戦怒り食らうイビルジョー', true, '歴戦の漆黒皮', false);
INSERT INTO setohima$Guidance.monsters (id, name, isVeteran, material_name, isAlchemize) VALUES (7, '怒り食らうイビルジョー', false, '血に染まる漆黒皮', true);
INSERT INTO setohima$Guidance.monsters (id, name, isVeteran, material_name, isAlchemize) VALUES (5, 'イヴェルカーナ', false, '極光の冠角', true);
INSERT INTO setohima$Guidance.monsters (id, name, isVeteran, material_name, isAlchemize) VALUES (4, '歴戦アンジャナフ亜種', true, '歴戦の雷毛皮', true);
INSERT INTO setohima$Guidance.monsters (id, name, isVeteran, material_name, isAlchemize) VALUES (3, 'アンジャナフ亜種', false, 'ざわめく雷の毛皮', true);
INSERT INTO setohima$Guidance.monsters (id, name, isVeteran, material_name, isAlchemize) VALUES (2, '歴戦アンジャナフ', true, '歴戦の炎毛皮', true);
INSERT INTO setohima$Guidance.monsters (id, name, isVeteran, material_name, isAlchemize) VALUES (1, 'アンジャナフ', false, 'ゆらめく炎の毛皮', true);
INSERT INTO setohima$Guidance.monsters (id, name, isVeteran, material_name, isAlchemize) VALUES (6, '歴戦イヴェルカーナ', true, '歴戦の冠角', false);
INSERT INTO setohima$Guidance.monsters (id, name, isVeteran, material_name, isAlchemize) VALUES (9, '凍て刺すレイギエナ', false, '凍てつく氷結皮', true);
INSERT INTO setohima$Guidance.monsters (id, name, isVeteran, material_name, isAlchemize) VALUES (10, '歴戦凍て刺すレイギエナ', true, '歴戦の氷結皮', true);
INSERT INTO setohima$Guidance.monsters (id, name, isVeteran, material_name, isAlchemize) VALUES (11, 'イャンガルルガ', false, '禍々しい銀狼毛', true);
INSERT INTO setohima$Guidance.monsters (id, name, isVeteran, material_name, isAlchemize) VALUES (12, '傷ついたイャンガルルガ', true, '歴戦の銀狼毛', true);
INSERT INTO setohima$Guidance.monsters (id, name, isVeteran, material_name, isAlchemize) VALUES (13, 'ヴォルガノス', false, '灼熱の溶岩ヒレ', true);
INSERT INTO setohima$Guidance.monsters (id, name, isVeteran, material_name, isAlchemize) VALUES (14, '歴戦ヴォルガノス', true, '歴戦の溶岩ヒレ', true);
INSERT INTO setohima$Guidance.monsters (id, name, isVeteran, material_name, isAlchemize) VALUES (15, 'ウラガンキン', false, '金属質な耐熱殻', true);
INSERT INTO setohima$Guidance.monsters (id, name, isVeteran, material_name, isAlchemize) VALUES (16, '歴戦ウラガンキン', true, '歴戦の耐熱殻', true);
INSERT INTO setohima$Guidance.monsters (id, name, isVeteran, material_name, isAlchemize) VALUES (17, 'オドガロン', false, '命断ち切る惨爪', true);
INSERT INTO setohima$Guidance.monsters (id, name, isVeteran, material_name, isAlchemize) VALUES (18, '歴戦オドガロン', true, '歴戦の惨爪', true);
INSERT INTO setohima$Guidance.monsters (id, name, isVeteran, material_name, isAlchemize) VALUES (19, 'オドガロン亜種', false, '魂切り裂く兇骨', true);
INSERT INTO setohima$Guidance.monsters (id, name, isVeteran, material_name, isAlchemize) VALUES (21, 'キリン', false, '荘厳なる蒼角', true);
INSERT INTO setohima$Guidance.monsters (id, name, isVeteran, material_name, isAlchemize) VALUES (22, '歴戦キリン', true, '歴戦の蒼角', false);
INSERT INTO setohima$Guidance.monsters (id, name, isVeteran, material_name, isAlchemize) VALUES (23, 'クシャルダオラ', false, '嵐を呼ぶ鋼翼', true);
INSERT INTO setohima$Guidance.monsters (id, name, isVeteran, material_name, isAlchemize) VALUES (24, '歴戦クシャルダオラ', true, '歴戦の鋼翼', false);
INSERT INTO setohima$Guidance.monsters (id, name, isVeteran, material_name, isAlchemize) VALUES (25, 'クルルヤック', false, '鮮やかな飾り羽', true);
INSERT INTO setohima$Guidance.monsters (id, name, isVeteran, material_name, isAlchemize) VALUES (26, '紅蓮滾るバゼルギウス', false, '紅蓮の爆鱗', true);
INSERT INTO setohima$Guidance.monsters (id, name, isVeteran, material_name, isAlchemize) VALUES (27, '歴戦紅蓮滾るバゼルギウス', true, '歴戦の爆鱗', false);
INSERT INTO setohima$Guidance.monsters (id, name, isVeteran, material_name, isAlchemize) VALUES (28, '悉くを滅ぼすネルギガンテ', false, '生者必滅の大剛角', true);
INSERT INTO setohima$Guidance.monsters (id, name, isVeteran, material_name, isAlchemize) VALUES (29, '歴戦悉くを滅ぼすネルギガンテ', true, '歴戦の殲滅角', false);
INSERT INTO setohima$Guidance.monsters (id, name, isVeteran, material_name, isAlchemize) VALUES (30, '死を纏うヴァルハザク', false, '宵闇より昏き牙', true);
INSERT INTO setohima$Guidance.monsters (id, name, isVeteran, material_name, isAlchemize) VALUES (31, '歴戦死を纏うヴァルハザク', true, '歴戦の昏き牙', false);
INSERT INTO setohima$Guidance.monsters (id, name, isVeteran, material_name, isAlchemize) VALUES (32, 'ジンオウガ', false, 'みなぎる雷電殻', true);
INSERT INTO setohima$Guidance.monsters (id, name, isVeteran, material_name, isAlchemize) VALUES (33, '歴戦ジンオウガ', true, '歴戦の雷電殻', true);
INSERT INTO setohima$Guidance.monsters (id, name, isVeteran, material_name, isAlchemize) VALUES (34, 'ジンオウガ亜種', false, 'ほとばしる滅龍殻', true);
INSERT INTO setohima$Guidance.monsters (id, name, isVeteran, material_name, isAlchemize) VALUES (35, '歴戦ジンオウガ亜種', true, '歴戦の滅龍殻', false);
INSERT INTO setohima$Guidance.monsters (id, name, isVeteran, material_name, isAlchemize) VALUES (36, 'ツィツィヤック', false, 'ギラつく閃光膜', true);
INSERT INTO setohima$Guidance.monsters (id, name, isVeteran, material_name, isAlchemize) VALUES (37, 'ディアブロス', false, '勇壮なねじれた角', true);
INSERT INTO setohima$Guidance.monsters (id, name, isVeteran, material_name, isAlchemize) VALUES (38, '歴戦ディアブロス', true, '歴戦のねじれた角', true);
INSERT INTO setohima$Guidance.monsters (id, name, isVeteran, material_name, isAlchemize) VALUES (39, 'ディアブロス亜種', false, '暴君の黒巻き角', true);
INSERT INTO setohima$Guidance.monsters (id, name, isVeteran, material_name, isAlchemize) VALUES (40, '歴戦ディアブロス亜種', true, '歴戦の黒巻き角', true);
INSERT INTO setohima$Guidance.monsters (id, name, isVeteran, material_name, isAlchemize) VALUES (41, 'ティガレックス', false, '強者のアギト', true);
INSERT INTO setohima$Guidance.monsters (id, name, isVeteran, material_name, isAlchemize) VALUES (42, '歴戦ティガレックス', true, '歴戦のアギト', true);
INSERT INTO setohima$Guidance.monsters (id, name, isVeteran, material_name, isAlchemize) VALUES (43, 'ティガレックス亜種', false, '戦慄の黒アギト', true);
INSERT INTO setohima$Guidance.monsters (id, name, isVeteran, material_name, isAlchemize) VALUES (44, '歴戦ティガレックス亜種', true, '歴戦の黒アギト', false);
INSERT INTO setohima$Guidance.monsters (id, name, isVeteran, material_name, isAlchemize) VALUES (45, 'ディノバルド', false, '灼炎の断剣尾', true);
INSERT INTO setohima$Guidance.monsters (id, name, isVeteran, material_name, isAlchemize) VALUES (46, '歴戦ディノバルド', true, '歴戦の断剣尾', true);
INSERT INTO setohima$Guidance.monsters (id, name, isVeteran, material_name, isAlchemize) VALUES (48, '歴戦ディノバルド亜種', true, '歴戦の斬鉄尾', true);
INSERT INTO setohima$Guidance.monsters (id, name, isVeteran, material_name, isAlchemize) VALUES (47, 'ディノバルド亜種', false, '研ぎ澄まされた斬鉄尾', true);
INSERT INTO setohima$Guidance.monsters (id, name, isVeteran, material_name, isAlchemize) VALUES (49, 'テオ・テスカトル', false, '獄炎のたてがみ', true);
INSERT INTO setohima$Guidance.monsters (id, name, isVeteran, material_name, isAlchemize) VALUES (50, '歴戦テオ・テスカトル', true, '歴戦の紅きたてがみ', false);
INSERT INTO setohima$Guidance.monsters (id, name, isVeteran, material_name, isAlchemize) VALUES (51, 'ドスギルオス', false, '闇夜の頭巾殻', true);
INSERT INTO setohima$Guidance.monsters (id, name, isVeteran, material_name, isAlchemize) VALUES (52, 'ドスジャグラス', false, '雄々しきたてがみ', true);
INSERT INTO setohima$Guidance.monsters (id, name, isVeteran, material_name, isAlchemize) VALUES (53, 'ドドガマル', false, '重量級の大顎', true);
INSERT INTO setohima$Guidance.monsters (id, name, isVeteran, material_name, isAlchemize) VALUES (54, 'トビカガチ', false, 'まばゆい雷光針', true);
INSERT INTO setohima$Guidance.monsters (id, name, isVeteran, material_name, isAlchemize) VALUES (55, '歴戦トビカガチ', true, '歴戦の雷光針', true);
INSERT INTO setohima$Guidance.monsters (id, name, isVeteran, material_name, isAlchemize) VALUES (56, 'トビカガチ亜種', false, '妖艶な猛毒針', true);
INSERT INTO setohima$Guidance.monsters (id, name, isVeteran, material_name, isAlchemize) VALUES (57, '歴戦トビカガチ亜種', true, '歴戦の猛毒針', true);
INSERT INTO setohima$Guidance.monsters (id, name, isVeteran, material_name, isAlchemize) VALUES (58, 'ナナ・テスカトリ', false, '蒼炎のたてがみ', true);
INSERT INTO setohima$Guidance.monsters (id, name, isVeteran, material_name, isAlchemize) VALUES (59, '歴戦ナナ・テスカトリ', true, '歴戦の蒼きたてがみ', false);
INSERT INTO setohima$Guidance.monsters (id, name, isVeteran, material_name, isAlchemize) VALUES (60, 'ナルガクルガ', false, '暗殺者の刃翼', true);
INSERT INTO setohima$Guidance.monsters (id, name, isVeteran, material_name, isAlchemize) VALUES (61, '歴戦ナルガクルガ', true, '歴戦の刃翼', false);
INSERT INTO setohima$Guidance.monsters (id, name, isVeteran, material_name, isAlchemize) VALUES (62, 'ネロミェール', false, '幻惑する特上皮', true);
INSERT INTO setohima$Guidance.monsters (id, name, isVeteran, material_name, isAlchemize) VALUES (63, '歴戦ネロミェール', true, '歴戦の幻惑皮', false);
INSERT INTO setohima$Guidance.monsters (id, name, isVeteran, material_name, isAlchemize) VALUES (64, 'パオウルムー', false, '超弾力ゴム殻', true);
INSERT INTO setohima$Guidance.monsters (id, name, isVeteran, material_name, isAlchemize) VALUES (20, '歴戦オドガロン亜種', true, '歴戦の兇爪', true);
INSERT INTO setohima$Guidance.monsters (id, name, isVeteran, material_name, isAlchemize) VALUES (65, '歴戦パオウルムー', true, '歴戦のゴム質殻', true);
INSERT INTO setohima$Guidance.monsters (id, name, isVeteran, material_name, isAlchemize) VALUES (76, 'ベリオロス', false, '冷血の氷牙', true);
INSERT INTO setohima$Guidance.monsters (id, name, isVeteran, material_name, isAlchemize) VALUES (75, '歴戦ブラキディオス', true, '歴戦の黒曜甲', true);
INSERT INTO setohima$Guidance.monsters (id, name, isVeteran, material_name, isAlchemize) VALUES (74, 'ブラキディオス', false, 'つややかな黒曜甲', true);
INSERT INTO setohima$Guidance.monsters (id, name, isVeteran, material_name, isAlchemize) VALUES (73, '歴戦プケプケ亜種', true, '歴戦の大水喉袋', true);
INSERT INTO setohima$Guidance.monsters (id, name, isVeteran, material_name, isAlchemize) VALUES (72, 'プケプケ亜種', false, '潤いに満ちた喉袋', true);
INSERT INTO setohima$Guidance.monsters (id, name, isVeteran, material_name, isAlchemize) VALUES (71, '歴戦プケプケ', true, '歴戦の猛毒喉袋', true);
INSERT INTO setohima$Guidance.monsters (id, name, isVeteran, material_name, isAlchemize) VALUES (70, 'プケプケ', false, '甘く香り立つ毒喉袋', true);
INSERT INTO setohima$Guidance.monsters (id, name, isVeteran, material_name, isAlchemize) VALUES (69, '歴戦バフバロ', true, '歴戦の巨大な角', true);
INSERT INTO setohima$Guidance.monsters (id, name, isVeteran, material_name, isAlchemize) VALUES (68, 'バフバロ', false, '古強者の巨大な角', true);
INSERT INTO setohima$Guidance.monsters (id, name, isVeteran, material_name, isAlchemize) VALUES (67, '歴戦パオウルムー亜種', true, '歴戦の黒毛皮', true);
INSERT INTO setohima$Guidance.monsters (id, name, isVeteran, material_name, isAlchemize) VALUES (66, 'パオウルムー亜種', false, '漆黒の高級毛皮', true);
INSERT INTO setohima$Guidance.monsters (id, name, isVeteran, material_name, isAlchemize) VALUES (86, 'リオレイア亜種', false, '桜花の龍鱗', true);
INSERT INTO setohima$Guidance.monsters (id, name, isVeteran, material_name, isAlchemize) VALUES (85, '歴戦レオレイア', true, '歴戦の竜鱗【緑】', true);
INSERT INTO setohima$Guidance.monsters (id, name, isVeteran, material_name, isAlchemize) VALUES (84, 'リオレイア', false, '女王の竜鱗', true);
INSERT INTO setohima$Guidance.monsters (id, name, isVeteran, material_name, isAlchemize) VALUES (83, '歴戦ラドバルキン', true, '歴戦の重油殻', true);
INSERT INTO setohima$Guidance.monsters (id, name, isVeteran, material_name, isAlchemize) VALUES (82, 'ラドバルキン', false, '墨染めの重油殻', true);
INSERT INTO setohima$Guidance.monsters (id, name, isVeteran, material_name, isAlchemize) VALUES (81, '歴戦ラージャン', true, '歴戦の煌毛', false);
INSERT INTO setohima$Guidance.monsters (id, name, isVeteran, material_name, isAlchemize) VALUES (80, 'ラージャン', false, '闘気あふれる煌毛', true);
INSERT INTO setohima$Guidance.monsters (id, name, isVeteran, material_name, isAlchemize) VALUES (79, '歴戦ボルボロス', true, '歴戦の王冠角', true);
INSERT INTO setohima$Guidance.monsters (id, name, isVeteran, material_name, isAlchemize) VALUES (78, 'ボルボロス', false, '泥の王冠角', true);
INSERT INTO setohima$Guidance.monsters (id, name, isVeteran, material_name, isAlchemize) VALUES (77, '歴戦ベリオロス', true, '歴戦の氷牙', true);
INSERT INTO setohima$Guidance.monsters (id, name, isVeteran, material_name, isAlchemize) VALUES (97, '歴戦レイギエナ', true, '歴戦の氷皮', true);
INSERT INTO setohima$Guidance.monsters (id, name, isVeteran, material_name, isAlchemize) VALUES (96, 'レイギエナ', false, '滑らかな氷皮', true);
INSERT INTO setohima$Guidance.monsters (id, name, isVeteran, material_name, isAlchemize) VALUES (95, '歴戦リオレウス希少種', true, '歴戦の龍鱗【銀】', false);
INSERT INTO setohima$Guidance.monsters (id, name, isVeteran, material_name, isAlchemize) VALUES (94, 'リオレウス希少種', false, '烈日の龍鱗', true);
INSERT INTO setohima$Guidance.monsters (id, name, isVeteran, material_name, isAlchemize) VALUES (93, '歴戦リオレウス亜種', true, '歴戦の龍鱗【蒼】', true);
INSERT INTO setohima$Guidance.monsters (id, name, isVeteran, material_name, isAlchemize) VALUES (92, 'リオレウス亜種', false, '蒼天の龍鱗', true);
INSERT INTO setohima$Guidance.monsters (id, name, isVeteran, material_name, isAlchemize) VALUES (91, '歴戦リオレウス', true, '歴戦の龍鱗【赤】', true);
INSERT INTO setohima$Guidance.monsters (id, name, isVeteran, material_name, isAlchemize) VALUES (90, 'リオレウス', false, '王者の龍鱗', true);
INSERT INTO setohima$Guidance.monsters (id, name, isVeteran, material_name, isAlchemize) VALUES (89, '歴戦リオレイア希少種', true, '歴戦の龍鱗【金】', false);
INSERT INTO setohima$Guidance.monsters (id, name, isVeteran, material_name, isAlchemize) VALUES (88, 'リオレイア希少種', false, '月光の龍鱗', true);
INSERT INTO setohima$Guidance.monsters (id, name, isVeteran, material_name, isAlchemize) VALUES (87, '歴戦リオレイア亜種', true, '歴戦の龍鱗【桜】', true);
INSERT INTO setohima$Guidance.monsters (id, name, isVeteran, material_name, isAlchemize) VALUES (0, '該当なし', false, '該当なし', false);


--
-- Data for Name: weapons_custom; Type: TABLE DATA; Schema: setohima$Guidance; Owner: -
--

INSERT INTO setohima$Guidance.weapons_custom (id, name, grade, effect, frame_num) VALUES (12, '防御力強化', 4, '防御力+50', 5);
INSERT INTO setohima$Guidance.weapons_custom (id, name, grade, effect, frame_num) VALUES (11, '防御力強化', 3, '防御力+35', 3);
INSERT INTO setohima$Guidance.weapons_custom (id, name, grade, effect, frame_num) VALUES (10, '防御力強化', 2, '防御力+25', 2);
INSERT INTO setohima$Guidance.weapons_custom (id, name, grade, effect, frame_num) VALUES (9, '防御力強化', 1, '防御力+15', 1);
INSERT INTO setohima$Guidance.weapons_custom (id, name, grade, effect, frame_num) VALUES (8, '会心率強化', 4, '会心率+25%', 8);
INSERT INTO setohima$Guidance.weapons_custom (id, name, grade, effect, frame_num) VALUES (7, '会心率強化', 3, '会心率+20%', 6);
INSERT INTO setohima$Guidance.weapons_custom (id, name, grade, effect, frame_num) VALUES (6, '会心率強化', 2, '会心率+15%', 4);
INSERT INTO setohima$Guidance.weapons_custom (id, name, grade, effect, frame_num) VALUES (5, '会心率強化', 1, '会心率+10%', 2);
INSERT INTO setohima$Guidance.weapons_custom (id, name, grade, effect, frame_num) VALUES (4, '攻撃力強化', 4, '基礎攻撃力+25', 9);
INSERT INTO setohima$Guidance.weapons_custom (id, name, grade, effect, frame_num) VALUES (3, '攻撃力強化', 3, '基礎攻撃力+15', 7);
INSERT INTO setohima$Guidance.weapons_custom (id, name, grade, effect, frame_num) VALUES (2, '攻撃力強化', 2, '基礎攻撃力+10', 5);
INSERT INTO setohima$Guidance.weapons_custom (id, name, grade, effect, frame_num) VALUES (1, '攻撃力強化', 1, '基礎攻撃力+5', 3);
INSERT INTO setohima$Guidance.weapons_custom (id, name, grade, effect, frame_num) VALUES (13, 'スロット強化', 1, 'Lv1スロット追加', 3);
INSERT INTO setohima$Guidance.weapons_custom (id, name, grade, effect, frame_num) VALUES (14, 'スロット強化', 2, 'Lv2スロット追加', 6);
INSERT INTO setohima$Guidance.weapons_custom (id, name, grade, effect, frame_num) VALUES (15, 'スロット強化', 3, 'Lv3スロット追加', 7);
INSERT INTO setohima$Guidance.weapons_custom (id, name, grade, effect, frame_num) VALUES (16, 'スロット強化', 4, 'Lv4スロット追加', 8);
INSERT INTO setohima$Guidance.weapons_custom (id, name, grade, effect, frame_num) VALUES (17, '回復能力付与', 1, '体力回復微', 3);
INSERT INTO setohima$Guidance.weapons_custom (id, name, grade, effect, frame_num) VALUES (18, '回復能力付与', 2, '体力回復小', 5);
INSERT INTO setohima$Guidance.weapons_custom (id, name, grade, effect, frame_num) VALUES (19, '回復能力付与', 3, '体力回復中', 7);
INSERT INTO setohima$Guidance.weapons_custom (id, name, grade, effect, frame_num) VALUES (20, '回復能力付与', 4, '体力回復大', 9);
INSERT INTO setohima$Guidance.weapons_custom (id, name, grade, effect, frame_num) VALUES (21, '属性・状態異常強化', 1, '属性値+30', 1);
INSERT INTO setohima$Guidance.weapons_custom (id, name, grade, effect, frame_num) VALUES (22, '属性・状態異常強化', 2, '属性値+60', 3);
INSERT INTO setohima$Guidance.weapons_custom (id, name, grade, effect, frame_num) VALUES (23, '属性・状態異常強化', 3, '属性値+90', 5);
INSERT INTO setohima$Guidance.weapons_custom (id, name, grade, effect, frame_num) VALUES (24, '属性・状態異常強化', 4, '属性値+120', 7);


--
-- Data for Name: weapons_rare; Type: TABLE DATA; Schema: setohima$Guidance; Owner: -
--

INSERT INTO setohima$Guidance.weapons_rare (id, name) VALUES (3, 'RARE12');
INSERT INTO setohima$Guidance.weapons_rare (id, name) VALUES (2, 'RARE11');
INSERT INTO setohima$Guidance.weapons_rare (id, name) VALUES (1, 'RARE10');


--
-- Data for Name: reference_custom_rare_monsters; Type: TABLE DATA; Schema: setohima$Guidance; Owner: -
--

INSERT INTO setohima$Guidance.reference_custom_rare_monsters (rare_id, custom_id, monster_id, mate_num) VALUES (1, 8, 27, 7);
INSERT INTO setohima$Guidance.reference_custom_rare_monsters (rare_id, custom_id, monster_id, mate_num) VALUES (1, 7, 55, 5);
INSERT INTO setohima$Guidance.reference_custom_rare_monsters (rare_id, custom_id, monster_id, mate_num) VALUES (1, 7, 61, 7);
INSERT INTO setohima$Guidance.reference_custom_rare_monsters (rare_id, custom_id, monster_id, mate_num) VALUES (1, 6, 60, 5);
INSERT INTO setohima$Guidance.reference_custom_rare_monsters (rare_id, custom_id, monster_id, mate_num) VALUES (1, 6, 23, 9);
INSERT INTO setohima$Guidance.reference_custom_rare_monsters (rare_id, custom_id, monster_id, mate_num) VALUES (1, 5, 25, 9);
INSERT INTO setohima$Guidance.reference_custom_rare_monsters (rare_id, custom_id, monster_id, mate_num) VALUES (1, 4, 53, 5);
INSERT INTO setohima$Guidance.reference_custom_rare_monsters (rare_id, custom_id, monster_id, mate_num) VALUES (1, 4, 81, 7);
INSERT INTO setohima$Guidance.reference_custom_rare_monsters (rare_id, custom_id, monster_id, mate_num) VALUES (1, 3, 91, 5);
INSERT INTO setohima$Guidance.reference_custom_rare_monsters (rare_id, custom_id, monster_id, mate_num) VALUES (1, 3, 42, 7);
INSERT INTO setohima$Guidance.reference_custom_rare_monsters (rare_id, custom_id, monster_id, mate_num) VALUES (1, 2, 3, 5);
INSERT INTO setohima$Guidance.reference_custom_rare_monsters (rare_id, custom_id, monster_id, mate_num) VALUES (1, 2, 38, 7);
INSERT INTO setohima$Guidance.reference_custom_rare_monsters (rare_id, custom_id, monster_id, mate_num) VALUES (1, 1, 1, 9);
INSERT INTO setohima$Guidance.reference_custom_rare_monsters (rare_id, custom_id, monster_id, mate_num) VALUES (2, 24, 35, 5);
INSERT INTO setohima$Guidance.reference_custom_rare_monsters (rare_id, custom_id, monster_id, mate_num) VALUES (2, 24, 29, 7);
INSERT INTO setohima$Guidance.reference_custom_rare_monsters (rare_id, custom_id, monster_id, mate_num) VALUES (2, 23, 19, 5);
INSERT INTO setohima$Guidance.reference_custom_rare_monsters (rare_id, custom_id, monster_id, mate_num) VALUES (2, 23, 30, 9);
INSERT INTO setohima$Guidance.reference_custom_rare_monsters (rare_id, custom_id, monster_id, mate_num) VALUES (2, 22, 82, 5);
INSERT INTO setohima$Guidance.reference_custom_rare_monsters (rare_id, custom_id, monster_id, mate_num) VALUES (2, 22, 41, 9);
INSERT INTO setohima$Guidance.reference_custom_rare_monsters (rare_id, custom_id, monster_id, mate_num) VALUES (2, 21, 51, 9);
INSERT INTO setohima$Guidance.reference_custom_rare_monsters (rare_id, custom_id, monster_id, mate_num) VALUES (2, 19, 9, 5);
INSERT INTO setohima$Guidance.reference_custom_rare_monsters (rare_id, custom_id, monster_id, mate_num) VALUES (2, 19, 29, 7);
INSERT INTO setohima$Guidance.reference_custom_rare_monsters (rare_id, custom_id, monster_id, mate_num) VALUES (2, 18, 85, 3);
INSERT INTO setohima$Guidance.reference_custom_rare_monsters (rare_id, custom_id, monster_id, mate_num) VALUES (2, 18, 8, 7);
INSERT INTO setohima$Guidance.reference_custom_rare_monsters (rare_id, custom_id, monster_id, mate_num) VALUES (2, 17, 71, 3);
INSERT INTO setohima$Guidance.reference_custom_rare_monsters (rare_id, custom_id, monster_id, mate_num) VALUES (2, 17, 12, 7);
INSERT INTO setohima$Guidance.reference_custom_rare_monsters (rare_id, custom_id, monster_id, mate_num) VALUES (2, 16, 57, 3);
INSERT INTO setohima$Guidance.reference_custom_rare_monsters (rare_id, custom_id, monster_id, mate_num) VALUES (2, 16, 89, 7);
INSERT INTO setohima$Guidance.reference_custom_rare_monsters (rare_id, custom_id, monster_id, mate_num) VALUES (2, 15, 56, 5);
INSERT INTO setohima$Guidance.reference_custom_rare_monsters (rare_id, custom_id, monster_id, mate_num) VALUES (2, 15, 59, 7);
INSERT INTO setohima$Guidance.reference_custom_rare_monsters (rare_id, custom_id, monster_id, mate_num) VALUES (2, 14, 16, 3);
INSERT INTO setohima$Guidance.reference_custom_rare_monsters (rare_id, custom_id, monster_id, mate_num) VALUES (2, 14, 75, 7);
INSERT INTO setohima$Guidance.reference_custom_rare_monsters (rare_id, custom_id, monster_id, mate_num) VALUES (2, 13, 2, 3);
INSERT INTO setohima$Guidance.reference_custom_rare_monsters (rare_id, custom_id, monster_id, mate_num) VALUES (2, 13, 49, 9);
INSERT INTO setohima$Guidance.reference_custom_rare_monsters (rare_id, custom_id, monster_id, mate_num) VALUES (2, 12, 79, 7);
INSERT INTO setohima$Guidance.reference_custom_rare_monsters (rare_id, custom_id, monster_id, mate_num) VALUES (2, 11, 37, 9);
INSERT INTO setohima$Guidance.reference_custom_rare_monsters (rare_id, custom_id, monster_id, mate_num) VALUES (2, 10, 84, 9);
INSERT INTO setohima$Guidance.reference_custom_rare_monsters (rare_id, custom_id, monster_id, mate_num) VALUES (2, 9, 78, 9);
INSERT INTO setohima$Guidance.reference_custom_rare_monsters (rare_id, custom_id, monster_id, mate_num) VALUES (2, 8, 76, 5);
INSERT INTO setohima$Guidance.reference_custom_rare_monsters (rare_id, custom_id, monster_id, mate_num) VALUES (2, 8, 33, 7);
INSERT INTO setohima$Guidance.reference_custom_rare_monsters (rare_id, custom_id, monster_id, mate_num) VALUES (2, 7, 14, 3);
INSERT INTO setohima$Guidance.reference_custom_rare_monsters (rare_id, custom_id, monster_id, mate_num) VALUES (2, 7, 27, 7);
INSERT INTO setohima$Guidance.reference_custom_rare_monsters (rare_id, custom_id, monster_id, mate_num) VALUES (2, 6, 4, 3);
INSERT INTO setohima$Guidance.reference_custom_rare_monsters (rare_id, custom_id, monster_id, mate_num) VALUES (2, 6, 93, 7);
INSERT INTO setohima$Guidance.reference_custom_rare_monsters (rare_id, custom_id, monster_id, mate_num) VALUES (2, 5, 3, 5);
INSERT INTO setohima$Guidance.reference_custom_rare_monsters (rare_id, custom_id, monster_id, mate_num) VALUES (2, 5, 11, 9);
INSERT INTO setohima$Guidance.reference_custom_rare_monsters (rare_id, custom_id, monster_id, mate_num) VALUES (2, 3, 10, 5);
INSERT INTO setohima$Guidance.reference_custom_rare_monsters (rare_id, custom_id, monster_id, mate_num) VALUES (2, 3, 28, 7);
INSERT INTO setohima$Guidance.reference_custom_rare_monsters (rare_id, custom_id, monster_id, mate_num) VALUES (2, 2, 21, 5);
INSERT INTO setohima$Guidance.reference_custom_rare_monsters (rare_id, custom_id, monster_id, mate_num) VALUES (2, 2, 94, 9);
INSERT INTO setohima$Guidance.reference_custom_rare_monsters (rare_id, custom_id, monster_id, mate_num) VALUES (2, 1, 68, 5);
INSERT INTO setohima$Guidance.reference_custom_rare_monsters (rare_id, custom_id, monster_id, mate_num) VALUES (2, 1, 17, 9);
INSERT INTO setohima$Guidance.reference_custom_rare_monsters (rare_id, custom_id, monster_id, mate_num) VALUES (1, 24, 87, 3);
INSERT INTO setohima$Guidance.reference_custom_rare_monsters (rare_id, custom_id, monster_id, mate_num) VALUES (1, 24, 22, 7);
INSERT INTO setohima$Guidance.reference_custom_rare_monsters (rare_id, custom_id, monster_id, mate_num) VALUES (1, 23, 47, 5);
INSERT INTO setohima$Guidance.reference_custom_rare_monsters (rare_id, custom_id, monster_id, mate_num) VALUES (1, 23, 62, 9);
INSERT INTO setohima$Guidance.reference_custom_rare_monsters (rare_id, custom_id, monster_id, mate_num) VALUES (1, 22, 65, 5);
INSERT INTO setohima$Guidance.reference_custom_rare_monsters (rare_id, custom_id, monster_id, mate_num) VALUES (1, 22, 96, 9);
INSERT INTO setohima$Guidance.reference_custom_rare_monsters (rare_id, custom_id, monster_id, mate_num) VALUES (1, 21, 36, 9);
INSERT INTO setohima$Guidance.reference_custom_rare_monsters (rare_id, custom_id, monster_id, mate_num) VALUES (1, 20, 26, 5);
INSERT INTO setohima$Guidance.reference_custom_rare_monsters (rare_id, custom_id, monster_id, mate_num) VALUES (1, 20, 95, 7);
INSERT INTO setohima$Guidance.reference_custom_rare_monsters (rare_id, custom_id, monster_id, mate_num) VALUES (1, 19, 20, 3);
INSERT INTO setohima$Guidance.reference_custom_rare_monsters (rare_id, custom_id, monster_id, mate_num) VALUES (1, 19, 31, 7);
INSERT INTO setohima$Guidance.reference_custom_rare_monsters (rare_id, custom_id, monster_id, mate_num) VALUES (1, 18, 41, 5);
INSERT INTO setohima$Guidance.reference_custom_rare_monsters (rare_id, custom_id, monster_id, mate_num) VALUES (1, 18, 48, 7);
INSERT INTO setohima$Guidance.reference_custom_rare_monsters (rare_id, custom_id, monster_id, mate_num) VALUES (1, 17, 82, 5);
INSERT INTO setohima$Guidance.reference_custom_rare_monsters (rare_id, custom_id, monster_id, mate_num) VALUES (1, 17, 18, 7);
INSERT INTO setohima$Guidance.reference_custom_rare_monsters (rare_id, custom_id, monster_id, mate_num) VALUES (1, 16, 15, 5);
INSERT INTO setohima$Guidance.reference_custom_rare_monsters (rare_id, custom_id, monster_id, mate_num) VALUES (1, 16, 89, 7);
INSERT INTO setohima$Guidance.reference_custom_rare_monsters (rare_id, custom_id, monster_id, mate_num) VALUES (1, 15, 67, 3);
INSERT INTO setohima$Guidance.reference_custom_rare_monsters (rare_id, custom_id, monster_id, mate_num) VALUES (1, 15, 59, 7);
INSERT INTO setohima$Guidance.reference_custom_rare_monsters (rare_id, custom_id, monster_id, mate_num) VALUES (1, 14, 32, 5);
INSERT INTO setohima$Guidance.reference_custom_rare_monsters (rare_id, custom_id, monster_id, mate_num) VALUES (1, 14, 88, 9);
INSERT INTO setohima$Guidance.reference_custom_rare_monsters (rare_id, custom_id, monster_id, mate_num) VALUES (1, 13, 3, 5);
INSERT INTO setohima$Guidance.reference_custom_rare_monsters (rare_id, custom_id, monster_id, mate_num) VALUES (1, 13, 39, 9);
INSERT INTO setohima$Guidance.reference_custom_rare_monsters (rare_id, custom_id, monster_id, mate_num) VALUES (1, 12, 68, 5);
INSERT INTO setohima$Guidance.reference_custom_rare_monsters (rare_id, custom_id, monster_id, mate_num) VALUES (1, 12, 90, 7);
INSERT INTO setohima$Guidance.reference_custom_rare_monsters (rare_id, custom_id, monster_id, mate_num) VALUES (1, 11, 66, 9);
INSERT INTO setohima$Guidance.reference_custom_rare_monsters (rare_id, custom_id, monster_id, mate_num) VALUES (1, 10, 70, 9);
INSERT INTO setohima$Guidance.reference_custom_rare_monsters (rare_id, custom_id, monster_id, mate_num) VALUES (1, 9, 52, 9);
INSERT INTO setohima$Guidance.reference_custom_rare_monsters (rare_id, custom_id, monster_id, mate_num) VALUES (1, 8, 13, 5);
INSERT INTO setohima$Guidance.reference_custom_rare_monsters (rare_id, custom_id, monster_id, mate_num) VALUES (3, 23, 89, 7);
INSERT INTO setohima$Guidance.reference_custom_rare_monsters (rare_id, custom_id, monster_id, mate_num) VALUES (3, 23, 74, 5);
INSERT INTO setohima$Guidance.reference_custom_rare_monsters (rare_id, custom_id, monster_id, mate_num) VALUES (3, 22, 30, 5);
INSERT INTO setohima$Guidance.reference_custom_rare_monsters (rare_id, custom_id, monster_id, mate_num) VALUES (3, 22, 43, 9);
INSERT INTO setohima$Guidance.reference_custom_rare_monsters (rare_id, custom_id, monster_id, mate_num) VALUES (3, 21, 17, 5);
INSERT INTO setohima$Guidance.reference_custom_rare_monsters (rare_id, custom_id, monster_id, mate_num) VALUES (3, 21, 83, 7);
INSERT INTO setohima$Guidance.reference_custom_rare_monsters (rare_id, custom_id, monster_id, mate_num) VALUES (3, 18, 27, 3);
INSERT INTO setohima$Guidance.reference_custom_rare_monsters (rare_id, custom_id, monster_id, mate_num) VALUES (3, 18, 95, 7);
INSERT INTO setohima$Guidance.reference_custom_rare_monsters (rare_id, custom_id, monster_id, mate_num) VALUES (3, 17, 32, 5);
INSERT INTO setohima$Guidance.reference_custom_rare_monsters (rare_id, custom_id, monster_id, mate_num) VALUES (3, 17, 63, 7);
INSERT INTO setohima$Guidance.reference_custom_rare_monsters (rare_id, custom_id, monster_id, mate_num) VALUES (3, 14, 34, 5);
INSERT INTO setohima$Guidance.reference_custom_rare_monsters (rare_id, custom_id, monster_id, mate_num) VALUES (3, 14, 89, 7);
INSERT INTO setohima$Guidance.reference_custom_rare_monsters (rare_id, custom_id, monster_id, mate_num) VALUES (3, 13, 5, 5);
INSERT INTO setohima$Guidance.reference_custom_rare_monsters (rare_id, custom_id, monster_id, mate_num) VALUES (3, 13, 40, 7);
INSERT INTO setohima$Guidance.reference_custom_rare_monsters (rare_id, custom_id, monster_id, mate_num) VALUES (3, 12, 53, 5);
INSERT INTO setohima$Guidance.reference_custom_rare_monsters (rare_id, custom_id, monster_id, mate_num) VALUES (3, 12, 75, 7);
INSERT INTO setohima$Guidance.reference_custom_rare_monsters (rare_id, custom_id, monster_id, mate_num) VALUES (3, 11, 97, 7);
INSERT INTO setohima$Guidance.reference_custom_rare_monsters (rare_id, custom_id, monster_id, mate_num) VALUES (3, 10, 72, 9);
INSERT INTO setohima$Guidance.reference_custom_rare_monsters (rare_id, custom_id, monster_id, mate_num) VALUES (3, 9, 64, 9);
INSERT INTO setohima$Guidance.reference_custom_rare_monsters (rare_id, custom_id, monster_id, mate_num) VALUES (3, 7, 77, 5);
INSERT INTO setohima$Guidance.reference_custom_rare_monsters (rare_id, custom_id, monster_id, mate_num) VALUES (3, 7, 29, 7);
INSERT INTO setohima$Guidance.reference_custom_rare_monsters (rare_id, custom_id, monster_id, mate_num) VALUES (3, 6, 58, 5);
INSERT INTO setohima$Guidance.reference_custom_rare_monsters (rare_id, custom_id, monster_id, mate_num) VALUES (3, 6, 50, 7);
INSERT INTO setohima$Guidance.reference_custom_rare_monsters (rare_id, custom_id, monster_id, mate_num) VALUES (3, 5, 45, 9);
INSERT INTO setohima$Guidance.reference_custom_rare_monsters (rare_id, custom_id, monster_id, mate_num) VALUES (3, 1, 7, 5);
INSERT INTO setohima$Guidance.reference_custom_rare_monsters (rare_id, custom_id, monster_id, mate_num) VALUES (3, 1, 24, 7);
INSERT INTO setohima$Guidance.reference_custom_rare_monsters (rare_id, custom_id, monster_id, mate_num) VALUES (3, 2, 80, 5);
INSERT INTO setohima$Guidance.reference_custom_rare_monsters (rare_id, custom_id, monster_id, mate_num) VALUES (3, 2, 95, 7);


--
-- Data for Name: reference_monsters_area; Type: TABLE DATA; Schema: setohima$Guidance; Owner: -
--

INSERT INTO setohima$Guidance.reference_monsters_area (monsters_id, area_id) VALUES (1, 1);
INSERT INTO setohima$Guidance.reference_monsters_area (monsters_id, area_id) VALUES (1, 2);
INSERT INTO setohima$Guidance.reference_monsters_area (monsters_id, area_id) VALUES (1, 3);
INSERT INTO setohima$Guidance.reference_monsters_area (monsters_id, area_id) VALUES (1, 4);
INSERT INTO setohima$Guidance.reference_monsters_area (monsters_id, area_id) VALUES (1, 9);
INSERT INTO setohima$Guidance.reference_monsters_area (monsters_id, area_id) VALUES (1, 10);
INSERT INTO setohima$Guidance.reference_monsters_area (monsters_id, area_id) VALUES (1, 11);
INSERT INTO setohima$Guidance.reference_monsters_area (monsters_id, area_id) VALUES (2, 5);
INSERT INTO setohima$Guidance.reference_monsters_area (monsters_id, area_id) VALUES (2, 6);
INSERT INTO setohima$Guidance.reference_monsters_area (monsters_id, area_id) VALUES (2, 7);
INSERT INTO setohima$Guidance.reference_monsters_area (monsters_id, area_id) VALUES (2, 12);
INSERT INTO setohima$Guidance.reference_monsters_area (monsters_id, area_id) VALUES (2, 13);
INSERT INTO setohima$Guidance.reference_monsters_area (monsters_id, area_id) VALUES (2, 14);
INSERT INTO setohima$Guidance.reference_monsters_area (monsters_id, area_id) VALUES (3, 2);
INSERT INTO setohima$Guidance.reference_monsters_area (monsters_id, area_id) VALUES (3, 3);
INSERT INTO setohima$Guidance.reference_monsters_area (monsters_id, area_id) VALUES (3, 4);
INSERT INTO setohima$Guidance.reference_monsters_area (monsters_id, area_id) VALUES (3, 9);
INSERT INTO setohima$Guidance.reference_monsters_area (monsters_id, area_id) VALUES (3, 10);
INSERT INTO setohima$Guidance.reference_monsters_area (monsters_id, area_id) VALUES (3, 11);
INSERT INTO setohima$Guidance.reference_monsters_area (monsters_id, area_id) VALUES (3, 16);
INSERT INTO setohima$Guidance.reference_monsters_area (monsters_id, area_id) VALUES (3, 17);
INSERT INTO setohima$Guidance.reference_monsters_area (monsters_id, area_id) VALUES (3, 18);
INSERT INTO setohima$Guidance.reference_monsters_area (monsters_id, area_id) VALUES (3, 23);
INSERT INTO setohima$Guidance.reference_monsters_area (monsters_id, area_id) VALUES (3, 24);
INSERT INTO setohima$Guidance.reference_monsters_area (monsters_id, area_id) VALUES (3, 25);
INSERT INTO setohima$Guidance.reference_monsters_area (monsters_id, area_id) VALUES (3, 30);
INSERT INTO setohima$Guidance.reference_monsters_area (monsters_id, area_id) VALUES (3, 31);
INSERT INTO setohima$Guidance.reference_monsters_area (monsters_id, area_id) VALUES (3, 32);
INSERT INTO setohima$Guidance.reference_monsters_area (monsters_id, area_id) VALUES (3, 37);
INSERT INTO setohima$Guidance.reference_monsters_area (monsters_id, area_id) VALUES (3, 38);
INSERT INTO setohima$Guidance.reference_monsters_area (monsters_id, area_id) VALUES (3, 39);
INSERT INTO setohima$Guidance.reference_monsters_area (monsters_id, area_id) VALUES (4, 5);
INSERT INTO setohima$Guidance.reference_monsters_area (monsters_id, area_id) VALUES (4, 6);
INSERT INTO setohima$Guidance.reference_monsters_area (monsters_id, area_id) VALUES (4, 7);
INSERT INTO setohima$Guidance.reference_monsters_area (monsters_id, area_id) VALUES (4, 12);
INSERT INTO setohima$Guidance.reference_monsters_area (monsters_id, area_id) VALUES (4, 13);
INSERT INTO setohima$Guidance.reference_monsters_area (monsters_id, area_id) VALUES (4, 14);
INSERT INTO setohima$Guidance.reference_monsters_area (monsters_id, area_id) VALUES (4, 19);
INSERT INTO setohima$Guidance.reference_monsters_area (monsters_id, area_id) VALUES (4, 20);
INSERT INTO setohima$Guidance.reference_monsters_area (monsters_id, area_id) VALUES (4, 21);
INSERT INTO setohima$Guidance.reference_monsters_area (monsters_id, area_id) VALUES (4, 26);
INSERT INTO setohima$Guidance.reference_monsters_area (monsters_id, area_id) VALUES (4, 27);
INSERT INTO setohima$Guidance.reference_monsters_area (monsters_id, area_id) VALUES (4, 28);
INSERT INTO setohima$Guidance.reference_monsters_area (monsters_id, area_id) VALUES (4, 33);
INSERT INTO setohima$Guidance.reference_monsters_area (monsters_id, area_id) VALUES (4, 34);
INSERT INTO setohima$Guidance.reference_monsters_area (monsters_id, area_id) VALUES (4, 35);
INSERT INTO setohima$Guidance.reference_monsters_area (monsters_id, area_id) VALUES (4, 40);
INSERT INTO setohima$Guidance.reference_monsters_area (monsters_id, area_id) VALUES (4, 41);
INSERT INTO setohima$Guidance.reference_monsters_area (monsters_id, area_id) VALUES (4, 42);
INSERT INTO setohima$Guidance.reference_monsters_area (monsters_id, area_id) VALUES (5, 5);
INSERT INTO setohima$Guidance.reference_monsters_area (monsters_id, area_id) VALUES (5, 6);
INSERT INTO setohima$Guidance.reference_monsters_area (monsters_id, area_id) VALUES (5, 12);
INSERT INTO setohima$Guidance.reference_monsters_area (monsters_id, area_id) VALUES (5, 13);
INSERT INTO setohima$Guidance.reference_monsters_area (monsters_id, area_id) VALUES (5, 19);
INSERT INTO setohima$Guidance.reference_monsters_area (monsters_id, area_id) VALUES (5, 20);
INSERT INTO setohima$Guidance.reference_monsters_area (monsters_id, area_id) VALUES (5, 26);
INSERT INTO setohima$Guidance.reference_monsters_area (monsters_id, area_id) VALUES (5, 27);
INSERT INTO setohima$Guidance.reference_monsters_area (monsters_id, area_id) VALUES (5, 40);
INSERT INTO setohima$Guidance.reference_monsters_area (monsters_id, area_id) VALUES (5, 41);
INSERT INTO setohima$Guidance.reference_monsters_area (monsters_id, area_id) VALUES (6, 7);
INSERT INTO setohima$Guidance.reference_monsters_area (monsters_id, area_id) VALUES (6, 14);
INSERT INTO setohima$Guidance.reference_monsters_area (monsters_id, area_id) VALUES (6, 21);
INSERT INTO setohima$Guidance.reference_monsters_area (monsters_id, area_id) VALUES (6, 28);
INSERT INTO setohima$Guidance.reference_monsters_area (monsters_id, area_id) VALUES (6, 42);
INSERT INTO setohima$Guidance.reference_monsters_area (monsters_id, area_id) VALUES (7, 5);
INSERT INTO setohima$Guidance.reference_monsters_area (monsters_id, area_id) VALUES (7, 6);
INSERT INTO setohima$Guidance.reference_monsters_area (monsters_id, area_id) VALUES (7, 12);
INSERT INTO setohima$Guidance.reference_monsters_area (monsters_id, area_id) VALUES (7, 13);
INSERT INTO setohima$Guidance.reference_monsters_area (monsters_id, area_id) VALUES (7, 19);
INSERT INTO setohima$Guidance.reference_monsters_area (monsters_id, area_id) VALUES (7, 20);
INSERT INTO setohima$Guidance.reference_monsters_area (monsters_id, area_id) VALUES (7, 26);
INSERT INTO setohima$Guidance.reference_monsters_area (monsters_id, area_id) VALUES (7, 27);
INSERT INTO setohima$Guidance.reference_monsters_area (monsters_id, area_id) VALUES (7, 40);
INSERT INTO setohima$Guidance.reference_monsters_area (monsters_id, area_id) VALUES (7, 41);
INSERT INTO setohima$Guidance.reference_monsters_area (monsters_id, area_id) VALUES (8, 7);
INSERT INTO setohima$Guidance.reference_monsters_area (monsters_id, area_id) VALUES (8, 14);
INSERT INTO setohima$Guidance.reference_monsters_area (monsters_id, area_id) VALUES (8, 21);
INSERT INTO setohima$Guidance.reference_monsters_area (monsters_id, area_id) VALUES (8, 28);
INSERT INTO setohima$Guidance.reference_monsters_area (monsters_id, area_id) VALUES (8, 42);
INSERT INTO setohima$Guidance.reference_monsters_area (monsters_id, area_id) VALUES (7, 33);
INSERT INTO setohima$Guidance.reference_monsters_area (monsters_id, area_id) VALUES (7, 34);
INSERT INTO setohima$Guidance.reference_monsters_area (monsters_id, area_id) VALUES (8, 35);
INSERT INTO setohima$Guidance.reference_monsters_area (monsters_id, area_id) VALUES (9, 38);
INSERT INTO setohima$Guidance.reference_monsters_area (monsters_id, area_id) VALUES (9, 39);
INSERT INTO setohima$Guidance.reference_monsters_area (monsters_id, area_id) VALUES (9, 40);
INSERT INTO setohima$Guidance.reference_monsters_area (monsters_id, area_id) VALUES (10, 41);
INSERT INTO setohima$Guidance.reference_monsters_area (monsters_id, area_id) VALUES (10, 42);
INSERT INTO setohima$Guidance.reference_monsters_area (monsters_id, area_id) VALUES (11, 3);
INSERT INTO setohima$Guidance.reference_monsters_area (monsters_id, area_id) VALUES (11, 4);
INSERT INTO setohima$Guidance.reference_monsters_area (monsters_id, area_id) VALUES (11, 5);
INSERT INTO setohima$Guidance.reference_monsters_area (monsters_id, area_id) VALUES (12, 6);
INSERT INTO setohima$Guidance.reference_monsters_area (monsters_id, area_id) VALUES (12, 7);
INSERT INTO setohima$Guidance.reference_monsters_area (monsters_id, area_id) VALUES (13, 29);
INSERT INTO setohima$Guidance.reference_monsters_area (monsters_id, area_id) VALUES (13, 30);
INSERT INTO setohima$Guidance.reference_monsters_area (monsters_id, area_id) VALUES (13, 31);
INSERT INTO setohima$Guidance.reference_monsters_area (monsters_id, area_id) VALUES (14, 32);
INSERT INTO setohima$Guidance.reference_monsters_area (monsters_id, area_id) VALUES (14, 33);
INSERT INTO setohima$Guidance.reference_monsters_area (monsters_id, area_id) VALUES (14, 34);
INSERT INTO setohima$Guidance.reference_monsters_area (monsters_id, area_id) VALUES (14, 35);
INSERT INTO setohima$Guidance.reference_monsters_area (monsters_id, area_id) VALUES (15, 30);
INSERT INTO setohima$Guidance.reference_monsters_area (monsters_id, area_id) VALUES (15, 31);
INSERT INTO setohima$Guidance.reference_monsters_area (monsters_id, area_id) VALUES (15, 32);
INSERT INTO setohima$Guidance.reference_monsters_area (monsters_id, area_id) VALUES (16, 33);
INSERT INTO setohima$Guidance.reference_monsters_area (monsters_id, area_id) VALUES (16, 34);
INSERT INTO setohima$Guidance.reference_monsters_area (monsters_id, area_id) VALUES (16, 35);
INSERT INTO setohima$Guidance.reference_monsters_area (monsters_id, area_id) VALUES (17, 18);
INSERT INTO setohima$Guidance.reference_monsters_area (monsters_id, area_id) VALUES (17, 19);
INSERT INTO setohima$Guidance.reference_monsters_area (monsters_id, area_id) VALUES (17, 23);
INSERT INTO setohima$Guidance.reference_monsters_area (monsters_id, area_id) VALUES (17, 24);
INSERT INTO setohima$Guidance.reference_monsters_area (monsters_id, area_id) VALUES (17, 25);
INSERT INTO setohima$Guidance.reference_monsters_area (monsters_id, area_id) VALUES (18, 20);
INSERT INTO setohima$Guidance.reference_monsters_area (monsters_id, area_id) VALUES (18, 21);
INSERT INTO setohima$Guidance.reference_monsters_area (monsters_id, area_id) VALUES (18, 26);
INSERT INTO setohima$Guidance.reference_monsters_area (monsters_id, area_id) VALUES (18, 27);
INSERT INTO setohima$Guidance.reference_monsters_area (monsters_id, area_id) VALUES (19, 3);
INSERT INTO setohima$Guidance.reference_monsters_area (monsters_id, area_id) VALUES (19, 4);
INSERT INTO setohima$Guidance.reference_monsters_area (monsters_id, area_id) VALUES (19, 5);
INSERT INTO setohima$Guidance.reference_monsters_area (monsters_id, area_id) VALUES (19, 10);
INSERT INTO setohima$Guidance.reference_monsters_area (monsters_id, area_id) VALUES (19, 11);
INSERT INTO setohima$Guidance.reference_monsters_area (monsters_id, area_id) VALUES (19, 12);
INSERT INTO setohima$Guidance.reference_monsters_area (monsters_id, area_id) VALUES (19, 17);
INSERT INTO setohima$Guidance.reference_monsters_area (monsters_id, area_id) VALUES (19, 18);
INSERT INTO setohima$Guidance.reference_monsters_area (monsters_id, area_id) VALUES (19, 19);
INSERT INTO setohima$Guidance.reference_monsters_area (monsters_id, area_id) VALUES (19, 24);
INSERT INTO setohima$Guidance.reference_monsters_area (monsters_id, area_id) VALUES (19, 25);
INSERT INTO setohima$Guidance.reference_monsters_area (monsters_id, area_id) VALUES (19, 26);
INSERT INTO setohima$Guidance.reference_monsters_area (monsters_id, area_id) VALUES (19, 31);
INSERT INTO setohima$Guidance.reference_monsters_area (monsters_id, area_id) VALUES (19, 32);
INSERT INTO setohima$Guidance.reference_monsters_area (monsters_id, area_id) VALUES (19, 33);
INSERT INTO setohima$Guidance.reference_monsters_area (monsters_id, area_id) VALUES (19, 38);
INSERT INTO setohima$Guidance.reference_monsters_area (monsters_id, area_id) VALUES (19, 39);
INSERT INTO setohima$Guidance.reference_monsters_area (monsters_id, area_id) VALUES (19, 40);
INSERT INTO setohima$Guidance.reference_monsters_area (monsters_id, area_id) VALUES (20, 6);
INSERT INTO setohima$Guidance.reference_monsters_area (monsters_id, area_id) VALUES (20, 7);
INSERT INTO setohima$Guidance.reference_monsters_area (monsters_id, area_id) VALUES (20, 13);
INSERT INTO setohima$Guidance.reference_monsters_area (monsters_id, area_id) VALUES (20, 14);
INSERT INTO setohima$Guidance.reference_monsters_area (monsters_id, area_id) VALUES (20, 20);
INSERT INTO setohima$Guidance.reference_monsters_area (monsters_id, area_id) VALUES (20, 21);
INSERT INTO setohima$Guidance.reference_monsters_area (monsters_id, area_id) VALUES (20, 27);
INSERT INTO setohima$Guidance.reference_monsters_area (monsters_id, area_id) VALUES (20, 28);
INSERT INTO setohima$Guidance.reference_monsters_area (monsters_id, area_id) VALUES (20, 34);
INSERT INTO setohima$Guidance.reference_monsters_area (monsters_id, area_id) VALUES (20, 35);
INSERT INTO setohima$Guidance.reference_monsters_area (monsters_id, area_id) VALUES (20, 41);
INSERT INTO setohima$Guidance.reference_monsters_area (monsters_id, area_id) VALUES (20, 42);
INSERT INTO setohima$Guidance.reference_monsters_area (monsters_id, area_id) VALUES (21, 19);
INSERT INTO setohima$Guidance.reference_monsters_area (monsters_id, area_id) VALUES (21, 20);
INSERT INTO setohima$Guidance.reference_monsters_area (monsters_id, area_id) VALUES (22, 21);
INSERT INTO setohima$Guidance.reference_monsters_area (monsters_id, area_id) VALUES (23, 5);
INSERT INTO setohima$Guidance.reference_monsters_area (monsters_id, area_id) VALUES (23, 6);
INSERT INTO setohima$Guidance.reference_monsters_area (monsters_id, area_id) VALUES (23, 33);
INSERT INTO setohima$Guidance.reference_monsters_area (monsters_id, area_id) VALUES (23, 34);
INSERT INTO setohima$Guidance.reference_monsters_area (monsters_id, area_id) VALUES (24, 7);
INSERT INTO setohima$Guidance.reference_monsters_area (monsters_id, area_id) VALUES (24, 35);
INSERT INTO setohima$Guidance.reference_monsters_area (monsters_id, area_id) VALUES (25, 8);
INSERT INTO setohima$Guidance.reference_monsters_area (monsters_id, area_id) VALUES (25, 9);
INSERT INTO setohima$Guidance.reference_monsters_area (monsters_id, area_id) VALUES (25, 10);
INSERT INTO setohima$Guidance.reference_monsters_area (monsters_id, area_id) VALUES (25, 11);
INSERT INTO setohima$Guidance.reference_monsters_area (monsters_id, area_id) VALUES (25, 12);
INSERT INTO setohima$Guidance.reference_monsters_area (monsters_id, area_id) VALUES (25, 13);
INSERT INTO setohima$Guidance.reference_monsters_area (monsters_id, area_id) VALUES (25, 14);
INSERT INTO setohima$Guidance.reference_monsters_area (monsters_id, area_id) VALUES (26, 32);
INSERT INTO setohima$Guidance.reference_monsters_area (monsters_id, area_id) VALUES (26, 33);
INSERT INTO setohima$Guidance.reference_monsters_area (monsters_id, area_id) VALUES (26, 34);
INSERT INTO setohima$Guidance.reference_monsters_area (monsters_id, area_id) VALUES (27, 35);
INSERT INTO setohima$Guidance.reference_monsters_area (monsters_id, area_id) VALUES (28, 5);
INSERT INTO setohima$Guidance.reference_monsters_area (monsters_id, area_id) VALUES (28, 6);
INSERT INTO setohima$Guidance.reference_monsters_area (monsters_id, area_id) VALUES (28, 12);
INSERT INTO setohima$Guidance.reference_monsters_area (monsters_id, area_id) VALUES (28, 13);
INSERT INTO setohima$Guidance.reference_monsters_area (monsters_id, area_id) VALUES (28, 19);
INSERT INTO setohima$Guidance.reference_monsters_area (monsters_id, area_id) VALUES (28, 20);
INSERT INTO setohima$Guidance.reference_monsters_area (monsters_id, area_id) VALUES (28, 26);
INSERT INTO setohima$Guidance.reference_monsters_area (monsters_id, area_id) VALUES (28, 27);
INSERT INTO setohima$Guidance.reference_monsters_area (monsters_id, area_id) VALUES (28, 33);
INSERT INTO setohima$Guidance.reference_monsters_area (monsters_id, area_id) VALUES (28, 34);
INSERT INTO setohima$Guidance.reference_monsters_area (monsters_id, area_id) VALUES (28, 40);
INSERT INTO setohima$Guidance.reference_monsters_area (monsters_id, area_id) VALUES (28, 41);
INSERT INTO setohima$Guidance.reference_monsters_area (monsters_id, area_id) VALUES (29, 7);
INSERT INTO setohima$Guidance.reference_monsters_area (monsters_id, area_id) VALUES (29, 14);
INSERT INTO setohima$Guidance.reference_monsters_area (monsters_id, area_id) VALUES (29, 21);
INSERT INTO setohima$Guidance.reference_monsters_area (monsters_id, area_id) VALUES (29, 28);
INSERT INTO setohima$Guidance.reference_monsters_area (monsters_id, area_id) VALUES (29, 35);
INSERT INTO setohima$Guidance.reference_monsters_area (monsters_id, area_id) VALUES (29, 42);
INSERT INTO setohima$Guidance.reference_monsters_area (monsters_id, area_id) VALUES (30, 26);
INSERT INTO setohima$Guidance.reference_monsters_area (monsters_id, area_id) VALUES (30, 27);
INSERT INTO setohima$Guidance.reference_monsters_area (monsters_id, area_id) VALUES (31, 28);
INSERT INTO setohima$Guidance.reference_monsters_area (monsters_id, area_id) VALUES (32, 2);
INSERT INTO setohima$Guidance.reference_monsters_area (monsters_id, area_id) VALUES (32, 3);
INSERT INTO setohima$Guidance.reference_monsters_area (monsters_id, area_id) VALUES (32, 4);
INSERT INTO setohima$Guidance.reference_monsters_area (monsters_id, area_id) VALUES (32, 5);
INSERT INTO setohima$Guidance.reference_monsters_area (monsters_id, area_id) VALUES (32, 17);
INSERT INTO setohima$Guidance.reference_monsters_area (monsters_id, area_id) VALUES (32, 18);
INSERT INTO setohima$Guidance.reference_monsters_area (monsters_id, area_id) VALUES (32, 19);
INSERT INTO setohima$Guidance.reference_monsters_area (monsters_id, area_id) VALUES (33, 6);
INSERT INTO setohima$Guidance.reference_monsters_area (monsters_id, area_id) VALUES (33, 7);
INSERT INTO setohima$Guidance.reference_monsters_area (monsters_id, area_id) VALUES (33, 20);
INSERT INTO setohima$Guidance.reference_monsters_area (monsters_id, area_id) VALUES (33, 21);
INSERT INTO setohima$Guidance.reference_monsters_area (monsters_id, area_id) VALUES (34, 38);
INSERT INTO setohima$Guidance.reference_monsters_area (monsters_id, area_id) VALUES (34, 39);
INSERT INTO setohima$Guidance.reference_monsters_area (monsters_id, area_id) VALUES (34, 40);
INSERT INTO setohima$Guidance.reference_monsters_area (monsters_id, area_id) VALUES (34, 41);
INSERT INTO setohima$Guidance.reference_monsters_area (monsters_id, area_id) VALUES (35, 42);
INSERT INTO setohima$Guidance.reference_monsters_area (monsters_id, area_id) VALUES (36, 15);
INSERT INTO setohima$Guidance.reference_monsters_area (monsters_id, area_id) VALUES (36, 16);
INSERT INTO setohima$Guidance.reference_monsters_area (monsters_id, area_id) VALUES (36, 17);
INSERT INTO setohima$Guidance.reference_monsters_area (monsters_id, area_id) VALUES (36, 18);
INSERT INTO setohima$Guidance.reference_monsters_area (monsters_id, area_id) VALUES (36, 19);
INSERT INTO setohima$Guidance.reference_monsters_area (monsters_id, area_id) VALUES (36, 20);
INSERT INTO setohima$Guidance.reference_monsters_area (monsters_id, area_id) VALUES (36, 21);
INSERT INTO setohima$Guidance.reference_monsters_area (monsters_id, area_id) VALUES (37, 9);
INSERT INTO setohima$Guidance.reference_monsters_area (monsters_id, area_id) VALUES (39, 12);
INSERT INTO setohima$Guidance.reference_monsters_area (monsters_id, area_id) VALUES (39, 11);
INSERT INTO setohima$Guidance.reference_monsters_area (monsters_id, area_id) VALUES (39, 10);
INSERT INTO setohima$Guidance.reference_monsters_area (monsters_id, area_id) VALUES (40, 14);
INSERT INTO setohima$Guidance.reference_monsters_area (monsters_id, area_id) VALUES (40, 13);
INSERT INTO setohima$Guidance.reference_monsters_area (monsters_id, area_id) VALUES (41, 23);
INSERT INTO setohima$Guidance.reference_monsters_area (monsters_id, area_id) VALUES (41, 12);
INSERT INTO setohima$Guidance.reference_monsters_area (monsters_id, area_id) VALUES (41, 11);
INSERT INTO setohima$Guidance.reference_monsters_area (monsters_id, area_id) VALUES (41, 10);
INSERT INTO setohima$Guidance.reference_monsters_area (monsters_id, area_id) VALUES (44, 28);
INSERT INTO setohima$Guidance.reference_monsters_area (monsters_id, area_id) VALUES (45, 3);
INSERT INTO setohima$Guidance.reference_monsters_area (monsters_id, area_id) VALUES (45, 4);
INSERT INTO setohima$Guidance.reference_monsters_area (monsters_id, area_id) VALUES (45, 5);
INSERT INTO setohima$Guidance.reference_monsters_area (monsters_id, area_id) VALUES (45, 9);
INSERT INTO setohima$Guidance.reference_monsters_area (monsters_id, area_id) VALUES (45, 10);
INSERT INTO setohima$Guidance.reference_monsters_area (monsters_id, area_id) VALUES (45, 11);
INSERT INTO setohima$Guidance.reference_monsters_area (monsters_id, area_id) VALUES (45, 12);
INSERT INTO setohima$Guidance.reference_monsters_area (monsters_id, area_id) VALUES (45, 31);
INSERT INTO setohima$Guidance.reference_monsters_area (monsters_id, area_id) VALUES (45, 32);
INSERT INTO setohima$Guidance.reference_monsters_area (monsters_id, area_id) VALUES (45, 33);
INSERT INTO setohima$Guidance.reference_monsters_area (monsters_id, area_id) VALUES (46, 6);
INSERT INTO setohima$Guidance.reference_monsters_area (monsters_id, area_id) VALUES (46, 7);
INSERT INTO setohima$Guidance.reference_monsters_area (monsters_id, area_id) VALUES (46, 13);
INSERT INTO setohima$Guidance.reference_monsters_area (monsters_id, area_id) VALUES (46, 14);
INSERT INTO setohima$Guidance.reference_monsters_area (monsters_id, area_id) VALUES (46, 34);
INSERT INTO setohima$Guidance.reference_monsters_area (monsters_id, area_id) VALUES (46, 35);
INSERT INTO setohima$Guidance.reference_monsters_area (monsters_id, area_id) VALUES (47, 24);
INSERT INTO setohima$Guidance.reference_monsters_area (monsters_id, area_id) VALUES (47, 25);
INSERT INTO setohima$Guidance.reference_monsters_area (monsters_id, area_id) VALUES (47, 26);
INSERT INTO setohima$Guidance.reference_monsters_area (monsters_id, area_id) VALUES (48, 27);
INSERT INTO setohima$Guidance.reference_monsters_area (monsters_id, area_id) VALUES (48, 28);
INSERT INTO setohima$Guidance.reference_monsters_area (monsters_id, area_id) VALUES (49, 12);
INSERT INTO setohima$Guidance.reference_monsters_area (monsters_id, area_id) VALUES (49, 13);
INSERT INTO setohima$Guidance.reference_monsters_area (monsters_id, area_id) VALUES (49, 33);
INSERT INTO setohima$Guidance.reference_monsters_area (monsters_id, area_id) VALUES (49, 34);
INSERT INTO setohima$Guidance.reference_monsters_area (monsters_id, area_id) VALUES (50, 14);
INSERT INTO setohima$Guidance.reference_monsters_area (monsters_id, area_id) VALUES (50, 35);
INSERT INTO setohima$Guidance.reference_monsters_area (monsters_id, area_id) VALUES (51, 22);
INSERT INTO setohima$Guidance.reference_monsters_area (monsters_id, area_id) VALUES (51, 23);
INSERT INTO setohima$Guidance.reference_monsters_area (monsters_id, area_id) VALUES (51, 24);
INSERT INTO setohima$Guidance.reference_monsters_area (monsters_id, area_id) VALUES (51, 25);
INSERT INTO setohima$Guidance.reference_monsters_area (monsters_id, area_id) VALUES (51, 26);
INSERT INTO setohima$Guidance.reference_monsters_area (monsters_id, area_id) VALUES (51, 27);
INSERT INTO setohima$Guidance.reference_monsters_area (monsters_id, area_id) VALUES (51, 28);
INSERT INTO setohima$Guidance.reference_monsters_area (monsters_id, area_id) VALUES (52, 1);
INSERT INTO setohima$Guidance.reference_monsters_area (monsters_id, area_id) VALUES (52, 2);
INSERT INTO setohima$Guidance.reference_monsters_area (monsters_id, area_id) VALUES (52, 3);
INSERT INTO setohima$Guidance.reference_monsters_area (monsters_id, area_id) VALUES (52, 4);
INSERT INTO setohima$Guidance.reference_monsters_area (monsters_id, area_id) VALUES (52, 5);
INSERT INTO setohima$Guidance.reference_monsters_area (monsters_id, area_id) VALUES (52, 6);
INSERT INTO setohima$Guidance.reference_monsters_area (monsters_id, area_id) VALUES (52, 7);
INSERT INTO setohima$Guidance.reference_monsters_area (monsters_id, area_id) VALUES (53, 29);
INSERT INTO setohima$Guidance.reference_monsters_area (monsters_id, area_id) VALUES (53, 30);
INSERT INTO setohima$Guidance.reference_monsters_area (monsters_id, area_id) VALUES (53, 31);
INSERT INTO setohima$Guidance.reference_monsters_area (monsters_id, area_id) VALUES (53, 32);
INSERT INTO setohima$Guidance.reference_monsters_area (monsters_id, area_id) VALUES (53, 33);
INSERT INTO setohima$Guidance.reference_monsters_area (monsters_id, area_id) VALUES (53, 34);
INSERT INTO setohima$Guidance.reference_monsters_area (monsters_id, area_id) VALUES (53, 35);
INSERT INTO setohima$Guidance.reference_monsters_area (monsters_id, area_id) VALUES (54, 1);
INSERT INTO setohima$Guidance.reference_monsters_area (monsters_id, area_id) VALUES (54, 2);
INSERT INTO setohima$Guidance.reference_monsters_area (monsters_id, area_id) VALUES (54, 3);
INSERT INTO setohima$Guidance.reference_monsters_area (monsters_id, area_id) VALUES (55, 4);
INSERT INTO setohima$Guidance.reference_monsters_area (monsters_id, area_id) VALUES (55, 5);
INSERT INTO setohima$Guidance.reference_monsters_area (monsters_id, area_id) VALUES (55, 6);
INSERT INTO setohima$Guidance.reference_monsters_area (monsters_id, area_id) VALUES (55, 7);
INSERT INTO setohima$Guidance.reference_monsters_area (monsters_id, area_id) VALUES (56, 36);
INSERT INTO setohima$Guidance.reference_monsters_area (monsters_id, area_id) VALUES (56, 37);
INSERT INTO setohima$Guidance.reference_monsters_area (monsters_id, area_id) VALUES (56, 38);
INSERT INTO setohima$Guidance.reference_monsters_area (monsters_id, area_id) VALUES (56, 39);
INSERT INTO setohima$Guidance.reference_monsters_area (monsters_id, area_id) VALUES (57, 40);
INSERT INTO setohima$Guidance.reference_monsters_area (monsters_id, area_id) VALUES (57, 41);
INSERT INTO setohima$Guidance.reference_monsters_area (monsters_id, area_id) VALUES (57, 42);
INSERT INTO setohima$Guidance.reference_monsters_area (monsters_id, area_id) VALUES (58, 12);
INSERT INTO setohima$Guidance.reference_monsters_area (monsters_id, area_id) VALUES (58, 13);
INSERT INTO setohima$Guidance.reference_monsters_area (monsters_id, area_id) VALUES (58, 33);
INSERT INTO setohima$Guidance.reference_monsters_area (monsters_id, area_id) VALUES (58, 34);
INSERT INTO setohima$Guidance.reference_monsters_area (monsters_id, area_id) VALUES (59, 14);
INSERT INTO setohima$Guidance.reference_monsters_area (monsters_id, area_id) VALUES (59, 35);
INSERT INTO setohima$Guidance.reference_monsters_area (monsters_id, area_id) VALUES (60, 2);
INSERT INTO setohima$Guidance.reference_monsters_area (monsters_id, area_id) VALUES (60, 3);
INSERT INTO setohima$Guidance.reference_monsters_area (monsters_id, area_id) VALUES (60, 4);
INSERT INTO setohima$Guidance.reference_monsters_area (monsters_id, area_id) VALUES (60, 5);
INSERT INTO setohima$Guidance.reference_monsters_area (monsters_id, area_id) VALUES (60, 17);
INSERT INTO setohima$Guidance.reference_monsters_area (monsters_id, area_id) VALUES (60, 18);
INSERT INTO setohima$Guidance.reference_monsters_area (monsters_id, area_id) VALUES (60, 19);
INSERT INTO setohima$Guidance.reference_monsters_area (monsters_id, area_id) VALUES (61, 6);
INSERT INTO setohima$Guidance.reference_monsters_area (monsters_id, area_id) VALUES (61, 7);
INSERT INTO setohima$Guidance.reference_monsters_area (monsters_id, area_id) VALUES (61, 20);
INSERT INTO setohima$Guidance.reference_monsters_area (monsters_id, area_id) VALUES (61, 21);
INSERT INTO setohima$Guidance.reference_monsters_area (monsters_id, area_id) VALUES (62, 19);
INSERT INTO setohima$Guidance.reference_monsters_area (monsters_id, area_id) VALUES (62, 20);
INSERT INTO setohima$Guidance.reference_monsters_area (monsters_id, area_id) VALUES (63, 21);
INSERT INTO setohima$Guidance.reference_monsters_area (monsters_id, area_id) VALUES (66, 2);
INSERT INTO setohima$Guidance.reference_monsters_area (monsters_id, area_id) VALUES (66, 3);
INSERT INTO setohima$Guidance.reference_monsters_area (monsters_id, area_id) VALUES (66, 4);
INSERT INTO setohima$Guidance.reference_monsters_area (monsters_id, area_id) VALUES (66, 8);
INSERT INTO setohima$Guidance.reference_monsters_area (monsters_id, area_id) VALUES (66, 9);
INSERT INTO setohima$Guidance.reference_monsters_area (monsters_id, area_id) VALUES (66, 10);
INSERT INTO setohima$Guidance.reference_monsters_area (monsters_id, area_id) VALUES (66, 11);
INSERT INTO setohima$Guidance.reference_monsters_area (monsters_id, area_id) VALUES (67, 5);
INSERT INTO setohima$Guidance.reference_monsters_area (monsters_id, area_id) VALUES (67, 6);
INSERT INTO setohima$Guidance.reference_monsters_area (monsters_id, area_id) VALUES (67, 7);
INSERT INTO setohima$Guidance.reference_monsters_area (monsters_id, area_id) VALUES (67, 12);
INSERT INTO setohima$Guidance.reference_monsters_area (monsters_id, area_id) VALUES (67, 13);
INSERT INTO setohima$Guidance.reference_monsters_area (monsters_id, area_id) VALUES (67, 14);
INSERT INTO setohima$Guidance.reference_monsters_area (monsters_id, area_id) VALUES (68, 2);
INSERT INTO setohima$Guidance.reference_monsters_area (monsters_id, area_id) VALUES (68, 3);
INSERT INTO setohima$Guidance.reference_monsters_area (monsters_id, area_id) VALUES (68, 9);
INSERT INTO setohima$Guidance.reference_monsters_area (monsters_id, area_id) VALUES (68, 10);
INSERT INTO setohima$Guidance.reference_monsters_area (monsters_id, area_id) VALUES (68, 15);
INSERT INTO setohima$Guidance.reference_monsters_area (monsters_id, area_id) VALUES (68, 16);
INSERT INTO setohima$Guidance.reference_monsters_area (monsters_id, area_id) VALUES (68, 17);
INSERT INTO setohima$Guidance.reference_monsters_area (monsters_id, area_id) VALUES (68, 22);
INSERT INTO setohima$Guidance.reference_monsters_area (monsters_id, area_id) VALUES (68, 23);
INSERT INTO setohima$Guidance.reference_monsters_area (monsters_id, area_id) VALUES (68, 24);
INSERT INTO setohima$Guidance.reference_monsters_area (monsters_id, area_id) VALUES (68, 29);
INSERT INTO setohima$Guidance.reference_monsters_area (monsters_id, area_id) VALUES (68, 30);
INSERT INTO setohima$Guidance.reference_monsters_area (monsters_id, area_id) VALUES (68, 31);
INSERT INTO setohima$Guidance.reference_monsters_area (monsters_id, area_id) VALUES (68, 36);
INSERT INTO setohima$Guidance.reference_monsters_area (monsters_id, area_id) VALUES (68, 37);
INSERT INTO setohima$Guidance.reference_monsters_area (monsters_id, area_id) VALUES (68, 38);
INSERT INTO setohima$Guidance.reference_monsters_area (monsters_id, area_id) VALUES (69, 4);
INSERT INTO setohima$Guidance.reference_monsters_area (monsters_id, area_id) VALUES (69, 5);
INSERT INTO setohima$Guidance.reference_monsters_area (monsters_id, area_id) VALUES (69, 6);
INSERT INTO setohima$Guidance.reference_monsters_area (monsters_id, area_id) VALUES (69, 7);
INSERT INTO setohima$Guidance.reference_monsters_area (monsters_id, area_id) VALUES (69, 11);
INSERT INTO setohima$Guidance.reference_monsters_area (monsters_id, area_id) VALUES (69, 12);
INSERT INTO setohima$Guidance.reference_monsters_area (monsters_id, area_id) VALUES (69, 13);
INSERT INTO setohima$Guidance.reference_monsters_area (monsters_id, area_id) VALUES (69, 14);
INSERT INTO setohima$Guidance.reference_monsters_area (monsters_id, area_id) VALUES (69, 18);
INSERT INTO setohima$Guidance.reference_monsters_area (monsters_id, area_id) VALUES (69, 19);
INSERT INTO setohima$Guidance.reference_monsters_area (monsters_id, area_id) VALUES (69, 20);
INSERT INTO setohima$Guidance.reference_monsters_area (monsters_id, area_id) VALUES (69, 21);
INSERT INTO setohima$Guidance.reference_monsters_area (monsters_id, area_id) VALUES (69, 25);
INSERT INTO setohima$Guidance.reference_monsters_area (monsters_id, area_id) VALUES (69, 26);
INSERT INTO setohima$Guidance.reference_monsters_area (monsters_id, area_id) VALUES (69, 27);
INSERT INTO setohima$Guidance.reference_monsters_area (monsters_id, area_id) VALUES (69, 28);
INSERT INTO setohima$Guidance.reference_monsters_area (monsters_id, area_id) VALUES (69, 32);
INSERT INTO setohima$Guidance.reference_monsters_area (monsters_id, area_id) VALUES (69, 33);
INSERT INTO setohima$Guidance.reference_monsters_area (monsters_id, area_id) VALUES (69, 34);
INSERT INTO setohima$Guidance.reference_monsters_area (monsters_id, area_id) VALUES (69, 35);
INSERT INTO setohima$Guidance.reference_monsters_area (monsters_id, area_id) VALUES (69, 39);
INSERT INTO setohima$Guidance.reference_monsters_area (monsters_id, area_id) VALUES (69, 40);
INSERT INTO setohima$Guidance.reference_monsters_area (monsters_id, area_id) VALUES (69, 41);
INSERT INTO setohima$Guidance.reference_monsters_area (monsters_id, area_id) VALUES (69, 42);
INSERT INTO setohima$Guidance.reference_monsters_area (monsters_id, area_id) VALUES (70, 1);
INSERT INTO setohima$Guidance.reference_monsters_area (monsters_id, area_id) VALUES (70, 2);
INSERT INTO setohima$Guidance.reference_monsters_area (monsters_id, area_id) VALUES (70, 3);
INSERT INTO setohima$Guidance.reference_monsters_area (monsters_id, area_id) VALUES (70, 8);
INSERT INTO setohima$Guidance.reference_monsters_area (monsters_id, area_id) VALUES (70, 9);
INSERT INTO setohima$Guidance.reference_monsters_area (monsters_id, area_id) VALUES (70, 10);
INSERT INTO setohima$Guidance.reference_monsters_area (monsters_id, area_id) VALUES (71, 4);
INSERT INTO setohima$Guidance.reference_monsters_area (monsters_id, area_id) VALUES (71, 5);
INSERT INTO setohima$Guidance.reference_monsters_area (monsters_id, area_id) VALUES (71, 6);
INSERT INTO setohima$Guidance.reference_monsters_area (monsters_id, area_id) VALUES (71, 7);
INSERT INTO setohima$Guidance.reference_monsters_area (monsters_id, area_id) VALUES (71, 11);
INSERT INTO setohima$Guidance.reference_monsters_area (monsters_id, area_id) VALUES (71, 12);
INSERT INTO setohima$Guidance.reference_monsters_area (monsters_id, area_id) VALUES (71, 13);
INSERT INTO setohima$Guidance.reference_monsters_area (monsters_id, area_id) VALUES (71, 14);
INSERT INTO setohima$Guidance.reference_monsters_area (monsters_id, area_id) VALUES (72, 15);
INSERT INTO setohima$Guidance.reference_monsters_area (monsters_id, area_id) VALUES (72, 16);
INSERT INTO setohima$Guidance.reference_monsters_area (monsters_id, area_id) VALUES (72, 17);
INSERT INTO setohima$Guidance.reference_monsters_area (monsters_id, area_id) VALUES (72, 18);
INSERT INTO setohima$Guidance.reference_monsters_area (monsters_id, area_id) VALUES (73, 19);
INSERT INTO setohima$Guidance.reference_monsters_area (monsters_id, area_id) VALUES (73, 20);
INSERT INTO setohima$Guidance.reference_monsters_area (monsters_id, area_id) VALUES (73, 21);
INSERT INTO setohima$Guidance.reference_monsters_area (monsters_id, area_id) VALUES (74, 30);
INSERT INTO setohima$Guidance.reference_monsters_area (monsters_id, area_id) VALUES (74, 31);
INSERT INTO setohima$Guidance.reference_monsters_area (monsters_id, area_id) VALUES (74, 32);
INSERT INTO setohima$Guidance.reference_monsters_area (monsters_id, area_id) VALUES (75, 33);
INSERT INTO setohima$Guidance.reference_monsters_area (monsters_id, area_id) VALUES (75, 34);
INSERT INTO setohima$Guidance.reference_monsters_area (monsters_id, area_id) VALUES (75, 35);
INSERT INTO setohima$Guidance.reference_monsters_area (monsters_id, area_id) VALUES (76, 37);
INSERT INTO setohima$Guidance.reference_monsters_area (monsters_id, area_id) VALUES (76, 38);
INSERT INTO setohima$Guidance.reference_monsters_area (monsters_id, area_id) VALUES (76, 39);
INSERT INTO setohima$Guidance.reference_monsters_area (monsters_id, area_id) VALUES (76, 40);
INSERT INTO setohima$Guidance.reference_monsters_area (monsters_id, area_id) VALUES (77, 41);
INSERT INTO setohima$Guidance.reference_monsters_area (monsters_id, area_id) VALUES (77, 42);
INSERT INTO setohima$Guidance.reference_monsters_area (monsters_id, area_id) VALUES (78, 8);
INSERT INTO setohima$Guidance.reference_monsters_area (monsters_id, area_id) VALUES (78, 9);
INSERT INTO setohima$Guidance.reference_monsters_area (monsters_id, area_id) VALUES (78, 10);
INSERT INTO setohima$Guidance.reference_monsters_area (monsters_id, area_id) VALUES (79, 11);
INSERT INTO setohima$Guidance.reference_monsters_area (monsters_id, area_id) VALUES (79, 12);
INSERT INTO setohima$Guidance.reference_monsters_area (monsters_id, area_id) VALUES (79, 13);
INSERT INTO setohima$Guidance.reference_monsters_area (monsters_id, area_id) VALUES (79, 14);
INSERT INTO setohima$Guidance.reference_monsters_area (monsters_id, area_id) VALUES (80, 4);
INSERT INTO setohima$Guidance.reference_monsters_area (monsters_id, area_id) VALUES (80, 5);
INSERT INTO setohima$Guidance.reference_monsters_area (monsters_id, area_id) VALUES (80, 6);
INSERT INTO setohima$Guidance.reference_monsters_area (monsters_id, area_id) VALUES (80, 7);
INSERT INTO setohima$Guidance.reference_monsters_area (monsters_id, area_id) VALUES (80, 11);
INSERT INTO setohima$Guidance.reference_monsters_area (monsters_id, area_id) VALUES (80, 12);
INSERT INTO setohima$Guidance.reference_monsters_area (monsters_id, area_id) VALUES (80, 13);
INSERT INTO setohima$Guidance.reference_monsters_area (monsters_id, area_id) VALUES (80, 14);
INSERT INTO setohima$Guidance.reference_monsters_area (monsters_id, area_id) VALUES (80, 18);
INSERT INTO setohima$Guidance.reference_monsters_area (monsters_id, area_id) VALUES (80, 19);
INSERT INTO setohima$Guidance.reference_monsters_area (monsters_id, area_id) VALUES (80, 20);
INSERT INTO setohima$Guidance.reference_monsters_area (monsters_id, area_id) VALUES (80, 21);
INSERT INTO setohima$Guidance.reference_monsters_area (monsters_id, area_id) VALUES (80, 25);
INSERT INTO setohima$Guidance.reference_monsters_area (monsters_id, area_id) VALUES (80, 26);
INSERT INTO setohima$Guidance.reference_monsters_area (monsters_id, area_id) VALUES (80, 27);
INSERT INTO setohima$Guidance.reference_monsters_area (monsters_id, area_id) VALUES (80, 28);
INSERT INTO setohima$Guidance.reference_monsters_area (monsters_id, area_id) VALUES (80, 31);
INSERT INTO setohima$Guidance.reference_monsters_area (monsters_id, area_id) VALUES (80, 32);
INSERT INTO setohima$Guidance.reference_monsters_area (monsters_id, area_id) VALUES (80, 33);
INSERT INTO setohima$Guidance.reference_monsters_area (monsters_id, area_id) VALUES (80, 34);
INSERT INTO setohima$Guidance.reference_monsters_area (monsters_id, area_id) VALUES (80, 39);
INSERT INTO setohima$Guidance.reference_monsters_area (monsters_id, area_id) VALUES (80, 40);
INSERT INTO setohima$Guidance.reference_monsters_area (monsters_id, area_id) VALUES (80, 41);
INSERT INTO setohima$Guidance.reference_monsters_area (monsters_id, area_id) VALUES (80, 42);
INSERT INTO setohima$Guidance.reference_monsters_area (monsters_id, area_id) VALUES (81, 35);
INSERT INTO setohima$Guidance.reference_monsters_area (monsters_id, area_id) VALUES (82, 22);
INSERT INTO setohima$Guidance.reference_monsters_area (monsters_id, area_id) VALUES (82, 23);
INSERT INTO setohima$Guidance.reference_monsters_area (monsters_id, area_id) VALUES (82, 24);
INSERT INTO setohima$Guidance.reference_monsters_area (monsters_id, area_id) VALUES (83, 25);
INSERT INTO setohima$Guidance.reference_monsters_area (monsters_id, area_id) VALUES (83, 26);
INSERT INTO setohima$Guidance.reference_monsters_area (monsters_id, area_id) VALUES (42, 42);
INSERT INTO setohima$Guidance.reference_monsters_area (monsters_id, area_id) VALUES (42, 41);
INSERT INTO setohima$Guidance.reference_monsters_area (monsters_id, area_id) VALUES (42, 35);
INSERT INTO setohima$Guidance.reference_monsters_area (monsters_id, area_id) VALUES (42, 34);
INSERT INTO setohima$Guidance.reference_monsters_area (monsters_id, area_id) VALUES (42, 28);
INSERT INTO setohima$Guidance.reference_monsters_area (monsters_id, area_id) VALUES (42, 27);
INSERT INTO setohima$Guidance.reference_monsters_area (monsters_id, area_id) VALUES (42, 14);
INSERT INTO setohima$Guidance.reference_monsters_area (monsters_id, area_id) VALUES (42, 13);
INSERT INTO setohima$Guidance.reference_monsters_area (monsters_id, area_id) VALUES (43, 27);
INSERT INTO setohima$Guidance.reference_monsters_area (monsters_id, area_id) VALUES (83, 27);
INSERT INTO setohima$Guidance.reference_monsters_area (monsters_id, area_id) VALUES (83, 28);
INSERT INTO setohima$Guidance.reference_monsters_area (monsters_id, area_id) VALUES (84, 2);
INSERT INTO setohima$Guidance.reference_monsters_area (monsters_id, area_id) VALUES (84, 3);
INSERT INTO setohima$Guidance.reference_monsters_area (monsters_id, area_id) VALUES (84, 4);
INSERT INTO setohima$Guidance.reference_monsters_area (monsters_id, area_id) VALUES (84, 8);
INSERT INTO setohima$Guidance.reference_monsters_area (monsters_id, area_id) VALUES (84, 9);
INSERT INTO setohima$Guidance.reference_monsters_area (monsters_id, area_id) VALUES (84, 10);
INSERT INTO setohima$Guidance.reference_monsters_area (monsters_id, area_id) VALUES (84, 11);
INSERT INTO setohima$Guidance.reference_monsters_area (monsters_id, area_id) VALUES (85, 5);
INSERT INTO setohima$Guidance.reference_monsters_area (monsters_id, area_id) VALUES (85, 6);
INSERT INTO setohima$Guidance.reference_monsters_area (monsters_id, area_id) VALUES (85, 7);
INSERT INTO setohima$Guidance.reference_monsters_area (monsters_id, area_id) VALUES (85, 12);
INSERT INTO setohima$Guidance.reference_monsters_area (monsters_id, area_id) VALUES (85, 13);
INSERT INTO setohima$Guidance.reference_monsters_area (monsters_id, area_id) VALUES (85, 14);
INSERT INTO setohima$Guidance.reference_monsters_area (monsters_id, area_id) VALUES (86, 9);
INSERT INTO setohima$Guidance.reference_monsters_area (monsters_id, area_id) VALUES (86, 10);
INSERT INTO setohima$Guidance.reference_monsters_area (monsters_id, area_id) VALUES (86, 11);
INSERT INTO setohima$Guidance.reference_monsters_area (monsters_id, area_id) VALUES (86, 16);
INSERT INTO setohima$Guidance.reference_monsters_area (monsters_id, area_id) VALUES (86, 17);
INSERT INTO setohima$Guidance.reference_monsters_area (monsters_id, area_id) VALUES (86, 18);
INSERT INTO setohima$Guidance.reference_monsters_area (monsters_id, area_id) VALUES (87, 12);
INSERT INTO setohima$Guidance.reference_monsters_area (monsters_id, area_id) VALUES (87, 13);
INSERT INTO setohima$Guidance.reference_monsters_area (monsters_id, area_id) VALUES (87, 14);
INSERT INTO setohima$Guidance.reference_monsters_area (monsters_id, area_id) VALUES (87, 19);
INSERT INTO setohima$Guidance.reference_monsters_area (monsters_id, area_id) VALUES (87, 20);
INSERT INTO setohima$Guidance.reference_monsters_area (monsters_id, area_id) VALUES (87, 21);
INSERT INTO setohima$Guidance.reference_monsters_area (monsters_id, area_id) VALUES (88, 13);
INSERT INTO setohima$Guidance.reference_monsters_area (monsters_id, area_id) VALUES (88, 34);
INSERT INTO setohima$Guidance.reference_monsters_area (monsters_id, area_id) VALUES (88, 35);
INSERT INTO setohima$Guidance.reference_monsters_area (monsters_id, area_id) VALUES (89, 14);
INSERT INTO setohima$Guidance.reference_monsters_area (monsters_id, area_id) VALUES (90, 2);
INSERT INTO setohima$Guidance.reference_monsters_area (monsters_id, area_id) VALUES (90, 3);
INSERT INTO setohima$Guidance.reference_monsters_area (monsters_id, area_id) VALUES (90, 4);
INSERT INTO setohima$Guidance.reference_monsters_area (monsters_id, area_id) VALUES (90, 31);
INSERT INTO setohima$Guidance.reference_monsters_area (monsters_id, area_id) VALUES (90, 32);
INSERT INTO setohima$Guidance.reference_monsters_area (monsters_id, area_id) VALUES (91, 5);
INSERT INTO setohima$Guidance.reference_monsters_area (monsters_id, area_id) VALUES (91, 6);
INSERT INTO setohima$Guidance.reference_monsters_area (monsters_id, area_id) VALUES (91, 7);
INSERT INTO setohima$Guidance.reference_monsters_area (monsters_id, area_id) VALUES (91, 33);
INSERT INTO setohima$Guidance.reference_monsters_area (monsters_id, area_id) VALUES (91, 34);
INSERT INTO setohima$Guidance.reference_monsters_area (monsters_id, area_id) VALUES (91, 35);
INSERT INTO setohima$Guidance.reference_monsters_area (monsters_id, area_id) VALUES (92, 3);
INSERT INTO setohima$Guidance.reference_monsters_area (monsters_id, area_id) VALUES (92, 4);
INSERT INTO setohima$Guidance.reference_monsters_area (monsters_id, area_id) VALUES (92, 5);
INSERT INTO setohima$Guidance.reference_monsters_area (monsters_id, area_id) VALUES (92, 32);
INSERT INTO setohima$Guidance.reference_monsters_area (monsters_id, area_id) VALUES (92, 33);
INSERT INTO setohima$Guidance.reference_monsters_area (monsters_id, area_id) VALUES (93, 6);
INSERT INTO setohima$Guidance.reference_monsters_area (monsters_id, area_id) VALUES (93, 7);
INSERT INTO setohima$Guidance.reference_monsters_area (monsters_id, area_id) VALUES (93, 34);
INSERT INTO setohima$Guidance.reference_monsters_area (monsters_id, area_id) VALUES (93, 35);
INSERT INTO setohima$Guidance.reference_monsters_area (monsters_id, area_id) VALUES (94, 20);
INSERT INTO setohima$Guidance.reference_monsters_area (monsters_id, area_id) VALUES (94, 34);
INSERT INTO setohima$Guidance.reference_monsters_area (monsters_id, area_id) VALUES (94, 35);
INSERT INTO setohima$Guidance.reference_monsters_area (monsters_id, area_id) VALUES (95, 21);
INSERT INTO setohima$Guidance.reference_monsters_area (monsters_id, area_id) VALUES (96, 16);
INSERT INTO setohima$Guidance.reference_monsters_area (monsters_id, area_id) VALUES (96, 17);
INSERT INTO setohima$Guidance.reference_monsters_area (monsters_id, area_id) VALUES (96, 18);
INSERT INTO setohima$Guidance.reference_monsters_area (monsters_id, area_id) VALUES (96, 37);
INSERT INTO setohima$Guidance.reference_monsters_area (monsters_id, area_id) VALUES (96, 38);
INSERT INTO setohima$Guidance.reference_monsters_area (monsters_id, area_id) VALUES (96, 39);
INSERT INTO setohima$Guidance.reference_monsters_area (monsters_id, area_id) VALUES (97, 19);
INSERT INTO setohima$Guidance.reference_monsters_area (monsters_id, area_id) VALUES (97, 20);
INSERT INTO setohima$Guidance.reference_monsters_area (monsters_id, area_id) VALUES (97, 21);
INSERT INTO setohima$Guidance.reference_monsters_area (monsters_id, area_id) VALUES (97, 40);
INSERT INTO setohima$Guidance.reference_monsters_area (monsters_id, area_id) VALUES (97, 41);
INSERT INTO setohima$Guidance.reference_monsters_area (monsters_id, area_id) VALUES (97, 42);
INSERT INTO setohima$Guidance.reference_monsters_area (monsters_id, area_id) VALUES (65, 21);
INSERT INTO setohima$Guidance.reference_monsters_area (monsters_id, area_id) VALUES (65, 20);
INSERT INTO setohima$Guidance.reference_monsters_area (monsters_id, area_id) VALUES (65, 19);
INSERT INTO setohima$Guidance.reference_monsters_area (monsters_id, area_id) VALUES (65, 18);
INSERT INTO setohima$Guidance.reference_monsters_area (monsters_id, area_id) VALUES (64, 17);
INSERT INTO setohima$Guidance.reference_monsters_area (monsters_id, area_id) VALUES (64, 16);
INSERT INTO setohima$Guidance.reference_monsters_area (monsters_id, area_id) VALUES (64, 15);
INSERT INTO setohima$Guidance.reference_monsters_area (monsters_id, area_id) VALUES (37, 11);
INSERT INTO setohima$Guidance.reference_monsters_area (monsters_id, area_id) VALUES (37, 10);
INSERT INTO setohima$Guidance.reference_monsters_area (monsters_id, area_id) VALUES (38, 14);
INSERT INTO setohima$Guidance.reference_monsters_area (monsters_id, area_id) VALUES (38, 13);
INSERT INTO setohima$Guidance.reference_monsters_area (monsters_id, area_id) VALUES (38, 12);
INSERT INTO setohima$Guidance.reference_monsters_area (monsters_id, area_id) VALUES (41, 40);
INSERT INTO setohima$Guidance.reference_monsters_area (monsters_id, area_id) VALUES (41, 39);
INSERT INTO setohima$Guidance.reference_monsters_area (monsters_id, area_id) VALUES (41, 38);
INSERT INTO setohima$Guidance.reference_monsters_area (monsters_id, area_id) VALUES (41, 33);
INSERT INTO setohima$Guidance.reference_monsters_area (monsters_id, area_id) VALUES (41, 32);
INSERT INTO setohima$Guidance.reference_monsters_area (monsters_id, area_id) VALUES (41, 31);
INSERT INTO setohima$Guidance.reference_monsters_area (monsters_id, area_id) VALUES (41, 26);
INSERT INTO setohima$Guidance.reference_monsters_area (monsters_id, area_id) VALUES (41, 25);
INSERT INTO setohima$Guidance.reference_monsters_area (monsters_id, area_id) VALUES (41, 24);
INSERT INTO setohima$Guidance.reference_monsters_area (monsters_id, area_id) VALUES (41, 5);
INSERT INTO setohima$Guidance.reference_monsters_area (monsters_id, area_id) VALUES (41, 4);
INSERT INTO setohima$Guidance.reference_monsters_area (monsters_id, area_id) VALUES (41, 3);
INSERT INTO setohima$Guidance.reference_monsters_area (monsters_id, area_id) VALUES (42, 7);
INSERT INTO setohima$Guidance.reference_monsters_area (monsters_id, area_id) VALUES (42, 6);


--
-- Data for Name: weapons_name; Type: TABLE DATA; Schema: setohima$Guidance; Owner: -
--

INSERT INTO setohima$Guidance.weapons_name (id, name) VALUES (1, '片手剣');
INSERT INTO setohima$Guidance.weapons_name (id, name) VALUES (2, '双剣');
INSERT INTO setohima$Guidance.weapons_name (id, name) VALUES (3, '大剣');
INSERT INTO setohima$Guidance.weapons_name (id, name) VALUES (4, '太刀');
INSERT INTO setohima$Guidance.weapons_name (id, name) VALUES (5, 'ハンマー');
INSERT INTO setohima$Guidance.weapons_name (id, name) VALUES (6, '狩猟笛');
INSERT INTO setohima$Guidance.weapons_name (id, name) VALUES (7, 'ランス');
INSERT INTO setohima$Guidance.weapons_name (id, name) VALUES (8, 'ガンランス');
INSERT INTO setohima$Guidance.weapons_name (id, name) VALUES (9, 'スラッシュアックス');
INSERT INTO setohima$Guidance.weapons_name (id, name) VALUES (10, 'チャージアックス');
INSERT INTO setohima$Guidance.weapons_name (id, name) VALUES (11, '操虫棍');
INSERT INTO setohima$Guidance.weapons_name (id, name) VALUES (12, '弓');
INSERT INTO setohima$Guidance.weapons_name (id, name) VALUES (13, 'ライトボウガン');
INSERT INTO setohima$Guidance.weapons_name (id, name) VALUES (14, 'ヘビィボウガン');


--
-- Data for Name: weapons_parts_effect; Type: TABLE DATA; Schema: setohima$Guidance; Owner: -
--

INSERT INTO setohima$Guidance.weapons_parts_effect (id, level, effect) VALUES (1, 1, '攻撃力増加');
INSERT INTO setohima$Guidance.weapons_parts_effect (id, level, effect) VALUES (2, 2, '攻撃力増加');
INSERT INTO setohima$Guidance.weapons_parts_effect (id, level, effect) VALUES (3, 3, '攻撃力増加');
INSERT INTO setohima$Guidance.weapons_parts_effect (id, level, effect) VALUES (4, 4, '攻撃力増加');
INSERT INTO setohima$Guidance.weapons_parts_effect (id, level, effect) VALUES (5, 5, '攻撃力増加');
INSERT INTO setohima$Guidance.weapons_parts_effect (id, level, effect) VALUES (6, 6, '攻撃力増加');
INSERT INTO setohima$Guidance.weapons_parts_effect (id, level, effect) VALUES (7, 7, '攻撃力増加');
INSERT INTO setohima$Guidance.weapons_parts_effect (id, level, effect) VALUES (8, 1, '会心率増加');
INSERT INTO setohima$Guidance.weapons_parts_effect (id, level, effect) VALUES (9, 2, '会心率増加');
INSERT INTO setohima$Guidance.weapons_parts_effect (id, level, effect) VALUES (10, 3, '会心率増加');
INSERT INTO setohima$Guidance.weapons_parts_effect (id, level, effect) VALUES (11, 4, '会心率増加');
INSERT INTO setohima$Guidance.weapons_parts_effect (id, level, effect) VALUES (12, 5, '会心率増加');
INSERT INTO setohima$Guidance.weapons_parts_effect (id, level, effect) VALUES (13, 6, '会心率増加');
INSERT INTO setohima$Guidance.weapons_parts_effect (id, level, effect) VALUES (14, 7, '会心率増加');
INSERT INTO setohima$Guidance.weapons_parts_effect (id, level, effect) VALUES (15, 1, '防御力増加');
INSERT INTO setohima$Guidance.weapons_parts_effect (id, level, effect) VALUES (16, 2, '防御力増加');
INSERT INTO setohima$Guidance.weapons_parts_effect (id, level, effect) VALUES (17, 3, '防御力増加');
INSERT INTO setohima$Guidance.weapons_parts_effect (id, level, effect) VALUES (18, 4, '防御力増加');
INSERT INTO setohima$Guidance.weapons_parts_effect (id, level, effect) VALUES (19, 5, '防御力増加');
INSERT INTO setohima$Guidance.weapons_parts_effect (id, level, effect) VALUES (20, 6, '防御力増加');
INSERT INTO setohima$Guidance.weapons_parts_effect (id, level, effect) VALUES (21, 7, '防御力増加');
INSERT INTO setohima$Guidance.weapons_parts_effect (id, level, effect) VALUES (22, 1, '属性値増加');
INSERT INTO setohima$Guidance.weapons_parts_effect (id, level, effect) VALUES (23, 2, '属性値増加');
INSERT INTO setohima$Guidance.weapons_parts_effect (id, level, effect) VALUES (24, 3, '属性値増加');
INSERT INTO setohima$Guidance.weapons_parts_effect (id, level, effect) VALUES (25, 4, '属性値増加');
INSERT INTO setohima$Guidance.weapons_parts_effect (id, level, effect) VALUES (26, 5, '属性値増加');
INSERT INTO setohima$Guidance.weapons_parts_effect (id, level, effect) VALUES (27, 6, '属性値増加');
INSERT INTO setohima$Guidance.weapons_parts_effect (id, level, effect) VALUES (28, 7, '属性値増加');
INSERT INTO setohima$Guidance.weapons_parts_effect (id, level, effect) VALUES (29, 7, '切れ味増加');


--
-- Data for Name: reference_parts_wepname_monsters; Type: TABLE DATA; Schema: setohima$Guidance; Owner: -
--

INSERT INTO setohima$Guidance.reference_parts_wepname_monsters (wepname_id, partseffect_id, monster_id, name, mate_num) VALUES (1, 29, 0, '冥灯龍パーツ', 0);
INSERT INTO setohima$Guidance.reference_parts_wepname_monsters (wepname_id, partseffect_id, monster_id, name, mate_num) VALUES (2, 15, 0, 'カンタロスパーツ', 0);
INSERT INTO setohima$Guidance.reference_parts_wepname_monsters (wepname_id, partseffect_id, monster_id, name, mate_num) VALUES (2, 16, 0, '凍魚竜パーツ', 0);
INSERT INTO setohima$Guidance.reference_parts_wepname_monsters (wepname_id, partseffect_id, monster_id, name, mate_num) VALUES (2, 19, 0, '熔山龍パーツ', 0);
INSERT INTO setohima$Guidance.reference_parts_wepname_monsters (wepname_id, partseffect_id, monster_id, name, mate_num) VALUES (2, 22, 0, '泥魚竜パーツ', 0);
INSERT INTO setohima$Guidance.reference_parts_wepname_monsters (wepname_id, partseffect_id, monster_id, name, mate_num) VALUES (2, 26, 0, '熔山龍パーツ', 0);
INSERT INTO setohima$Guidance.reference_parts_wepname_monsters (wepname_id, partseffect_id, monster_id, name, mate_num) VALUES (2, 28, 0, '冥灯龍パーツ', 0);
INSERT INTO setohima$Guidance.reference_parts_wepname_monsters (wepname_id, partseffect_id, monster_id, name, mate_num) VALUES (3, 6, 0, '熔山龍パーツ', 0);
INSERT INTO setohima$Guidance.reference_parts_wepname_monsters (wepname_id, partseffect_id, monster_id, name, mate_num) VALUES (3, 16, 0, '凍魚竜パーツ', 0);
INSERT INTO setohima$Guidance.reference_parts_wepname_monsters (wepname_id, partseffect_id, monster_id, name, mate_num) VALUES (3, 24, 0, '溶岩竜パーツ', 0);
INSERT INTO setohima$Guidance.reference_parts_wepname_monsters (wepname_id, partseffect_id, monster_id, name, mate_num) VALUES (3, 29, 0, '冥灯龍パーツ', 0);
INSERT INTO setohima$Guidance.reference_parts_wepname_monsters (wepname_id, partseffect_id, monster_id, name, mate_num) VALUES (4, 9, 0, 'カンタロスパーツ', 0);
INSERT INTO setohima$Guidance.reference_parts_wepname_monsters (wepname_id, partseffect_id, monster_id, name, mate_num) VALUES (4, 22, 0, '泥魚竜パーツ', 0);
INSERT INTO setohima$Guidance.reference_parts_wepname_monsters (wepname_id, partseffect_id, monster_id, name, mate_num) VALUES (4, 26, 0, '熔山龍パーツ', 0);
INSERT INTO setohima$Guidance.reference_parts_wepname_monsters (wepname_id, partseffect_id, monster_id, name, mate_num) VALUES (4, 29, 0, '冥灯龍パーツ', 0);
INSERT INTO setohima$Guidance.reference_parts_wepname_monsters (wepname_id, partseffect_id, monster_id, name, mate_num) VALUES (5, 29, 0, '冥灯龍パーツ', 0);
INSERT INTO setohima$Guidance.reference_parts_wepname_monsters (wepname_id, partseffect_id, monster_id, name, mate_num) VALUES (6, 4, 0, '爆鱗竜パーツ', 0);
INSERT INTO setohima$Guidance.reference_parts_wepname_monsters (wepname_id, partseffect_id, monster_id, name, mate_num) VALUES (6, 23, 0, 'ランゴスタパーツ', 0);
INSERT INTO setohima$Guidance.reference_parts_wepname_monsters (wepname_id, partseffect_id, monster_id, name, mate_num) VALUES (6, 29, 0, '冥灯龍パーツ', 0);
INSERT INTO setohima$Guidance.reference_parts_wepname_monsters (wepname_id, partseffect_id, monster_id, name, mate_num) VALUES (7, 12, 62, '溟龍パーツ', 5);
INSERT INTO setohima$Guidance.reference_parts_wepname_monsters (wepname_id, partseffect_id, monster_id, name, mate_num) VALUES (7, 11, 19, '兇爪竜パーツ', 5);
INSERT INTO setohima$Guidance.reference_parts_wepname_monsters (wepname_id, partseffect_id, monster_id, name, mate_num) VALUES (7, 10, 60, '迅竜パーツ', 5);
INSERT INTO setohima$Guidance.reference_parts_wepname_monsters (wepname_id, partseffect_id, monster_id, name, mate_num) VALUES (7, 9, 66, '浮眠竜パーツ', 5);
INSERT INTO setohima$Guidance.reference_parts_wepname_monsters (wepname_id, partseffect_id, monster_id, name, mate_num) VALUES (7, 8, 25, '掻鳥パーツ', 5);
INSERT INTO setohima$Guidance.reference_parts_wepname_monsters (wepname_id, partseffect_id, monster_id, name, mate_num) VALUES (7, 7, 29, '滅尽龍パーツ改', 5);
INSERT INTO setohima$Guidance.reference_parts_wepname_monsters (wepname_id, partseffect_id, monster_id, name, mate_num) VALUES (7, 6, 75, '砕竜パーツ', 5);
INSERT INTO setohima$Guidance.reference_parts_wepname_monsters (wepname_id, partseffect_id, monster_id, name, mate_num) VALUES (7, 5, 28, '滅尽龍パーツ', 5);
INSERT INTO setohima$Guidance.reference_parts_wepname_monsters (wepname_id, partseffect_id, monster_id, name, mate_num) VALUES (7, 4, 90, '火竜パーツ', 5);
INSERT INTO setohima$Guidance.reference_parts_wepname_monsters (wepname_id, partseffect_id, monster_id, name, mate_num) VALUES (7, 3, 17, '惨爪竜パーツ', 5);
INSERT INTO setohima$Guidance.reference_parts_wepname_monsters (wepname_id, partseffect_id, monster_id, name, mate_num) VALUES (7, 1, 78, '土砂竜パーツ', 5);
INSERT INTO setohima$Guidance.reference_parts_wepname_monsters (wepname_id, partseffect_id, monster_id, name, mate_num) VALUES (6, 26, 21, '幻獣パーツ', 5);
INSERT INTO setohima$Guidance.reference_parts_wepname_monsters (wepname_id, partseffect_id, monster_id, name, mate_num) VALUES (6, 25, 96, '風漂竜パーツ', 5);
INSERT INTO setohima$Guidance.reference_parts_wepname_monsters (wepname_id, partseffect_id, monster_id, name, mate_num) VALUES (6, 24, 72, '水妖鳥パーツ', 5);
INSERT INTO setohima$Guidance.reference_parts_wepname_monsters (wepname_id, partseffect_id, monster_id, name, mate_num) VALUES (6, 22, 70, '毒妖鳥パーツ', 5);
INSERT INTO setohima$Guidance.reference_parts_wepname_monsters (wepname_id, partseffect_id, monster_id, name, mate_num) VALUES (6, 14, 77, '氷牙竜パーツ', 5);
INSERT INTO setohima$Guidance.reference_parts_wepname_monsters (wepname_id, partseffect_id, monster_id, name, mate_num) VALUES (6, 12, 62, '溟龍パーツ', 5);
INSERT INTO setohima$Guidance.reference_parts_wepname_monsters (wepname_id, partseffect_id, monster_id, name, mate_num) VALUES (6, 11, 3, '雷顎竜パーツ', 5);
INSERT INTO setohima$Guidance.reference_parts_wepname_monsters (wepname_id, partseffect_id, monster_id, name, mate_num) VALUES (6, 10, 66, '浮眠竜パーツ', 5);
INSERT INTO setohima$Guidance.reference_parts_wepname_monsters (wepname_id, partseffect_id, monster_id, name, mate_num) VALUES (6, 9, 64, '浮空竜パーツ', 5);
INSERT INTO setohima$Guidance.reference_parts_wepname_monsters (wepname_id, partseffect_id, monster_id, name, mate_num) VALUES (6, 8, 25, '掻鳥パーツ', 5);
INSERT INTO setohima$Guidance.reference_parts_wepname_monsters (wepname_id, partseffect_id, monster_id, name, mate_num) VALUES (6, 7, 29, '滅尽龍パーツ改', 5);
INSERT INTO setohima$Guidance.reference_parts_wepname_monsters (wepname_id, partseffect_id, monster_id, name, mate_num) VALUES (6, 6, 75, '砕竜パーツ', 5);
INSERT INTO setohima$Guidance.reference_parts_wepname_monsters (wepname_id, partseffect_id, monster_id, name, mate_num) VALUES (6, 5, 28, '滅尽龍パーツ', 5);
INSERT INTO setohima$Guidance.reference_parts_wepname_monsters (wepname_id, partseffect_id, monster_id, name, mate_num) VALUES (6, 3, 1, '蛮顎竜パーツ', 5);
INSERT INTO setohima$Guidance.reference_parts_wepname_monsters (wepname_id, partseffect_id, monster_id, name, mate_num) VALUES (6, 2, 82, '骨鎚竜パーツ', 5);
INSERT INTO setohima$Guidance.reference_parts_wepname_monsters (wepname_id, partseffect_id, monster_id, name, mate_num) VALUES (5, 26, 30, '屍套龍パーツ', 5);
INSERT INTO setohima$Guidance.reference_parts_wepname_monsters (wepname_id, partseffect_id, monster_id, name, mate_num) VALUES (5, 25, 3, '雷顎竜パーツ', 5);
INSERT INTO setohima$Guidance.reference_parts_wepname_monsters (wepname_id, partseffect_id, monster_id, name, mate_num) VALUES (5, 24, 1, '蛮顎竜パーツ', 5);
INSERT INTO setohima$Guidance.reference_parts_wepname_monsters (wepname_id, partseffect_id, monster_id, name, mate_num) VALUES (5, 23, 82, '骨鎚竜パーツ', 5);
INSERT INTO setohima$Guidance.reference_parts_wepname_monsters (wepname_id, partseffect_id, monster_id, name, mate_num) VALUES (5, 22, 70, '毒妖鳥パーツ', 5);
INSERT INTO setohima$Guidance.reference_parts_wepname_monsters (wepname_id, partseffect_id, monster_id, name, mate_num) VALUES (7, 16, 0, 'カンタロスパーツ', 0);
INSERT INTO setohima$Guidance.reference_parts_wepname_monsters (wepname_id, partseffect_id, monster_id, name, mate_num) VALUES (7, 29, 0, '冥灯龍パーツ', 0);
INSERT INTO setohima$Guidance.reference_parts_wepname_monsters (wepname_id, partseffect_id, monster_id, name, mate_num) VALUES (8, 22, 0, '泥魚竜パーツ', 0);
INSERT INTO setohima$Guidance.reference_parts_wepname_monsters (wepname_id, partseffect_id, monster_id, name, mate_num) VALUES (8, 26, 0, '爆鱗竜パーツ', 0);
INSERT INTO setohima$Guidance.reference_parts_wepname_monsters (wepname_id, partseffect_id, monster_id, name, mate_num) VALUES (8, 29, 0, '冥灯龍パーツ', 0);
INSERT INTO setohima$Guidance.reference_parts_wepname_monsters (wepname_id, partseffect_id, monster_id, name, mate_num) VALUES (9, 26, 0, '爆鱗竜パーツ', 0);
INSERT INTO setohima$Guidance.reference_parts_wepname_monsters (wepname_id, partseffect_id, monster_id, name, mate_num) VALUES (9, 29, 0, '冥灯龍パーツ', 0);
INSERT INTO setohima$Guidance.reference_parts_wepname_monsters (wepname_id, partseffect_id, monster_id, name, mate_num) VALUES (10, 2, 0, '凍魚竜パーツ', 0);
INSERT INTO setohima$Guidance.reference_parts_wepname_monsters (wepname_id, partseffect_id, monster_id, name, mate_num) VALUES (10, 15, 0, '岩賊竜パーツ', 0);
INSERT INTO setohima$Guidance.reference_parts_wepname_monsters (wepname_id, partseffect_id, monster_id, name, mate_num) VALUES (7, 2, 0, '岩賊竜パーツ', 0);
INSERT INTO setohima$Guidance.reference_parts_wepname_monsters (wepname_id, partseffect_id, monster_id, name, mate_num) VALUES (6, 1, 0, '岩賊竜パーツ', 0);
INSERT INTO setohima$Guidance.reference_parts_wepname_monsters (wepname_id, partseffect_id, monster_id, name, mate_num) VALUES (10, 22, 0, '泥魚竜パーツ', 0);
INSERT INTO setohima$Guidance.reference_parts_wepname_monsters (wepname_id, partseffect_id, monster_id, name, mate_num) VALUES (10, 29, 0, '冥灯龍パーツ', 0);
INSERT INTO setohima$Guidance.reference_parts_wepname_monsters (wepname_id, partseffect_id, monster_id, name, mate_num) VALUES (11, 1, 0, '岩賊竜パーツ', 0);
INSERT INTO setohima$Guidance.reference_parts_wepname_monsters (wepname_id, partseffect_id, monster_id, name, mate_num) VALUES (11, 16, 0, '凍魚竜パーツ', 0);
INSERT INTO setohima$Guidance.reference_parts_wepname_monsters (wepname_id, partseffect_id, monster_id, name, mate_num) VALUES (11, 29, 0, '冥灯龍パーツ', 0);
INSERT INTO setohima$Guidance.reference_parts_wepname_monsters (wepname_id, partseffect_id, monster_id, name, mate_num) VALUES (12, 28, 0, '冥灯龍パーツ', 0);
INSERT INTO setohima$Guidance.reference_parts_wepname_monsters (wepname_id, partseffect_id, monster_id, name, mate_num) VALUES (13, 28, 0, '冥灯龍パーツ', 0);
INSERT INTO setohima$Guidance.reference_parts_wepname_monsters (wepname_id, partseffect_id, monster_id, name, mate_num) VALUES (14, 6, 0, '熔山龍パーツ', 0);
INSERT INTO setohima$Guidance.reference_parts_wepname_monsters (wepname_id, partseffect_id, monster_id, name, mate_num) VALUES (14, 16, 0, '岩賊竜パーツ', 0);
INSERT INTO setohima$Guidance.reference_parts_wepname_monsters (wepname_id, partseffect_id, monster_id, name, mate_num) VALUES (14, 28, 0, '冥灯龍パーツ', 0);
INSERT INTO setohima$Guidance.reference_parts_wepname_monsters (wepname_id, partseffect_id, monster_id, name, mate_num) VALUES (1, 1, 52, '賊竜パーツ', 5);
INSERT INTO setohima$Guidance.reference_parts_wepname_monsters (wepname_id, partseffect_id, monster_id, name, mate_num) VALUES (1, 2, 1, '蛮顎竜パーツ', 5);
INSERT INTO setohima$Guidance.reference_parts_wepname_monsters (wepname_id, partseffect_id, monster_id, name, mate_num) VALUES (1, 3, 82, '骨鎚竜パーツ', 5);
INSERT INTO setohima$Guidance.reference_parts_wepname_monsters (wepname_id, partseffect_id, monster_id, name, mate_num) VALUES (1, 4, 45, '斬竜パーツ', 5);
INSERT INTO setohima$Guidance.reference_parts_wepname_monsters (wepname_id, partseffect_id, monster_id, name, mate_num) VALUES (1, 5, 28, '滅尽龍パーツ', 5);
INSERT INTO setohima$Guidance.reference_parts_wepname_monsters (wepname_id, partseffect_id, monster_id, name, mate_num) VALUES (1, 6, 63, '溟龍パーツ', 5);
INSERT INTO setohima$Guidance.reference_parts_wepname_monsters (wepname_id, partseffect_id, monster_id, name, mate_num) VALUES (1, 7, 29, '滅尽龍パーツ改', 5);
INSERT INTO setohima$Guidance.reference_parts_wepname_monsters (wepname_id, partseffect_id, monster_id, name, mate_num) VALUES (1, 8, 51, '痺賊竜パーツ', 5);
INSERT INTO setohima$Guidance.reference_parts_wepname_monsters (wepname_id, partseffect_id, monster_id, name, mate_num) VALUES (1, 9, 64, '浮空竜パーツ', 5);
INSERT INTO setohima$Guidance.reference_parts_wepname_monsters (wepname_id, partseffect_id, monster_id, name, mate_num) VALUES (1, 10, 66, '浮眠竜パーツ', 5);
INSERT INTO setohima$Guidance.reference_parts_wepname_monsters (wepname_id, partseffect_id, monster_id, name, mate_num) VALUES (1, 11, 90, '火竜パーツ', 5);
INSERT INTO setohima$Guidance.reference_parts_wepname_monsters (wepname_id, partseffect_id, monster_id, name, mate_num) VALUES (1, 12, 47, '硫斬竜パーツ', 5);
INSERT INTO setohima$Guidance.reference_parts_wepname_monsters (wepname_id, partseffect_id, monster_id, name, mate_num) VALUES (1, 14, 77, '氷牙竜パーツ', 5);
INSERT INTO setohima$Guidance.reference_parts_wepname_monsters (wepname_id, partseffect_id, monster_id, name, mate_num) VALUES (1, 22, 78, '土砂竜パーツ', 5);
INSERT INTO setohima$Guidance.reference_parts_wepname_monsters (wepname_id, partseffect_id, monster_id, name, mate_num) VALUES (1, 23, 70, '毒妖鳥パーツ', 5);
INSERT INTO setohima$Guidance.reference_parts_wepname_monsters (wepname_id, partseffect_id, monster_id, name, mate_num) VALUES (1, 24, 72, '水妖鳥パーツ', 5);
INSERT INTO setohima$Guidance.reference_parts_wepname_monsters (wepname_id, partseffect_id, monster_id, name, mate_num) VALUES (1, 25, 96, '風漂竜パーツ', 5);
INSERT INTO setohima$Guidance.reference_parts_wepname_monsters (wepname_id, partseffect_id, monster_id, name, mate_num) VALUES (1, 26, 21, '幻獣パーツ', 5);
INSERT INTO setohima$Guidance.reference_parts_wepname_monsters (wepname_id, partseffect_id, monster_id, name, mate_num) VALUES (2, 1, 36, '眩鳥パーツ', 5);
INSERT INTO setohima$Guidance.reference_parts_wepname_monsters (wepname_id, partseffect_id, monster_id, name, mate_num) VALUES (2, 2, 68, '猛牛竜パーツ', 5);
INSERT INTO setohima$Guidance.reference_parts_wepname_monsters (wepname_id, partseffect_id, monster_id, name, mate_num) VALUES (2, 3, 37, '角竜パーツ', 5);
INSERT INTO setohima$Guidance.reference_parts_wepname_monsters (wepname_id, partseffect_id, monster_id, name, mate_num) VALUES (2, 4, 41, '轟竜パーツ', 5);
INSERT INTO setohima$Guidance.reference_parts_wepname_monsters (wepname_id, partseffect_id, monster_id, name, mate_num) VALUES (2, 5, 28, '滅尽龍パーツ', 5);
INSERT INTO setohima$Guidance.reference_parts_wepname_monsters (wepname_id, partseffect_id, monster_id, name, mate_num) VALUES (2, 6, 75, '砕竜パーツ', 5);
INSERT INTO setohima$Guidance.reference_parts_wepname_monsters (wepname_id, partseffect_id, monster_id, name, mate_num) VALUES (2, 7, 29, '滅尽龍パーツ改', 5);
INSERT INTO setohima$Guidance.reference_parts_wepname_monsters (wepname_id, partseffect_id, monster_id, name, mate_num) VALUES (2, 8, 25, '掻鳥パーツ', 5);
INSERT INTO setohima$Guidance.reference_parts_wepname_monsters (wepname_id, partseffect_id, monster_id, name, mate_num) VALUES (2, 9, 54, '飛雷竜パーツ', 5);
INSERT INTO setohima$Guidance.reference_parts_wepname_monsters (wepname_id, partseffect_id, monster_id, name, mate_num) VALUES (2, 10, 17, '惨爪竜パーツ', 5);
INSERT INTO setohima$Guidance.reference_parts_wepname_monsters (wepname_id, partseffect_id, monster_id, name, mate_num) VALUES (2, 11, 60, '迅竜パーツ', 5);
INSERT INTO setohima$Guidance.reference_parts_wepname_monsters (wepname_id, partseffect_id, monster_id, name, mate_num) VALUES (2, 12, 43, '黒轟竜パーツ', 5);
INSERT INTO setohima$Guidance.reference_parts_wepname_monsters (wepname_id, partseffect_id, monster_id, name, mate_num) VALUES (2, 14, 35, '獄狼竜パーツ', 5);
INSERT INTO setohima$Guidance.reference_parts_wepname_monsters (wepname_id, partseffect_id, monster_id, name, mate_num) VALUES (2, 17, 0, '溶岩竜パーツ', 0);
INSERT INTO setohima$Guidance.reference_parts_wepname_monsters (wepname_id, partseffect_id, monster_id, name, mate_num) VALUES (2, 18, 39, '黒角竜パーツ', 5);
INSERT INTO setohima$Guidance.reference_parts_wepname_monsters (wepname_id, partseffect_id, monster_id, name, mate_num) VALUES (2, 23, 1, '蛮顎竜パーツ', 5);
INSERT INTO setohima$Guidance.reference_parts_wepname_monsters (wepname_id, partseffect_id, monster_id, name, mate_num) VALUES (2, 24, 56, '飛毒竜パーツ', 5);
INSERT INTO setohima$Guidance.reference_parts_wepname_monsters (wepname_id, partseffect_id, monster_id, name, mate_num) VALUES (2, 25, 3, '雷顎竜パーツ', 5);
INSERT INTO setohima$Guidance.reference_parts_wepname_monsters (wepname_id, partseffect_id, monster_id, name, mate_num) VALUES (3, 1, 52, '賊竜パーツ', 5);
INSERT INTO setohima$Guidance.reference_parts_wepname_monsters (wepname_id, partseffect_id, monster_id, name, mate_num) VALUES (3, 2, 68, '猛牛竜パーツ', 5);
INSERT INTO setohima$Guidance.reference_parts_wepname_monsters (wepname_id, partseffect_id, monster_id, name, mate_num) VALUES (3, 3, 82, '骨鎚竜パーツ', 5);
INSERT INTO setohima$Guidance.reference_parts_wepname_monsters (wepname_id, partseffect_id, monster_id, name, mate_num) VALUES (3, 4, 47, '硫斬竜パーツ', 5);
INSERT INTO setohima$Guidance.reference_parts_wepname_monsters (wepname_id, partseffect_id, monster_id, name, mate_num) VALUES (3, 5, 28, '滅尽龍パーツ', 5);
INSERT INTO setohima$Guidance.reference_parts_wepname_monsters (wepname_id, partseffect_id, monster_id, name, mate_num) VALUES (3, 7, 29, '滅尽龍パーツ改', 5);
INSERT INTO setohima$Guidance.reference_parts_wepname_monsters (wepname_id, partseffect_id, monster_id, name, mate_num) VALUES (3, 8, 51, '痺賊竜パーツ', 5);
INSERT INTO setohima$Guidance.reference_parts_wepname_monsters (wepname_id, partseffect_id, monster_id, name, mate_num) VALUES (3, 9, 66, '浮眠竜パーツ', 5);
INSERT INTO setohima$Guidance.reference_parts_wepname_monsters (wepname_id, partseffect_id, monster_id, name, mate_num) VALUES (3, 10, 60, '迅竜パーツ', 5);
INSERT INTO setohima$Guidance.reference_parts_wepname_monsters (wepname_id, partseffect_id, monster_id, name, mate_num) VALUES (3, 11, 90, '火竜パーツ', 5);
INSERT INTO setohima$Guidance.reference_parts_wepname_monsters (wepname_id, partseffect_id, monster_id, name, mate_num) VALUES (3, 12, 30, '屍套龍パーツ', 5);
INSERT INTO setohima$Guidance.reference_parts_wepname_monsters (wepname_id, partseffect_id, monster_id, name, mate_num) VALUES (3, 14, 35, '獄狼竜パーツ', 5);
INSERT INTO setohima$Guidance.reference_parts_wepname_monsters (wepname_id, partseffect_id, monster_id, name, mate_num) VALUES (3, 15, 78, '土砂竜パーツ', 5);
INSERT INTO setohima$Guidance.reference_parts_wepname_monsters (wepname_id, partseffect_id, monster_id, name, mate_num) VALUES (3, 22, 70, '毒妖鳥パーツ', 5);
INSERT INTO setohima$Guidance.reference_parts_wepname_monsters (wepname_id, partseffect_id, monster_id, name, mate_num) VALUES (3, 23, 72, '水妖鳥パーツ', 5);
INSERT INTO setohima$Guidance.reference_parts_wepname_monsters (wepname_id, partseffect_id, monster_id, name, mate_num) VALUES (3, 25, 45, '斬竜パーツ', 5);
INSERT INTO setohima$Guidance.reference_parts_wepname_monsters (wepname_id, partseffect_id, monster_id, name, mate_num) VALUES (3, 26, 32, '雷狼竜パーツ', 5);
INSERT INTO setohima$Guidance.reference_parts_wepname_monsters (wepname_id, partseffect_id, monster_id, name, mate_num) VALUES (4, 1, 36, '眩鳥パーツ', 5);
INSERT INTO setohima$Guidance.reference_parts_wepname_monsters (wepname_id, partseffect_id, monster_id, name, mate_num) VALUES (4, 2, 68, '猛牛竜パーツ', 5);
INSERT INTO setohima$Guidance.reference_parts_wepname_monsters (wepname_id, partseffect_id, monster_id, name, mate_num) VALUES (4, 3, 1, '蛮顎竜パーツ', 5);
INSERT INTO setohima$Guidance.reference_parts_wepname_monsters (wepname_id, partseffect_id, monster_id, name, mate_num) VALUES (4, 4, 47, '硫斬竜パーツ', 5);
INSERT INTO setohima$Guidance.reference_parts_wepname_monsters (wepname_id, partseffect_id, monster_id, name, mate_num) VALUES (4, 5, 28, '滅尽龍パーツ', 5);
INSERT INTO setohima$Guidance.reference_parts_wepname_monsters (wepname_id, partseffect_id, monster_id, name, mate_num) VALUES (4, 6, 75, '砕竜パーツ', 5);
INSERT INTO setohima$Guidance.reference_parts_wepname_monsters (wepname_id, partseffect_id, monster_id, name, mate_num) VALUES (4, 7, 29, '滅尽龍パーツ改', 5);
INSERT INTO setohima$Guidance.reference_parts_wepname_monsters (wepname_id, partseffect_id, monster_id, name, mate_num) VALUES (4, 8, 25, '掻鳥パーツ', 5);
INSERT INTO setohima$Guidance.reference_parts_wepname_monsters (wepname_id, partseffect_id, monster_id, name, mate_num) VALUES (4, 10, 56, '飛毒竜パーツ', 5);
INSERT INTO setohima$Guidance.reference_parts_wepname_monsters (wepname_id, partseffect_id, monster_id, name, mate_num) VALUES (4, 11, 3, '雷顎竜パーツ', 5);
INSERT INTO setohima$Guidance.reference_parts_wepname_monsters (wepname_id, partseffect_id, monster_id, name, mate_num) VALUES (4, 12, 30, '屍套龍パーツ', 5);
INSERT INTO setohima$Guidance.reference_parts_wepname_monsters (wepname_id, partseffect_id, monster_id, name, mate_num) VALUES (4, 13, 31, '屍套龍パーツ改', 5);
INSERT INTO setohima$Guidance.reference_parts_wepname_monsters (wepname_id, partseffect_id, monster_id, name, mate_num) VALUES (4, 14, 77, '氷牙竜パーツ', 5);
INSERT INTO setohima$Guidance.reference_parts_wepname_monsters (wepname_id, partseffect_id, monster_id, name, mate_num) VALUES (4, 23, 54, '飛雷竜パーツ', 5);
INSERT INTO setohima$Guidance.reference_parts_wepname_monsters (wepname_id, partseffect_id, monster_id, name, mate_num) VALUES (4, 24, 96, '風漂竜パーツ', 5);
INSERT INTO setohima$Guidance.reference_parts_wepname_monsters (wepname_id, partseffect_id, monster_id, name, mate_num) VALUES (4, 25, 45, '斬竜パーツ', 5);
INSERT INTO setohima$Guidance.reference_parts_wepname_monsters (wepname_id, partseffect_id, monster_id, name, mate_num) VALUES (4, 27, 16, '爆鎚竜パーツ', 5);
INSERT INTO setohima$Guidance.reference_parts_wepname_monsters (wepname_id, partseffect_id, monster_id, name, mate_num) VALUES (5, 1, 51, '痺賊竜パーツ', 5);
INSERT INTO setohima$Guidance.reference_parts_wepname_monsters (wepname_id, partseffect_id, monster_id, name, mate_num) VALUES (5, 2, 78, '土砂竜パーツ', 5);
INSERT INTO setohima$Guidance.reference_parts_wepname_monsters (wepname_id, partseffect_id, monster_id, name, mate_num) VALUES (5, 3, 37, '角竜パーツ', 5);
INSERT INTO setohima$Guidance.reference_parts_wepname_monsters (wepname_id, partseffect_id, monster_id, name, mate_num) VALUES (5, 4, 41, '轟竜パーツ', 5);
INSERT INTO setohima$Guidance.reference_parts_wepname_monsters (wepname_id, partseffect_id, monster_id, name, mate_num) VALUES (5, 5, 28, '滅尽龍パーツ', 5);
INSERT INTO setohima$Guidance.reference_parts_wepname_monsters (wepname_id, partseffect_id, monster_id, name, mate_num) VALUES (5, 6, 16, '爆鎚竜パーツ', 5);
INSERT INTO setohima$Guidance.reference_parts_wepname_monsters (wepname_id, partseffect_id, monster_id, name, mate_num) VALUES (5, 7, 29, '滅尽龍パーツ改', 5);
INSERT INTO setohima$Guidance.reference_parts_wepname_monsters (wepname_id, partseffect_id, monster_id, name, mate_num) VALUES (5, 8, 25, '掻鳥パーツ', 5);
INSERT INTO setohima$Guidance.reference_parts_wepname_monsters (wepname_id, partseffect_id, monster_id, name, mate_num) VALUES (5, 9, 68, '猛牛竜パーツ', 5);
INSERT INTO setohima$Guidance.reference_parts_wepname_monsters (wepname_id, partseffect_id, monster_id, name, mate_num) VALUES (5, 10, 66, '浮眠竜パーツ', 5);
INSERT INTO setohima$Guidance.reference_parts_wepname_monsters (wepname_id, partseffect_id, monster_id, name, mate_num) VALUES (5, 11, 11, '黒狼鳥パーツ', 5);
INSERT INTO setohima$Guidance.reference_parts_wepname_monsters (wepname_id, partseffect_id, monster_id, name, mate_num) VALUES (5, 12, 43, '黒轟竜パーツ', 5);
INSERT INTO setohima$Guidance.reference_parts_wepname_monsters (wepname_id, partseffect_id, monster_id, name, mate_num) VALUES (5, 14, 77, '氷牙竜パーツ', 5);
INSERT INTO setohima$Guidance.reference_parts_wepname_monsters (wepname_id, partseffect_id, monster_id, name, mate_num) VALUES (5, 18, 39, '黒角竜パーツ', 5);
INSERT INTO setohima$Guidance.reference_parts_wepname_monsters (wepname_id, partseffect_id, monster_id, name, mate_num) VALUES (14, 14, 77, '氷牙竜パーツ', 5);
INSERT INTO setohima$Guidance.reference_parts_wepname_monsters (wepname_id, partseffect_id, monster_id, name, mate_num) VALUES (14, 15, 70, '毒妖鳥パーツ', 5);
INSERT INTO setohima$Guidance.reference_parts_wepname_monsters (wepname_id, partseffect_id, monster_id, name, mate_num) VALUES (14, 17, 72, '水妖鳥パーツ', 5);
INSERT INTO setohima$Guidance.reference_parts_wepname_monsters (wepname_id, partseffect_id, monster_id, name, mate_num) VALUES (14, 12, 62, '溟龍パーツ', 5);
INSERT INTO setohima$Guidance.reference_parts_wepname_monsters (wepname_id, partseffect_id, monster_id, name, mate_num) VALUES (14, 11, 1, '蛮顎竜パーツ', 5);
INSERT INTO setohima$Guidance.reference_parts_wepname_monsters (wepname_id, partseffect_id, monster_id, name, mate_num) VALUES (14, 10, 56, '飛毒竜パーツ', 5);
INSERT INTO setohima$Guidance.reference_parts_wepname_monsters (wepname_id, partseffect_id, monster_id, name, mate_num) VALUES (14, 9, 54, '飛雷竜パーツ', 5);
INSERT INTO setohima$Guidance.reference_parts_wepname_monsters (wepname_id, partseffect_id, monster_id, name, mate_num) VALUES (14, 8, 36, '眩鳥パーツ', 5);
INSERT INTO setohima$Guidance.reference_parts_wepname_monsters (wepname_id, partseffect_id, monster_id, name, mate_num) VALUES (14, 7, 29, '滅尽龍パーツ改', 5);
INSERT INTO setohima$Guidance.reference_parts_wepname_monsters (wepname_id, partseffect_id, monster_id, name, mate_num) VALUES (14, 4, 37, '角竜パーツ', 5);
INSERT INTO setohima$Guidance.reference_parts_wepname_monsters (wepname_id, partseffect_id, monster_id, name, mate_num) VALUES (14, 5, 28, '滅尽龍パーツ', 5);
INSERT INTO setohima$Guidance.reference_parts_wepname_monsters (wepname_id, partseffect_id, monster_id, name, mate_num) VALUES (14, 3, 66, '浮眠竜パーツ', 5);
INSERT INTO setohima$Guidance.reference_parts_wepname_monsters (wepname_id, partseffect_id, monster_id, name, mate_num) VALUES (14, 2, 82, '骨鎚竜パーツ', 5);
INSERT INTO setohima$Guidance.reference_parts_wepname_monsters (wepname_id, partseffect_id, monster_id, name, mate_num) VALUES (14, 1, 52, '賊竜パーツ', 5);
INSERT INTO setohima$Guidance.reference_parts_wepname_monsters (wepname_id, partseffect_id, monster_id, name, mate_num) VALUES (13, 15, 78, '土砂竜パーツ', 5);
INSERT INTO setohima$Guidance.reference_parts_wepname_monsters (wepname_id, partseffect_id, monster_id, name, mate_num) VALUES (13, 16, 72, '水妖鳥パーツ', 5);
INSERT INTO setohima$Guidance.reference_parts_wepname_monsters (wepname_id, partseffect_id, monster_id, name, mate_num) VALUES (13, 17, 11, '黒狼鳥パーツ', 5);
INSERT INTO setohima$Guidance.reference_parts_wepname_monsters (wepname_id, partseffect_id, monster_id, name, mate_num) VALUES (13, 18, 41, '轟竜パーツ', 5);
INSERT INTO setohima$Guidance.reference_parts_wepname_monsters (wepname_id, partseffect_id, monster_id, name, mate_num) VALUES (13, 19, 43, '黒轟竜パーツ', 5);
INSERT INTO setohima$Guidance.reference_parts_wepname_monsters (wepname_id, partseffect_id, monster_id, name, mate_num) VALUES (13, 27, 27, '爆鱗竜パーツ改', 5);
INSERT INTO setohima$Guidance.reference_parts_wepname_monsters (wepname_id, partseffect_id, monster_id, name, mate_num) VALUES (13, 14, 35, '獄狼竜パーツ', 5);
INSERT INTO setohima$Guidance.reference_parts_wepname_monsters (wepname_id, partseffect_id, monster_id, name, mate_num) VALUES (13, 11, 92, '蒼火竜パーツ', 5);
INSERT INTO setohima$Guidance.reference_parts_wepname_monsters (wepname_id, partseffect_id, monster_id, name, mate_num) VALUES (13, 13, 95, '銀火竜パーツ', 5);
INSERT INTO setohima$Guidance.reference_parts_wepname_monsters (wepname_id, partseffect_id, monster_id, name, mate_num) VALUES (13, 12, 30, '屍套龍パーツ', 5);
INSERT INTO setohima$Guidance.reference_parts_wepname_monsters (wepname_id, partseffect_id, monster_id, name, mate_num) VALUES (12, 13, 95, '銀火竜パーツ', 5);
INSERT INTO setohima$Guidance.reference_parts_wepname_monsters (wepname_id, partseffect_id, monster_id, name, mate_num) VALUES (13, 1, 52, '賊竜パーツ', 5);
INSERT INTO setohima$Guidance.reference_parts_wepname_monsters (wepname_id, partseffect_id, monster_id, name, mate_num) VALUES (13, 2, 68, '猛牛竜パーツ', 5);
INSERT INTO setohima$Guidance.reference_parts_wepname_monsters (wepname_id, partseffect_id, monster_id, name, mate_num) VALUES (13, 3, 60, '迅竜パーツ', 5);
INSERT INTO setohima$Guidance.reference_parts_wepname_monsters (wepname_id, partseffect_id, monster_id, name, mate_num) VALUES (13, 4, 45, '斬竜パーツ', 5);
INSERT INTO setohima$Guidance.reference_parts_wepname_monsters (wepname_id, partseffect_id, monster_id, name, mate_num) VALUES (13, 5, 28, '滅尽龍パーツ', 5);
INSERT INTO setohima$Guidance.reference_parts_wepname_monsters (wepname_id, partseffect_id, monster_id, name, mate_num) VALUES (13, 6, 75, '砕竜パーツ', 5);
INSERT INTO setohima$Guidance.reference_parts_wepname_monsters (wepname_id, partseffect_id, monster_id, name, mate_num) VALUES (13, 7, 29, '滅尽龍パーツ改', 5);
INSERT INTO setohima$Guidance.reference_parts_wepname_monsters (wepname_id, partseffect_id, monster_id, name, mate_num) VALUES (13, 8, 64, '浮空竜パーツ', 5);
INSERT INTO setohima$Guidance.reference_parts_wepname_monsters (wepname_id, partseffect_id, monster_id, name, mate_num) VALUES (13, 9, 66, '浮眠竜パーツ', 5);
INSERT INTO setohima$Guidance.reference_parts_wepname_monsters (wepname_id, partseffect_id, monster_id, name, mate_num) VALUES (13, 10, 17, '惨爪竜パーツ', 5);
INSERT INTO setohima$Guidance.reference_parts_wepname_monsters (wepname_id, partseffect_id, monster_id, name, mate_num) VALUES (12, 25, 3, '雷顎竜パーツ', 5);
INSERT INTO setohima$Guidance.reference_parts_wepname_monsters (wepname_id, partseffect_id, monster_id, name, mate_num) VALUES (12, 26, 30, '屍套龍パーツ', 5);
INSERT INTO setohima$Guidance.reference_parts_wepname_monsters (wepname_id, partseffect_id, monster_id, name, mate_num) VALUES (12, 27, 89, '金火竜パーツ', 5);
INSERT INTO setohima$Guidance.reference_parts_wepname_monsters (wepname_id, partseffect_id, monster_id, name, mate_num) VALUES (12, 10, 90, '火竜パーツ', 5);
INSERT INTO setohima$Guidance.reference_parts_wepname_monsters (wepname_id, partseffect_id, monster_id, name, mate_num) VALUES (12, 11, 92, '蒼火竜パーツ', 5);
INSERT INTO setohima$Guidance.reference_parts_wepname_monsters (wepname_id, partseffect_id, monster_id, name, mate_num) VALUES (12, 12, 43, '黒轟竜パーツ', 5);
INSERT INTO setohima$Guidance.reference_parts_wepname_monsters (wepname_id, partseffect_id, monster_id, name, mate_num) VALUES (12, 14, 77, '氷牙竜パーツ', 5);
INSERT INTO setohima$Guidance.reference_parts_wepname_monsters (wepname_id, partseffect_id, monster_id, name, mate_num) VALUES (12, 15, 70, '毒妖鳥パーツ', 5);
INSERT INTO setohima$Guidance.reference_parts_wepname_monsters (wepname_id, partseffect_id, monster_id, name, mate_num) VALUES (12, 17, 37, '角竜パーツ', 5);
INSERT INTO setohima$Guidance.reference_parts_wepname_monsters (wepname_id, partseffect_id, monster_id, name, mate_num) VALUES (12, 16, 72, '水妖鳥パーツ', 5);
INSERT INTO setohima$Guidance.reference_parts_wepname_monsters (wepname_id, partseffect_id, monster_id, name, mate_num) VALUES (12, 18, 47, '硫斬竜パーツ', 5);
INSERT INTO setohima$Guidance.reference_parts_wepname_monsters (wepname_id, partseffect_id, monster_id, name, mate_num) VALUES (12, 22, 54, '飛雷竜パーツ', 5);
INSERT INTO setohima$Guidance.reference_parts_wepname_monsters (wepname_id, partseffect_id, monster_id, name, mate_num) VALUES (12, 23, 86, '桜火竜パーツ', 5);
INSERT INTO setohima$Guidance.reference_parts_wepname_monsters (wepname_id, partseffect_id, monster_id, name, mate_num) VALUES (12, 24, 96, '風漂竜パーツ', 5);
INSERT INTO setohima$Guidance.reference_parts_wepname_monsters (wepname_id, partseffect_id, monster_id, name, mate_num) VALUES (12, 9, 66, '浮眠竜パーツ', 5);
INSERT INTO setohima$Guidance.reference_parts_wepname_monsters (wepname_id, partseffect_id, monster_id, name, mate_num) VALUES (12, 8, 25, '掻鳥パーツ', 5);
INSERT INTO setohima$Guidance.reference_parts_wepname_monsters (wepname_id, partseffect_id, monster_id, name, mate_num) VALUES (12, 7, 29, '滅尽龍パーツ改', 5);
INSERT INTO setohima$Guidance.reference_parts_wepname_monsters (wepname_id, partseffect_id, monster_id, name, mate_num) VALUES (12, 6, 31, '屍套龍パーツ改', 5);
INSERT INTO setohima$Guidance.reference_parts_wepname_monsters (wepname_id, partseffect_id, monster_id, name, mate_num) VALUES (12, 5, 28, '滅尽龍パーツ', 5);
INSERT INTO setohima$Guidance.reference_parts_wepname_monsters (wepname_id, partseffect_id, monster_id, name, mate_num) VALUES (12, 4, 41, '轟竜パーツ', 5);
INSERT INTO setohima$Guidance.reference_parts_wepname_monsters (wepname_id, partseffect_id, monster_id, name, mate_num) VALUES (12, 3, 45, '斬竜パーツ', 5);
INSERT INTO setohima$Guidance.reference_parts_wepname_monsters (wepname_id, partseffect_id, monster_id, name, mate_num) VALUES (12, 2, 1, '蛮顎竜パーツ', 5);
INSERT INTO setohima$Guidance.reference_parts_wepname_monsters (wepname_id, partseffect_id, monster_id, name, mate_num) VALUES (12, 1, 68, '猛牛竜パーツ', 5);
INSERT INTO setohima$Guidance.reference_parts_wepname_monsters (wepname_id, partseffect_id, monster_id, name, mate_num) VALUES (11, 26, 30, '屍套龍パーツ', 5);
INSERT INTO setohima$Guidance.reference_parts_wepname_monsters (wepname_id, partseffect_id, monster_id, name, mate_num) VALUES (11, 25, 39, '黒角竜パーツ', 5);
INSERT INTO setohima$Guidance.reference_parts_wepname_monsters (wepname_id, partseffect_id, monster_id, name, mate_num) VALUES (11, 24, 90, '火竜パーツ', 5);
INSERT INTO setohima$Guidance.reference_parts_wepname_monsters (wepname_id, partseffect_id, monster_id, name, mate_num) VALUES (11, 23, 72, '水妖鳥パーツ', 5);
INSERT INTO setohima$Guidance.reference_parts_wepname_monsters (wepname_id, partseffect_id, monster_id, name, mate_num) VALUES (11, 22, 70, '毒妖鳥パーツ', 5);
INSERT INTO setohima$Guidance.reference_parts_wepname_monsters (wepname_id, partseffect_id, monster_id, name, mate_num) VALUES (11, 19, 43, '黒轟竜パーツ', 5);
INSERT INTO setohima$Guidance.reference_parts_wepname_monsters (wepname_id, partseffect_id, monster_id, name, mate_num) VALUES (11, 17, 56, '飛毒竜パーツ', 5);
INSERT INTO setohima$Guidance.reference_parts_wepname_monsters (wepname_id, partseffect_id, monster_id, name, mate_num) VALUES (11, 15, 36, '眩鳥パーツ', 5);
INSERT INTO setohima$Guidance.reference_parts_wepname_monsters (wepname_id, partseffect_id, monster_id, name, mate_num) VALUES (11, 14, 35, '獄狼竜パーツ', 5);
INSERT INTO setohima$Guidance.reference_parts_wepname_monsters (wepname_id, partseffect_id, monster_id, name, mate_num) VALUES (11, 12, 62, '溟龍パーツ', 5);
INSERT INTO setohima$Guidance.reference_parts_wepname_monsters (wepname_id, partseffect_id, monster_id, name, mate_num) VALUES (11, 11, 60, '迅竜パーツ', 5);
INSERT INTO setohima$Guidance.reference_parts_wepname_monsters (wepname_id, partseffect_id, monster_id, name, mate_num) VALUES (11, 10, 17, '惨爪竜パーツ', 5);
INSERT INTO setohima$Guidance.reference_parts_wepname_monsters (wepname_id, partseffect_id, monster_id, name, mate_num) VALUES (11, 9, 54, '飛雷竜パーツ', 5);
INSERT INTO setohima$Guidance.reference_parts_wepname_monsters (wepname_id, partseffect_id, monster_id, name, mate_num) VALUES (11, 8, 25, '掻鳥パーツ', 5);
INSERT INTO setohima$Guidance.reference_parts_wepname_monsters (wepname_id, partseffect_id, monster_id, name, mate_num) VALUES (11, 7, 29, '滅尽龍パーツ改', 5);
INSERT INTO setohima$Guidance.reference_parts_wepname_monsters (wepname_id, partseffect_id, monster_id, name, mate_num) VALUES (11, 6, 31, '屍套龍パーツ改', 5);
INSERT INTO setohima$Guidance.reference_parts_wepname_monsters (wepname_id, partseffect_id, monster_id, name, mate_num) VALUES (11, 5, 28, '滅尽龍パーツ', 5);
INSERT INTO setohima$Guidance.reference_parts_wepname_monsters (wepname_id, partseffect_id, monster_id, name, mate_num) VALUES (11, 4, 41, '轟竜パーツ', 5);
INSERT INTO setohima$Guidance.reference_parts_wepname_monsters (wepname_id, partseffect_id, monster_id, name, mate_num) VALUES (11, 3, 37, '角竜パーツ', 5);
INSERT INTO setohima$Guidance.reference_parts_wepname_monsters (wepname_id, partseffect_id, monster_id, name, mate_num) VALUES (11, 2, 66, '浮眠竜パーツ', 5);
INSERT INTO setohima$Guidance.reference_parts_wepname_monsters (wepname_id, partseffect_id, monster_id, name, mate_num) VALUES (10, 26, 30, '屍套龍パーツ', 5);
INSERT INTO setohima$Guidance.reference_parts_wepname_monsters (wepname_id, partseffect_id, monster_id, name, mate_num) VALUES (10, 25, 39, '黒角竜パーツ', 5);
INSERT INTO setohima$Guidance.reference_parts_wepname_monsters (wepname_id, partseffect_id, monster_id, name, mate_num) VALUES (10, 24, 90, '火竜パーツ', 5);
INSERT INTO setohima$Guidance.reference_parts_wepname_monsters (wepname_id, partseffect_id, monster_id, name, mate_num) VALUES (10, 23, 54, '飛雷竜パーツ', 5);
INSERT INTO setohima$Guidance.reference_parts_wepname_monsters (wepname_id, partseffect_id, monster_id, name, mate_num) VALUES (10, 19, 43, '黒轟竜パーツ', 5);
INSERT INTO setohima$Guidance.reference_parts_wepname_monsters (wepname_id, partseffect_id, monster_id, name, mate_num) VALUES (10, 14, 35, '獄狼竜パーツ', 5);
INSERT INTO setohima$Guidance.reference_parts_wepname_monsters (wepname_id, partseffect_id, monster_id, name, mate_num) VALUES (10, 12, 62, '溟龍パーツ', 5);
INSERT INTO setohima$Guidance.reference_parts_wepname_monsters (wepname_id, partseffect_id, monster_id, name, mate_num) VALUES (10, 11, 60, '迅竜パーツ', 5);
INSERT INTO setohima$Guidance.reference_parts_wepname_monsters (wepname_id, partseffect_id, monster_id, name, mate_num) VALUES (10, 10, 17, '惨爪竜パーツ', 5);
INSERT INTO setohima$Guidance.reference_parts_wepname_monsters (wepname_id, partseffect_id, monster_id, name, mate_num) VALUES (10, 9, 56, '飛毒竜パーツ', 5);
INSERT INTO setohima$Guidance.reference_parts_wepname_monsters (wepname_id, partseffect_id, monster_id, name, mate_num) VALUES (10, 8, 51, '痺賊竜パーツ', 5);
INSERT INTO setohima$Guidance.reference_parts_wepname_monsters (wepname_id, partseffect_id, monster_id, name, mate_num) VALUES (10, 7, 29, '滅尽龍パーツ改', 5);
INSERT INTO setohima$Guidance.reference_parts_wepname_monsters (wepname_id, partseffect_id, monster_id, name, mate_num) VALUES (10, 6, 31, '屍套龍パーツ改', 5);
INSERT INTO setohima$Guidance.reference_parts_wepname_monsters (wepname_id, partseffect_id, monster_id, name, mate_num) VALUES (10, 5, 28, '滅尽龍パーツ', 5);
INSERT INTO setohima$Guidance.reference_parts_wepname_monsters (wepname_id, partseffect_id, monster_id, name, mate_num) VALUES (10, 4, 41, '轟竜パーツ', 5);
INSERT INTO setohima$Guidance.reference_parts_wepname_monsters (wepname_id, partseffect_id, monster_id, name, mate_num) VALUES (10, 3, 37, '角竜パーツ', 5);
INSERT INTO setohima$Guidance.reference_parts_wepname_monsters (wepname_id, partseffect_id, monster_id, name, mate_num) VALUES (10, 1, 52, '賊竜パーツ', 5);
INSERT INTO setohima$Guidance.reference_parts_wepname_monsters (wepname_id, partseffect_id, monster_id, name, mate_num) VALUES (9, 27, 27, '爆鱗竜パーツ改', 5);
INSERT INTO setohima$Guidance.reference_parts_wepname_monsters (wepname_id, partseffect_id, monster_id, name, mate_num) VALUES (9, 23, 72, '水妖鳥パーツ', 5);
INSERT INTO setohima$Guidance.reference_parts_wepname_monsters (wepname_id, partseffect_id, monster_id, name, mate_num) VALUES (9, 18, 47, '硫斬竜パーツ', 5);
INSERT INTO setohima$Guidance.reference_parts_wepname_monsters (wepname_id, partseffect_id, monster_id, name, mate_num) VALUES (9, 19, 43, '黒轟竜パーツ', 5);
INSERT INTO setohima$Guidance.reference_parts_wepname_monsters (wepname_id, partseffect_id, monster_id, name, mate_num) VALUES (9, 20, 16, '爆鎚竜パーツ', 5);
INSERT INTO setohima$Guidance.reference_parts_wepname_monsters (wepname_id, partseffect_id, monster_id, name, mate_num) VALUES (9, 22, 70, '毒妖鳥パーツ', 5);
INSERT INTO setohima$Guidance.reference_parts_wepname_monsters (wepname_id, partseffect_id, monster_id, name, mate_num) VALUES (9, 24, 96, '風漂竜パーツ', 5);
INSERT INTO setohima$Guidance.reference_parts_wepname_monsters (wepname_id, partseffect_id, monster_id, name, mate_num) VALUES (9, 25, 32, '雷狼竜パーツ', 5);
INSERT INTO setohima$Guidance.reference_parts_wepname_monsters (wepname_id, partseffect_id, monster_id, name, mate_num) VALUES (9, 17, 45, '斬竜パーツ', 5);
INSERT INTO setohima$Guidance.reference_parts_wepname_monsters (wepname_id, partseffect_id, monster_id, name, mate_num) VALUES (9, 16, 68, '猛牛竜パーツ', 5);
INSERT INTO setohima$Guidance.reference_parts_wepname_monsters (wepname_id, partseffect_id, monster_id, name, mate_num) VALUES (9, 15, 78, '土砂竜パーツ', 5);
INSERT INTO setohima$Guidance.reference_parts_wepname_monsters (wepname_id, partseffect_id, monster_id, name, mate_num) VALUES (9, 9, 66, '浮眠竜パーツ', 5);
INSERT INTO setohima$Guidance.reference_parts_wepname_monsters (wepname_id, partseffect_id, monster_id, name, mate_num) VALUES (9, 10, 90, '火竜パーツ', 5);
INSERT INTO setohima$Guidance.reference_parts_wepname_monsters (wepname_id, partseffect_id, monster_id, name, mate_num) VALUES (9, 11, 11, '黒狼鳥パーツ', 5);
INSERT INTO setohima$Guidance.reference_parts_wepname_monsters (wepname_id, partseffect_id, monster_id, name, mate_num) VALUES (9, 12, 30, '屍套龍パーツ', 5);
INSERT INTO setohima$Guidance.reference_parts_wepname_monsters (wepname_id, partseffect_id, monster_id, name, mate_num) VALUES (9, 13, 31, '屍套龍パーツ改', 5);
INSERT INTO setohima$Guidance.reference_parts_wepname_monsters (wepname_id, partseffect_id, monster_id, name, mate_num) VALUES (9, 14, 35, '獄狼竜パーツ', 5);
INSERT INTO setohima$Guidance.reference_parts_wepname_monsters (wepname_id, partseffect_id, monster_id, name, mate_num) VALUES (9, 8, 64, '浮空竜パーツ', 5);
INSERT INTO setohima$Guidance.reference_parts_wepname_monsters (wepname_id, partseffect_id, monster_id, name, mate_num) VALUES (9, 7, 29, '滅尽龍パーツ改', 5);
INSERT INTO setohima$Guidance.reference_parts_wepname_monsters (wepname_id, partseffect_id, monster_id, name, mate_num) VALUES (9, 6, 75, '砕竜パーツ', 5);
INSERT INTO setohima$Guidance.reference_parts_wepname_monsters (wepname_id, partseffect_id, monster_id, name, mate_num) VALUES (9, 5, 28, '滅尽龍パーツ', 5);
INSERT INTO setohima$Guidance.reference_parts_wepname_monsters (wepname_id, partseffect_id, monster_id, name, mate_num) VALUES (9, 4, 92, '蒼火竜パーツ', 5);
INSERT INTO setohima$Guidance.reference_parts_wepname_monsters (wepname_id, partseffect_id, monster_id, name, mate_num) VALUES (9, 3, 41, '轟竜パーツ', 5);
INSERT INTO setohima$Guidance.reference_parts_wepname_monsters (wepname_id, partseffect_id, monster_id, name, mate_num) VALUES (9, 2, 37, '角竜パーツ', 5);
INSERT INTO setohima$Guidance.reference_parts_wepname_monsters (wepname_id, partseffect_id, monster_id, name, mate_num) VALUES (9, 1, 52, '賊竜パーツ', 5);
INSERT INTO setohima$Guidance.reference_parts_wepname_monsters (wepname_id, partseffect_id, monster_id, name, mate_num) VALUES (8, 27, 27, '爆鱗竜パーツ改', 5);
INSERT INTO setohima$Guidance.reference_parts_wepname_monsters (wepname_id, partseffect_id, monster_id, name, mate_num) VALUES (8, 25, 3, '雷顎竜パーツ', 5);
INSERT INTO setohima$Guidance.reference_parts_wepname_monsters (wepname_id, partseffect_id, monster_id, name, mate_num) VALUES (8, 24, 96, '風漂竜パーツ', 5);
INSERT INTO setohima$Guidance.reference_parts_wepname_monsters (wepname_id, partseffect_id, monster_id, name, mate_num) VALUES (8, 23, 1, '蛮顎竜パーツ', 5);
INSERT INTO setohima$Guidance.reference_parts_wepname_monsters (wepname_id, partseffect_id, monster_id, name, mate_num) VALUES (8, 18, 45, '斬竜パーツ', 5);
INSERT INTO setohima$Guidance.reference_parts_wepname_monsters (wepname_id, partseffect_id, monster_id, name, mate_num) VALUES (8, 15, 78, '土砂竜パーツ', 5);
INSERT INTO setohima$Guidance.reference_parts_wepname_monsters (wepname_id, partseffect_id, monster_id, name, mate_num) VALUES (8, 14, 10, '風漂竜パーツ改', 5);
INSERT INTO setohima$Guidance.reference_parts_wepname_monsters (wepname_id, partseffect_id, monster_id, name, mate_num) VALUES (8, 13, 31, '屍套龍パーツ改', 5);
INSERT INTO setohima$Guidance.reference_parts_wepname_monsters (wepname_id, partseffect_id, monster_id, name, mate_num) VALUES (8, 5, 28, '滅尽龍パーツ', 5);
INSERT INTO setohima$Guidance.reference_parts_wepname_monsters (wepname_id, partseffect_id, monster_id, name, mate_num) VALUES (8, 6, 75, '砕竜パーツ', 5);
INSERT INTO setohima$Guidance.reference_parts_wepname_monsters (wepname_id, partseffect_id, monster_id, name, mate_num) VALUES (8, 7, 29, '滅尽龍パーツ改', 5);
INSERT INTO setohima$Guidance.reference_parts_wepname_monsters (wepname_id, partseffect_id, monster_id, name, mate_num) VALUES (8, 8, 51, '痺賊竜パーツ', 5);
INSERT INTO setohima$Guidance.reference_parts_wepname_monsters (wepname_id, partseffect_id, monster_id, name, mate_num) VALUES (8, 9, 54, '飛雷竜パーツ', 5);
INSERT INTO setohima$Guidance.reference_parts_wepname_monsters (wepname_id, partseffect_id, monster_id, name, mate_num) VALUES (8, 10, 60, '迅竜パーツ', 5);
INSERT INTO setohima$Guidance.reference_parts_wepname_monsters (wepname_id, partseffect_id, monster_id, name, mate_num) VALUES (8, 11, 11, '黒狼鳥パーツ', 5);
INSERT INTO setohima$Guidance.reference_parts_wepname_monsters (wepname_id, partseffect_id, monster_id, name, mate_num) VALUES (8, 12, 30, '屍套龍パーツ', 5);
INSERT INTO setohima$Guidance.reference_parts_wepname_monsters (wepname_id, partseffect_id, monster_id, name, mate_num) VALUES (8, 4, 47, '硫斬竜パーツ', 5);
INSERT INTO setohima$Guidance.reference_parts_wepname_monsters (wepname_id, partseffect_id, monster_id, name, mate_num) VALUES (8, 3, 90, '火竜パーツ', 5);
INSERT INTO setohima$Guidance.reference_parts_wepname_monsters (wepname_id, partseffect_id, monster_id, name, mate_num) VALUES (8, 2, 68, '猛牛竜パーツ', 5);
INSERT INTO setohima$Guidance.reference_parts_wepname_monsters (wepname_id, partseffect_id, monster_id, name, mate_num) VALUES (8, 1, 52, '賊竜パーツ', 5);
INSERT INTO setohima$Guidance.reference_parts_wepname_monsters (wepname_id, partseffect_id, monster_id, name, mate_num) VALUES (7, 28, 35, '獄狼竜パーツ', 5);
INSERT INTO setohima$Guidance.reference_parts_wepname_monsters (wepname_id, partseffect_id, monster_id, name, mate_num) VALUES (7, 25, 32, '雷狼竜パーツ', 5);
INSERT INTO setohima$Guidance.reference_parts_wepname_monsters (wepname_id, partseffect_id, monster_id, name, mate_num) VALUES (7, 26, 30, '屍套龍パーツ', 5);
INSERT INTO setohima$Guidance.reference_parts_wepname_monsters (wepname_id, partseffect_id, monster_id, name, mate_num) VALUES (7, 24, 96, '風漂竜パーツ', 5);
INSERT INTO setohima$Guidance.reference_parts_wepname_monsters (wepname_id, partseffect_id, monster_id, name, mate_num) VALUES (7, 23, 72, '水妖鳥パーツ', 5);
INSERT INTO setohima$Guidance.reference_parts_wepname_monsters (wepname_id, partseffect_id, monster_id, name, mate_num) VALUES (7, 22, 70, '毒妖鳥パーツ', 5);
INSERT INTO setohima$Guidance.reference_parts_wepname_monsters (wepname_id, partseffect_id, monster_id, name, mate_num) VALUES (7, 21, 10, '風漂竜パーツ改', 5);
INSERT INTO setohima$Guidance.reference_parts_wepname_monsters (wepname_id, partseffect_id, monster_id, name, mate_num) VALUES (7, 14, 77, '氷牙竜パーツ', 5);


--
-- Data for Name: weapons_upgrade; Type: TABLE DATA; Schema: setohima$Guidance; Owner: -
--

INSERT INTO setohima$Guidance.weapons_upgrade (id, name) VALUES (1, 'デフォルト');
INSERT INTO setohima$Guidance.weapons_upgrade (id, name) VALUES (2, '1段階強化');
INSERT INTO setohima$Guidance.weapons_upgrade (id, name) VALUES (3, '2段階強化');
INSERT INTO setohima$Guidance.weapons_upgrade (id, name) VALUES (4, '3段階強化');


--
-- Data for Name: reference_upgrade_materials; Type: TABLE DATA; Schema: setohima$Guidance; Owner: -
--

INSERT INTO setohima$Guidance.reference_upgrade_materials (id_upgrade, id_monsters, id_rare, mate_num) VALUES (1, 0, 3, 0);
INSERT INTO setohima$Guidance.reference_upgrade_materials (id_upgrade, id_monsters, id_rare, mate_num) VALUES (1, 0, 2, 0);
INSERT INTO setohima$Guidance.reference_upgrade_materials (id_upgrade, id_monsters, id_rare, mate_num) VALUES (1, 0, 1, 0);
INSERT INTO setohima$Guidance.reference_upgrade_materials (id_upgrade, id_monsters, id_rare, mate_num) VALUES (4, 29, 3, 5);
INSERT INTO setohima$Guidance.reference_upgrade_materials (id_upgrade, id_monsters, id_rare, mate_num) VALUES (4, 35, 3, 5);
INSERT INTO setohima$Guidance.reference_upgrade_materials (id_upgrade, id_monsters, id_rare, mate_num) VALUES (3, 81, 3, 5);
INSERT INTO setohima$Guidance.reference_upgrade_materials (id_upgrade, id_monsters, id_rare, mate_num) VALUES (2, 28, 3, 5);
INSERT INTO setohima$Guidance.reference_upgrade_materials (id_upgrade, id_monsters, id_rare, mate_num) VALUES (4, 10, 2, 4);
INSERT INTO setohima$Guidance.reference_upgrade_materials (id_upgrade, id_monsters, id_rare, mate_num) VALUES (4, 29, 2, 4);
INSERT INTO setohima$Guidance.reference_upgrade_materials (id_upgrade, id_monsters, id_rare, mate_num) VALUES (3, 81, 2, 4);
INSERT INTO setohima$Guidance.reference_upgrade_materials (id_upgrade, id_monsters, id_rare, mate_num) VALUES (2, 6, 2, 3);
INSERT INTO setohima$Guidance.reference_upgrade_materials (id_upgrade, id_monsters, id_rare, mate_num) VALUES (4, 77, 1, 3);
INSERT INTO setohima$Guidance.reference_upgrade_materials (id_upgrade, id_monsters, id_rare, mate_num) VALUES (4, 29, 1, 3);
INSERT INTO setohima$Guidance.reference_upgrade_materials (id_upgrade, id_monsters, id_rare, mate_num) VALUES (3, 81, 1, 3);
INSERT INTO setohima$Guidance.reference_upgrade_materials (id_upgrade, id_monsters, id_rare, mate_num) VALUES (2, 69, 1, 3);


--
-- Data for Name: reference_weapons_frame; Type: TABLE DATA; Schema: setohima$Guidance; Owner: -
--

INSERT INTO setohima$Guidance.reference_weapons_frame (id_rare, id_upgrade, frame_nums) VALUES (1, 1, 5);
INSERT INTO setohima$Guidance.reference_weapons_frame (id_rare, id_upgrade, frame_nums) VALUES (1, 2, 7);
INSERT INTO setohima$Guidance.reference_weapons_frame (id_rare, id_upgrade, frame_nums) VALUES (1, 3, 9);
INSERT INTO setohima$Guidance.reference_weapons_frame (id_rare, id_upgrade, frame_nums) VALUES (1, 4, 10);
INSERT INTO setohima$Guidance.reference_weapons_frame (id_rare, id_upgrade, frame_nums) VALUES (2, 1, 4);
INSERT INTO setohima$Guidance.reference_weapons_frame (id_rare, id_upgrade, frame_nums) VALUES (2, 2, 5);
INSERT INTO setohima$Guidance.reference_weapons_frame (id_rare, id_upgrade, frame_nums) VALUES (2, 3, 6);
INSERT INTO setohima$Guidance.reference_weapons_frame (id_rare, id_upgrade, frame_nums) VALUES (2, 4, 8);
INSERT INTO setohima$Guidance.reference_weapons_frame (id_rare, id_upgrade, frame_nums) VALUES (3, 1, 3);
INSERT INTO setohima$Guidance.reference_weapons_frame (id_rare, id_upgrade, frame_nums) VALUES (3, 2, 4);
INSERT INTO setohima$Guidance.reference_weapons_frame (id_rare, id_upgrade, frame_nums) VALUES (3, 3, 5);
INSERT INTO setohima$Guidance.reference_weapons_frame (id_rare, id_upgrade, frame_nums) VALUES (3, 4, 6);


--
-- PostgreSQL database dump complete
--

